arm,cohort,aligner,reference,sample,n_solutions,raw_major,cleaned,normalised,gold,gold_norm,comparison
cohort1,cohort1,BWA-MEM,HG00673,HG00438,1,*36.ALDY+*10/*36.ALDY+*71,*36+*10/*36+*71,*10+*36/*36+*71,*10+*36+*36/*71,*10+*36+*36/*71,discordant
cohort1,cohort1,BWA-MEM,HG00673,HG00621,1,*5/*49,*5/*49,*5/*49,*5/*49,*5/*49,concordant
cohort1,cohort1,BWA-MEM,HG00673,HG00733,1,*41/*68+*4.021,*41/*68+*4,*4+*68/*41,*41/*4+*68,*4+*68/*41,concordant
cohort1,cohort1,BWA-MEM,HG00673,HG00735,1,*1/*4,*1/*4,*1/*4,*4/*1,*1/*4,concordant
cohort1,cohort1,BWA-MEM,HG00673,HG00741,1,*1/*2,*1/*2,*1/*2,*2/*1,*1/*2,concordant
cohort1,cohort1,BWA-MEM,HG00673,HG01071,1,*4/*41,*4/*41,*4/*41,*41/*4,*4/*41,concordant
cohort1,cohort1,BWA-MEM,HG00673,HG01106,1,*4.028/*35,*4/*35,*4/*35,*35/*4,*4/*35,concordant
cohort1,cohort1,BWA-MEM,HG00673,HG01109,1,*41/*106,*41/*106,*41/*106,*106/*41,*41/*106,concordant
cohort1,cohort1,BWA-MEM,HG00673,HG01175,1,*41/*41,*41/*41,*41/*41,*41/*41,*41/*41,concordant
cohort1,cohort1,BWA-MEM,HG00673,HG01243,1,*1/*5,*1/*5,*1/*5,*5/*1,*1/*5,concordant
cohort1,cohort1,BWA-MEM,HG00673,HG01258,1,*65+*68:2/*68+*4.021,*65+*68/*68+*4,*4+*68/*65+*68,*2/*4+*68+*68,*2/*4+*68+*68,discordant
cohort1,cohort1,BWA-MEM,HG00673,HG01358,1,*1/*1,*1/*1,*1/*1,*1/*1,*1/*1,concordant
cohort1,cohort1,BWA-MEM,HG00673,HG01361,1,*1/*4.028,*1/*4,*1/*4,*1/*4,*1/*4,concordant
cohort1,cohort1,BWA-MEM,HG00673,HG01891,1,*5/*29,*5/*29,*5/*29,*29/*5,*5/*29,concordant
cohort1,cohort1,BWA-MEM,HG00673,HG01928,1,*1/*1,*1/*1,*1/*1,*1/*1,*1/*1,concordant
cohort1,cohort1,BWA-MEM,HG00673,HG01952,1,*1/*4.028,*1/*4,*1/*4,*1/*4,*1/*4,concordant
cohort1,cohort1,BWA-MEM,HG00673,HG01978,1,*1/*1,*1/*1,*1/*1,*1/*1,*1/*1,concordant
cohort1,cohort1,BWA-MEM,HG00673,HG02055,1,*1/*1,*1/*1,*1/*1,*1/*1,*1/*1,concordant
cohort1,cohort1,BWA-MEM,HG00673,HG02080,1,*2/*10,*2/*10,*2/*10,*10/*2,*2/*10,concordant
cohort1,cohort1,BWA-MEM,HG00673,HG02109,1,*45/*122+rs61737946,*45/*122,*45/*122,*45/*1,*1/*45,discordant
cohort1,cohort1,BWA-MEM,HG00673,HG02145,1,*5/*84,*5/*84,*5/*84,*5/*84,*5/*84,concordant
cohort1,cohort1,BWA-MEM,HG00673,HG02148,1,*1/*2,*1/*2,*1/*2,*1/*2,*1/*2,concordant
cohort1,cohort1,BWA-MEM,HG00673,HG02257,1,*2/*35,*2/*35,*2/*35,*35/*2,*2/*35,concordant
cohort1,cohort1,BWA-MEM,HG00673,HG02572,1,*1/*152,*1/*152,*1/*152,*1/*152,*1/*152,concordant
cohort1,cohort1,BWA-MEM,HG00673,HG02622,1,*17+rs61737946+rs61745683/*46,*17/*46,*17/*46,*46/*17,*17/*46,concordant
cohort1,cohort1,BWA-MEM,HG00673,HG02630,1,*1/*46,*1/*46,*1/*46,*1/*46,*1/*46,concordant
cohort1,cohort1,BWA-MEM,HG00673,HG02717,1,*1/*1,*1/*1,*1/*1,*1/*1,*1/*1,concordant
cohort1,cohort1,BWA-MEM,HG00673,HG02723,1,*2/*17+rs61737946+rs61745683,*2/*17,*2/*17,*2/*17,*2/*17,concordant
cohort1,cohort1,BWA-MEM,HG00673,HG02818,1,*1/*2,*1/*2,*1/*2,*2/*1,*1/*2,concordant
cohort1,cohort1,BWA-MEM,HG00673,HG02886,1,*1/*4,*1/*4,*1/*4,*4/*1,*1/*4,concordant
cohort1,cohort1,BWA-MEM,HG00673,HG03098,1,*2/*29,*2/*29,*2/*29,*2/*29,*2/*29,concordant
cohort1,cohort1,BWA-MEM,HG00673,HG03453,1,*1/*29,*1/*29,*1/*29,*29/*1,*1/*29,concordant
cohort1,cohort1,BWA-MEM,HG00673,HG03486,1,*1/*17,*1/*17,*1/*17,*1/*17,*1/*17,concordant
cohort1,cohort1,BWA-MEM,HG00673,HG03492,1,*2/*41,*2/*41,*2/*41,*2/*41,*2/*41,concordant
cohort1,cohort1,BWA-MEM,HG00673,HG03516,1,*2+rs61737946+rs61745683/*17,*2/*17,*2/*17,*17/*2,*2/*17,concordant
cohort1,cohort1,BWA-MEM,HG00673,HG03540,1,*2+*2+rs61737946/*17+rs61745683,*2+*2/*17,*2+*2/*17,*17/*2+*2,*2+*2/*17,concordant
cohort1,cohort1,BWA-MEM,HG00673,HG03579,1,*1/*2,*1/*2,*1/*2,*2/*1,*1/*2,concordant
cohort1,cohort1,BWA-MEM,HG00673,NA18906,1,*17+rs61737946+rs61745683/*125,*17/*125,*17/*125,*17/*125,*17/*125,concordant
cohort1,cohort1,BWA-MEM,HG00673,NA19240,1,*15/*17,*15/*17,*15/*17,*17/*15,*15/*17,concordant
cohort1,cohort1,BWA-MEM,HG00673,NA20129,1,*4C/*4C,*4/*4,*4/*4,*5/*4+*4,*4+*4/*5,discordant
cohort1,cohort1,BWA-MEM,HG00673,NA21309,1,*5/*29,*5/*29,*5/*29,*29/*5,*5/*29,concordant
cohort1,cohort1,BWA-MEM,HG00673,NA24385,1,*2/*4,*2/*4,*2/*4,*2/*4,*2/*4,concordant
cohort1,cohort1,BWA-MEM,HG00673,NA24631,1,*36.ALDY+*10/*49,*36+*10/*49,*10+*36/*49,*49/*10+*36,*10+*36/*49,concordant
cohort1,cohort1,BWA-MEM,HG00735,HG00438,1,*36.ALDY+*10/*36.ALDY+*71,*36+*10/*36+*71,*10+*36/*36+*71,*10+*36+*36/*71,*10+*36+*36/*71,discordant
cohort1,cohort1,BWA-MEM,HG00735,HG00621,1,*5/*49,*5/*49,*5/*49,*5/*49,*5/*49,concordant
cohort1,cohort1,BWA-MEM,HG00735,HG00673,1,*1/*10,*1/*10,*1/*10,*1/*10,*1/*10,concordant
cohort1,cohort1,BWA-MEM,HG00735,HG00733,1,*41/*68+*4.021,*41/*68+*4,*4+*68/*41,*41/*4+*68,*4+*68/*41,concordant
cohort1,cohort1,BWA-MEM,HG00735,HG00741,1,*1/*2,*1/*2,*1/*2,*2/*1,*1/*2,concordant
cohort1,cohort1,BWA-MEM,HG00735,HG01071,1,*4/*41,*4/*41,*4/*41,*41/*4,*4/*41,concordant
cohort1,cohort1,BWA-MEM,HG00735,HG01106,1,*4.028/*35,*4/*35,*4/*35,*35/*4,*4/*35,concordant
cohort1,cohort1,BWA-MEM,HG00735,HG01109,1,*41/*106,*41/*106,*41/*106,*106/*41,*41/*106,concordant
cohort1,cohort1,BWA-MEM,HG00735,HG01175,1,*41/*41,*41/*41,*41/*41,*41/*41,*41/*41,concordant
cohort1,cohort1,BWA-MEM,HG00735,HG01243,1,*1/*5,*1/*5,*1/*5,*5/*1,*1/*5,concordant
cohort1,cohort1,BWA-MEM,HG00735,HG01258,1,*2/*68+*4.021,*2/*68+*4,*2/*4+*68,*2/*4+*68+*68,*2/*4+*68+*68,discordant
cohort1,cohort1,BWA-MEM,HG00735,HG01358,1,*1/*1,*1/*1,*1/*1,*1/*1,*1/*1,concordant
cohort1,cohort1,BWA-MEM,HG00735,HG01361,1,*1/*4.028,*1/*4,*1/*4,*1/*4,*1/*4,concordant
cohort1,cohort1,BWA-MEM,HG00735,HG01891,1,*5/*29,*5/*29,*5/*29,*29/*5,*5/*29,concordant
cohort1,cohort1,BWA-MEM,HG00735,HG01928,1,*1/*1,*1/*1,*1/*1,*1/*1,*1/*1,concordant
cohort1,cohort1,BWA-MEM,HG00735,HG01952,1,*1/*4.028,*1/*4,*1/*4,*1/*4,*1/*4,concordant
cohort1,cohort1,BWA-MEM,HG00735,HG01978,1,*1/*1,*1/*1,*1/*1,*1/*1,*1/*1,concordant
cohort1,cohort1,BWA-MEM,HG00735,HG02055,1,*1/*1,*1/*1,*1/*1,*1/*1,*1/*1,concordant
cohort1,cohort1,BWA-MEM,HG00735,HG02080,1,*2/*10,*2/*10,*2/*10,*10/*2,*2/*10,concordant
cohort1,cohort1,BWA-MEM,HG00735,HG02109,1,*45/*122+rs61737946,*45/*122,*45/*122,*45/*1,*1/*45,discordant
cohort1,cohort1,BWA-MEM,HG00735,HG02145,1,*5/*84,*5/*84,*5/*84,*5/*84,*5/*84,concordant
cohort1,cohort1,BWA-MEM,HG00735,HG02148,1,*1/*2,*1/*2,*1/*2,*1/*2,*1/*2,concordant
cohort1,cohort1,BWA-MEM,HG00735,HG02257,1,*2/*35,*2/*35,*2/*35,*35/*2,*2/*35,concordant
cohort1,cohort1,BWA-MEM,HG00735,HG02572,1,*1/*152,*1/*152,*1/*152,*1/*152,*1/*152,concordant
cohort1,cohort1,BWA-MEM,HG00735,HG02622,1,*17+rs61737946+rs61745683/*46,*17/*46,*17/*46,*46/*17,*17/*46,concordant
cohort1,cohort1,BWA-MEM,HG00735,HG02630,1,*1/*46,*1/*46,*1/*46,*1/*46,*1/*46,concordant
cohort1,cohort1,BWA-MEM,HG00735,HG02717,1,*1/*1,*1/*1,*1/*1,*1/*1,*1/*1,concordant
cohort1,cohort1,BWA-MEM,HG00735,HG02723,1,*2/*17+rs61737946+rs61745683,*2/*17,*2/*17,*2/*17,*2/*17,concordant
cohort1,cohort1,BWA-MEM,HG00735,HG02818,1,*1/*2,*1/*2,*1/*2,*2/*1,*1/*2,concordant
cohort1,cohort1,BWA-MEM,HG00735,HG02886,1,*1/*4,*1/*4,*1/*4,*4/*1,*1/*4,concordant
cohort1,cohort1,BWA-MEM,HG00735,HG03098,1,*2/*29,*2/*29,*2/*29,*2/*29,*2/*29,concordant
cohort1,cohort1,BWA-MEM,HG00735,HG03453,1,*1/*29,*1/*29,*1/*29,*29/*1,*1/*29,concordant
cohort1,cohort1,BWA-MEM,HG00735,HG03486,1,*1/*17,*1/*17,*1/*17,*1/*17,*1/*17,concordant
cohort1,cohort1,BWA-MEM,HG00735,HG03492,1,*2/*41,*2/*41,*2/*41,*2/*41,*2/*41,concordant
cohort1,cohort1,BWA-MEM,HG00735,HG03516,1,*2+rs61737946+rs61745683/*17,*2/*17,*2/*17,*17/*2,*2/*17,concordant
cohort1,cohort1,BWA-MEM,HG00735,HG03540,1,*2+*2+rs61737946/*17+rs61745683,*2+*2/*17,*2+*2/*17,*17/*2+*2,*2+*2/*17,concordant
cohort1,cohort1,BWA-MEM,HG00735,HG03579,1,*1/*2,*1/*2,*1/*2,*2/*1,*1/*2,concordant
cohort1,cohort1,BWA-MEM,HG00735,NA18906,1,*17+rs61737946+rs61745683/*125,*17/*125,*17/*125,*17/*125,*17/*125,concordant
cohort1,cohort1,BWA-MEM,HG00735,NA19240,1,*15/*17,*15/*17,*15/*17,*17/*15,*15/*17,concordant
cohort1,cohort1,BWA-MEM,HG00735,NA20129,1,*4C/*4C,*4/*4,*4/*4,*5/*4+*4,*4+*4/*5,discordant
cohort1,cohort1,BWA-MEM,HG00735,NA21309,1,*5/*29,*5/*29,*5/*29,*29/*5,*5/*29,concordant
cohort1,cohort1,BWA-MEM,HG00735,NA24385,1,*2/*4,*2/*4,*2/*4,*2/*4,*2/*4,concordant
cohort1,cohort1,BWA-MEM,HG00735,NA24631,1,*36.ALDY+*10/*49,*36+*10/*49,*10+*36/*49,*49/*10+*36,*10+*36/*49,concordant
cohort1,cohort1,BWA-MEM,HG00741,HG00438,1,*36.ALDY+*10/*36.ALDY+*71,*36+*10/*36+*71,*10+*36/*36+*71,*10+*36+*36/*71,*10+*36+*36/*71,discordant
cohort1,cohort1,BWA-MEM,HG00741,HG00621,1,*5/*49,*5/*49,*5/*49,*5/*49,*5/*49,concordant
cohort1,cohort1,BWA-MEM,HG00741,HG00673,1,*1/*10,*1/*10,*1/*10,*1/*10,*1/*10,concordant
cohort1,cohort1,BWA-MEM,HG00741,HG00733,1,*41/*68+*4.021,*41/*68+*4,*4+*68/*41,*41/*4+*68,*4+*68/*41,concordant
cohort1,cohort1,BWA-MEM,HG00741,HG00735,1,*1/*4,*1/*4,*1/*4,*4/*1,*1/*4,concordant
cohort1,cohort1,BWA-MEM,HG00741,HG01071,1,*4/*41,*4/*41,*4/*41,*41/*4,*4/*41,concordant
cohort1,cohort1,BWA-MEM,HG00741,HG01106,1,*4.028/*35,*4/*35,*4/*35,*35/*4,*4/*35,concordant
cohort1,cohort1,BWA-MEM,HG00741,HG01109,1,*41/*106,*41/*106,*41/*106,*106/*41,*41/*106,concordant
cohort1,cohort1,BWA-MEM,HG00741,HG01175,1,*41/*41,*41/*41,*41/*41,*41/*41,*41/*41,concordant
cohort1,cohort1,BWA-MEM,HG00741,HG01243,1,*1/*5,*1/*5,*1/*5,*5/*1,*1/*5,concordant
cohort1,cohort1,BWA-MEM,HG00741,HG01258,1,*65+*68:2/*68+*4.021,*65+*68/*68+*4,*4+*68/*65+*68,*2/*4+*68+*68,*2/*4+*68+*68,discordant
cohort1,cohort1,BWA-MEM,HG00741,HG01358,1,*1/*1,*1/*1,*1/*1,*1/*1,*1/*1,concordant
cohort1,cohort1,BWA-MEM,HG00741,HG01361,1,*1/*4.028,*1/*4,*1/*4,*1/*4,*1/*4,concordant
cohort1,cohort1,BWA-MEM,HG00741,HG01891,1,*5/*29,*5/*29,*5/*29,*29/*5,*5/*29,concordant
cohort1,cohort1,BWA-MEM,HG00741,HG01928,1,*1/*1,*1/*1,*1/*1,*1/*1,*1/*1,concordant
cohort1,cohort1,BWA-MEM,HG00741,HG01952,1,*1/*4.028,*1/*4,*1/*4,*1/*4,*1/*4,concordant
cohort1,cohort1,BWA-MEM,HG00741,HG01978,1,*1/*1,*1/*1,*1/*1,*1/*1,*1/*1,concordant
cohort1,cohort1,BWA-MEM,HG00741,HG02055,1,*1/*1,*1/*1,*1/*1,*1/*1,*1/*1,concordant
cohort1,cohort1,BWA-MEM,HG00741,HG02080,1,*2/*10,*2/*10,*2/*10,*10/*2,*2/*10,concordant
cohort1,cohort1,BWA-MEM,HG00741,HG02109,1,*45/*122+rs61737946,*45/*122,*45/*122,*45/*1,*1/*45,discordant
cohort1,cohort1,BWA-MEM,HG00741,HG02145,1,*5/*84,*5/*84,*5/*84,*5/*84,*5/*84,concordant
cohort1,cohort1,BWA-MEM,HG00741,HG02148,1,*1/*2,*1/*2,*1/*2,*1/*2,*1/*2,concordant
cohort1,cohort1,BWA-MEM,HG00741,HG02257,1,*2/*35,*2/*35,*2/*35,*35/*2,*2/*35,concordant
cohort1,cohort1,BWA-MEM,HG00741,HG02572,1,*1/*152,*1/*152,*1/*152,*1/*152,*1/*152,concordant
cohort1,cohort1,BWA-MEM,HG00741,HG02622,1,*17+rs61737946+rs61745683/*46,*17/*46,*17/*46,*46/*17,*17/*46,concordant
cohort1,cohort1,BWA-MEM,HG00741,HG02630,1,*1/*46,*1/*46,*1/*46,*1/*46,*1/*46,concordant
cohort1,cohort1,BWA-MEM,HG00741,HG02717,1,*1/*1,*1/*1,*1/*1,*1/*1,*1/*1,concordant
cohort1,cohort1,BWA-MEM,HG00741,HG02723,1,*2/*17+rs61737946+rs61745683,*2/*17,*2/*17,*2/*17,*2/*17,concordant
cohort1,cohort1,BWA-MEM,HG00741,HG02818,1,*1/*2,*1/*2,*1/*2,*2/*1,*1/*2,concordant
cohort1,cohort1,BWA-MEM,HG00741,HG02886,1,*1/*4,*1/*4,*1/*4,*4/*1,*1/*4,concordant
cohort1,cohort1,BWA-MEM,HG00741,HG03098,1,*2/*29,*2/*29,*2/*29,*2/*29,*2/*29,concordant
cohort1,cohort1,BWA-MEM,HG00741,HG03453,1,*1/*29,*1/*29,*1/*29,*29/*1,*1/*29,concordant
cohort1,cohort1,BWA-MEM,HG00741,HG03486,1,*1/*17,*1/*17,*1/*17,*1/*17,*1/*17,concordant
cohort1,cohort1,BWA-MEM,HG00741,HG03492,1,*2/*41,*2/*41,*2/*41,*2/*41,*2/*41,concordant
cohort1,cohort1,BWA-MEM,HG00741,HG03516,1,*2+rs61737946+rs61745683/*17,*2/*17,*2/*17,*17/*2,*2/*17,concordant
cohort1,cohort1,BWA-MEM,HG00741,HG03540,1,*2+*2+rs61745683/*17+rs61737946,*2+*2/*17,*2+*2/*17,*17/*2+*2,*2+*2/*17,concordant
cohort1,cohort1,BWA-MEM,HG00741,HG03579,1,*1/*2,*1/*2,*1/*2,*2/*1,*1/*2,concordant
cohort1,cohort1,BWA-MEM,HG00741,NA18906,1,*17+rs61737946+rs61745683/*125,*17/*125,*17/*125,*17/*125,*17/*125,concordant
cohort1,cohort1,BWA-MEM,HG00741,NA19240,1,*15/*17,*15/*17,*15/*17,*17/*15,*15/*17,concordant
cohort1,cohort1,BWA-MEM,HG00741,NA20129,1,*4C/*4C,*4/*4,*4/*4,*5/*4+*4,*4+*4/*5,discordant
cohort1,cohort1,BWA-MEM,HG00741,NA21309,1,*5/*29,*5/*29,*5/*29,*29/*5,*5/*29,concordant
cohort1,cohort1,BWA-MEM,HG00741,NA24385,1,*2/*4,*2/*4,*2/*4,*2/*4,*2/*4,concordant
cohort1,cohort1,BWA-MEM,HG00741,NA24631,1,*36.ALDY+*10/*49,*36+*10/*49,*10+*36/*49,*49/*10+*36,*10+*36/*49,concordant
cohort1,cohort1,BWA-MEM,HG01071,HG00438,1,*36.ALDY+*10/*36.ALDY+*71,*36+*10/*36+*71,*10+*36/*36+*71,*10+*36+*36/*71,*10+*36+*36/*71,discordant
cohort1,cohort1,BWA-MEM,HG01071,HG00621,1,*5/*49,*5/*49,*5/*49,*5/*49,*5/*49,concordant
cohort1,cohort1,BWA-MEM,HG01071,HG00673,1,*1/*10,*1/*10,*1/*10,*1/*10,*1/*10,concordant
cohort1,cohort1,BWA-MEM,HG01071,HG00733,1,*41/*68+*4.021,*41/*68+*4,*4+*68/*41,*41/*4+*68,*4+*68/*41,concordant
cohort1,cohort1,BWA-MEM,HG01071,HG00735,1,*1/*4,*1/*4,*1/*4,*4/*1,*1/*4,concordant
cohort1,cohort1,BWA-MEM,HG01071,HG00741,1,*1/*2,*1/*2,*1/*2,*2/*1,*1/*2,concordant
cohort1,cohort1,BWA-MEM,HG01071,HG01106,1,*4.028/*35,*4/*35,*4/*35,*35/*4,*4/*35,concordant
cohort1,cohort1,BWA-MEM,HG01071,HG01109,1,*41/*106,*41/*106,*41/*106,*106/*41,*41/*106,concordant
cohort1,cohort1,BWA-MEM,HG01071,HG01175,1,*41/*41,*41/*41,*41/*41,*41/*41,*41/*41,concordant
cohort1,cohort1,BWA-MEM,HG01071,HG01243,1,*1/*5,*1/*5,*1/*5,*5/*1,*1/*5,concordant
cohort1,cohort1,BWA-MEM,HG01071,HG01258,1,*65+*68:2/*68+*4.021,*65+*68/*68+*4,*4+*68/*65+*68,*2/*4+*68+*68,*2/*4+*68+*68,discordant
cohort1,cohort1,BWA-MEM,HG01071,HG01358,1,*1/*1,*1/*1,*1/*1,*1/*1,*1/*1,concordant
cohort1,cohort1,BWA-MEM,HG01071,HG01361,1,*1/*4.028,*1/*4,*1/*4,*1/*4,*1/*4,concordant
cohort1,cohort1,BWA-MEM,HG01071,HG01891,1,*5/*29,*5/*29,*5/*29,*29/*5,*5/*29,concordant
cohort1,cohort1,BWA-MEM,HG01071,HG01928,1,*1/*1,*1/*1,*1/*1,*1/*1,*1/*1,concordant
cohort1,cohort1,BWA-MEM,HG01071,HG01952,1,*1/*4.028,*1/*4,*1/*4,*1/*4,*1/*4,concordant
cohort1,cohort1,BWA-MEM,HG01071,HG01978,1,*1/*1,*1/*1,*1/*1,*1/*1,*1/*1,concordant
cohort1,cohort1,BWA-MEM,HG01071,HG02055,1,*1/*1,*1/*1,*1/*1,*1/*1,*1/*1,concordant
cohort1,cohort1,BWA-MEM,HG01071,HG02080,1,*2/*10,*2/*10,*2/*10,*10/*2,*2/*10,concordant
cohort1,cohort1,BWA-MEM,HG01071,HG02109,1,*45/*122+rs61737946,*45/*122,*45/*122,*45/*1,*1/*45,discordant
cohort1,cohort1,BWA-MEM,HG01071,HG02145,1,*5/*84,*5/*84,*5/*84,*5/*84,*5/*84,concordant
cohort1,cohort1,BWA-MEM,HG01071,HG02148,1,*1/*2,*1/*2,*1/*2,*1/*2,*1/*2,concordant
cohort1,cohort1,BWA-MEM,HG01071,HG02257,1,*2/*35,*2/*35,*2/*35,*35/*2,*2/*35,concordant
cohort1,cohort1,BWA-MEM,HG01071,HG02572,1,*1/*152,*1/*152,*1/*152,*1/*152,*1/*152,concordant
cohort1,cohort1,BWA-MEM,HG01071,HG02622,1,*17+rs61737946+rs61745683/*46,*17/*46,*17/*46,*46/*17,*17/*46,concordant
cohort1,cohort1,BWA-MEM,HG01071,HG02630,1,*1/*46,*1/*46,*1/*46,*1/*46,*1/*46,concordant
cohort1,cohort1,BWA-MEM,HG01071,HG02717,1,*1/*1,*1/*1,*1/*1,*1/*1,*1/*1,concordant
cohort1,cohort1,BWA-MEM,HG01071,HG02723,1,*2/*17+rs61737946+rs61745683,*2/*17,*2/*17,*2/*17,*2/*17,concordant
cohort1,cohort1,BWA-MEM,HG01071,HG02818,1,*1/*2,*1/*2,*1/*2,*2/*1,*1/*2,concordant
cohort1,cohort1,BWA-MEM,HG01071,HG02886,1,*1/*4,*1/*4,*1/*4,*4/*1,*1/*4,concordant
cohort1,cohort1,BWA-MEM,HG01071,HG03098,1,*2/*29,*2/*29,*2/*29,*2/*29,*2/*29,concordant
cohort1,cohort1,BWA-MEM,HG01071,HG03453,1,*1/*29,*1/*29,*1/*29,*29/*1,*1/*29,concordant
cohort1,cohort1,BWA-MEM,HG01071,HG03486,1,*1/*17,*1/*17,*1/*17,*1/*17,*1/*17,concordant
cohort1,cohort1,BWA-MEM,HG01071,HG03492,1,*2/*41,*2/*41,*2/*41,*2/*41,*2/*41,concordant
cohort1,cohort1,BWA-MEM,HG01071,HG03516,1,*2+rs61737946+rs61745683/*17,*2/*17,*2/*17,*17/*2,*2/*17,concordant
cohort1,cohort1,BWA-MEM,HG01071,HG03540,1,*2+*2+rs61745683/*17+rs61737946,*2+*2/*17,*2+*2/*17,*17/*2+*2,*2+*2/*17,concordant
cohort1,cohort1,BWA-MEM,HG01071,HG03579,1,*1/*2,*1/*2,*1/*2,*2/*1,*1/*2,concordant
cohort1,cohort1,BWA-MEM,HG01071,NA18906,1,*17+rs61737946+rs61745683/*125,*17/*125,*17/*125,*17/*125,*17/*125,concordant
cohort1,cohort1,BWA-MEM,HG01071,NA19240,1,*15/*17,*15/*17,*15/*17,*17/*15,*15/*17,concordant
cohort1,cohort1,BWA-MEM,HG01071,NA20129,1,*4C/*4C,*4/*4,*4/*4,*5/*4+*4,*4+*4/*5,discordant
cohort1,cohort1,BWA-MEM,HG01071,NA21309,1,*5/*29,*5/*29,*5/*29,*29/*5,*5/*29,concordant
cohort1,cohort1,BWA-MEM,HG01071,NA24385,1,*2/*4,*2/*4,*2/*4,*2/*4,*2/*4,concordant
cohort1,cohort1,BWA-MEM,HG01071,NA24631,1,*36.ALDY+*10/*49,*36+*10/*49,*10+*36/*49,*49/*10+*36,*10+*36/*49,concordant
cohort1,cohort1,BWA-MEM,HG01106,HG00438,1,*36.ALDY+*10/*36.ALDY+*71,*36+*10/*36+*71,*10+*36/*36+*71,*10+*36+*36/*71,*10+*36+*36/*71,discordant
cohort1,cohort1,BWA-MEM,HG01106,HG00621,1,*5/*49,*5/*49,*5/*49,*5/*49,*5/*49,concordant
cohort1,cohort1,BWA-MEM,HG01106,HG00673,1,*1/*10,*1/*10,*1/*10,*1/*10,*1/*10,concordant
cohort1,cohort1,BWA-MEM,HG01106,HG00733,1,*41/*68+*4.021,*41/*68+*4,*4+*68/*41,*41/*4+*68,*4+*68/*41,concordant
cohort1,cohort1,BWA-MEM,HG01106,HG00735,1,*1/*4,*1/*4,*1/*4,*4/*1,*1/*4,concordant
cohort1,cohort1,BWA-MEM,HG01106,HG00741,1,*1/*2,*1/*2,*1/*2,*2/*1,*1/*2,concordant
cohort1,cohort1,BWA-MEM,HG01106,HG01071,1,*4/*41,*4/*41,*4/*41,*41/*4,*4/*41,concordant
cohort1,cohort1,BWA-MEM,HG01106,HG01109,1,*41/*106,*41/*106,*41/*106,*106/*41,*41/*106,concordant
cohort1,cohort1,BWA-MEM,HG01106,HG01175,1,*41/*41,*41/*41,*41/*41,*41/*41,*41/*41,concordant
cohort1,cohort1,BWA-MEM,HG01106,HG01243,1,*1/*5,*1/*5,*1/*5,*5/*1,*1/*5,concordant
cohort1,cohort1,BWA-MEM,HG01106,HG01258,1,*65+*68:2/*68+*4.021,*65+*68/*68+*4,*4+*68/*65+*68,*2/*4+*68+*68,*2/*4+*68+*68,discordant
cohort1,cohort1,BWA-MEM,HG01106,HG01358,1,*1/*1,*1/*1,*1/*1,*1/*1,*1/*1,concordant
cohort1,cohort1,BWA-MEM,HG01106,HG01361,1,*1/*4.028,*1/*4,*1/*4,*1/*4,*1/*4,concordant
cohort1,cohort1,BWA-MEM,HG01106,HG01891,1,*5/*29,*5/*29,*5/*29,*29/*5,*5/*29,concordant
cohort1,cohort1,BWA-MEM,HG01106,HG01928,1,*1/*1,*1/*1,*1/*1,*1/*1,*1/*1,concordant
cohort1,cohort1,BWA-MEM,HG01106,HG01952,1,*1/*4.028,*1/*4,*1/*4,*1/*4,*1/*4,concordant
cohort1,cohort1,BWA-MEM,HG01106,HG01978,1,*1/*1,*1/*1,*1/*1,*1/*1,*1/*1,concordant
cohort1,cohort1,BWA-MEM,HG01106,HG02055,1,*1/*1,*1/*1,*1/*1,*1/*1,*1/*1,concordant
cohort1,cohort1,BWA-MEM,HG01106,HG02080,1,*2/*10,*2/*10,*2/*10,*10/*2,*2/*10,concordant
cohort1,cohort1,BWA-MEM,HG01106,HG02109,1,*45/*122+rs61737946,*45/*122,*45/*122,*45/*1,*1/*45,discordant
cohort1,cohort1,BWA-MEM,HG01106,HG02145,1,*5/*84,*5/*84,*5/*84,*5/*84,*5/*84,concordant
cohort1,cohort1,BWA-MEM,HG01106,HG02148,1,*1/*2,*1/*2,*1/*2,*1/*2,*1/*2,concordant
cohort1,cohort1,BWA-MEM,HG01106,HG02257,1,*2/*35,*2/*35,*2/*35,*35/*2,*2/*35,concordant
cohort1,cohort1,BWA-MEM,HG01106,HG02572,1,*1/*152,*1/*152,*1/*152,*1/*152,*1/*152,concordant
cohort1,cohort1,BWA-MEM,HG01106,HG02622,1,*17+rs61737946+rs61745683/*46,*17/*46,*17/*46,*46/*17,*17/*46,concordant
cohort1,cohort1,BWA-MEM,HG01106,HG02630,1,*1/*46,*1/*46,*1/*46,*1/*46,*1/*46,concordant
cohort1,cohort1,BWA-MEM,HG01106,HG02717,1,*1/*1,*1/*1,*1/*1,*1/*1,*1/*1,concordant
cohort1,cohort1,BWA-MEM,HG01106,HG02723,1,*2/*17+rs61737946+rs61745683,*2/*17,*2/*17,*2/*17,*2/*17,concordant
cohort1,cohort1,BWA-MEM,HG01106,HG02818,1,*1/*2,*1/*2,*1/*2,*2/*1,*1/*2,concordant
cohort1,cohort1,BWA-MEM,HG01106,HG02886,1,*1/*4,*1/*4,*1/*4,*4/*1,*1/*4,concordant
cohort1,cohort1,BWA-MEM,HG01106,HG03098,1,*2/*29,*2/*29,*2/*29,*2/*29,*2/*29,concordant
cohort1,cohort1,BWA-MEM,HG01106,HG03453,1,*1/*29,*1/*29,*1/*29,*29/*1,*1/*29,concordant
cohort1,cohort1,BWA-MEM,HG01106,HG03486,1,*1/*17,*1/*17,*1/*17,*1/*17,*1/*17,concordant
cohort1,cohort1,BWA-MEM,HG01106,HG03492,1,*2/*41,*2/*41,*2/*41,*2/*41,*2/*41,concordant
cohort1,cohort1,BWA-MEM,HG01106,HG03516,1,*2+rs61737946+rs61745683/*17,*2/*17,*2/*17,*17/*2,*2/*17,concordant
cohort1,cohort1,BWA-MEM,HG01106,HG03540,1,*2+*2+rs61737946/*17+rs61745683,*2+*2/*17,*2+*2/*17,*17/*2+*2,*2+*2/*17,concordant
cohort1,cohort1,BWA-MEM,HG01106,HG03579,1,*1/*2,*1/*2,*1/*2,*2/*1,*1/*2,concordant
cohort1,cohort1,BWA-MEM,HG01106,NA18906,1,*17+rs61737946+rs61745683/*125,*17/*125,*17/*125,*17/*125,*17/*125,concordant
cohort1,cohort1,BWA-MEM,HG01106,NA19240,1,*15/*17,*15/*17,*15/*17,*17/*15,*15/*17,concordant
cohort1,cohort1,BWA-MEM,HG01106,NA20129,1,*4C/*4C,*4/*4,*4/*4,*5/*4+*4,*4+*4/*5,discordant
cohort1,cohort1,BWA-MEM,HG01106,NA21309,1,*5/*29,*5/*29,*5/*29,*29/*5,*5/*29,concordant
cohort1,cohort1,BWA-MEM,HG01106,NA24385,1,*2/*4,*2/*4,*2/*4,*2/*4,*2/*4,concordant
cohort1,cohort1,BWA-MEM,HG01106,NA24631,1,*36.ALDY+*10/*49,*36+*10/*49,*10+*36/*49,*49/*10+*36,*10+*36/*49,concordant
cohort1,cohort1,BWA-MEM,HG01109,HG00438,1,*36.ALDY+*10/*36.ALDY+*71,*36+*10/*36+*71,*10+*36/*36+*71,*10+*36+*36/*71,*10+*36+*36/*71,discordant
cohort1,cohort1,BWA-MEM,HG01109,HG00621,1,*5/*49,*5/*49,*5/*49,*5/*49,*5/*49,concordant
cohort1,cohort1,BWA-MEM,HG01109,HG00673,1,*1/*10,*1/*10,*1/*10,*1/*10,*1/*10,concordant
cohort1,cohort1,BWA-MEM,HG01109,HG00733,1,*41/*68+*4.021,*41/*68+*4,*4+*68/*41,*41/*4+*68,*4+*68/*41,concordant
cohort1,cohort1,BWA-MEM,HG01109,HG00735,1,*1/*4,*1/*4,*1/*4,*4/*1,*1/*4,concordant
cohort1,cohort1,BWA-MEM,HG01109,HG00741,1,*1/*2,*1/*2,*1/*2,*2/*1,*1/*2,concordant
cohort1,cohort1,BWA-MEM,HG01109,HG01071,1,*4/*41,*4/*41,*4/*41,*41/*4,*4/*41,concordant
cohort1,cohort1,BWA-MEM,HG01109,HG01106,1,*4.028/*35,*4/*35,*4/*35,*35/*4,*4/*35,concordant
cohort1,cohort1,BWA-MEM,HG01109,HG01175,1,*41/*41,*41/*41,*41/*41,*41/*41,*41/*41,concordant
cohort1,cohort1,BWA-MEM,HG01109,HG01243,1,*1/*5,*1/*5,*1/*5,*5/*1,*1/*5,concordant
cohort1,cohort1,BWA-MEM,HG01109,HG01258,1,*65+*68:2/*68+*4.021,*65+*68/*68+*4,*4+*68/*65+*68,*2/*4+*68+*68,*2/*4+*68+*68,discordant
cohort1,cohort1,BWA-MEM,HG01109,HG01358,1,*1/*1,*1/*1,*1/*1,*1/*1,*1/*1,concordant
cohort1,cohort1,BWA-MEM,HG01109,HG01361,1,*1/*4.028,*1/*4,*1/*4,*1/*4,*1/*4,concordant
cohort1,cohort1,BWA-MEM,HG01109,HG01891,1,*5/*29,*5/*29,*5/*29,*29/*5,*5/*29,concordant
cohort1,cohort1,BWA-MEM,HG01109,HG01928,1,*1/*1,*1/*1,*1/*1,*1/*1,*1/*1,concordant
cohort1,cohort1,BWA-MEM,HG01109,HG01952,1,*1/*4.028,*1/*4,*1/*4,*1/*4,*1/*4,concordant
cohort1,cohort1,BWA-MEM,HG01109,HG01978,1,*1/*1,*1/*1,*1/*1,*1/*1,*1/*1,concordant
cohort1,cohort1,BWA-MEM,HG01109,HG02055,1,*1/*1,*1/*1,*1/*1,*1/*1,*1/*1,concordant
cohort1,cohort1,BWA-MEM,HG01109,HG02080,1,*2/*10,*2/*10,*2/*10,*10/*2,*2/*10,concordant
cohort1,cohort1,BWA-MEM,HG01109,HG02109,1,*45/*122+rs61737946,*45/*122,*45/*122,*45/*1,*1/*45,discordant
cohort1,cohort1,BWA-MEM,HG01109,HG02145,1,*5/*84,*5/*84,*5/*84,*5/*84,*5/*84,concordant
cohort1,cohort1,BWA-MEM,HG01109,HG02148,1,*1/*2,*1/*2,*1/*2,*1/*2,*1/*2,concordant
cohort1,cohort1,BWA-MEM,HG01109,HG02257,1,*2/*35,*2/*35,*2/*35,*35/*2,*2/*35,concordant
cohort1,cohort1,BWA-MEM,HG01109,HG02572,1,*1/*152,*1/*152,*1/*152,*1/*152,*1/*152,concordant
cohort1,cohort1,BWA-MEM,HG01109,HG02622,1,*17+rs61737946+rs61745683/*46,*17/*46,*17/*46,*46/*17,*17/*46,concordant
cohort1,cohort1,BWA-MEM,HG01109,HG02630,1,*1/*46,*1/*46,*1/*46,*1/*46,*1/*46,concordant
cohort1,cohort1,BWA-MEM,HG01109,HG02717,1,*1/*1,*1/*1,*1/*1,*1/*1,*1/*1,concordant
cohort1,cohort1,BWA-MEM,HG01109,HG02723,1,*2/*17+rs61737946+rs61745683,*2/*17,*2/*17,*2/*17,*2/*17,concordant
cohort1,cohort1,BWA-MEM,HG01109,HG02818,1,*1/*2,*1/*2,*1/*2,*2/*1,*1/*2,concordant
cohort1,cohort1,BWA-MEM,HG01109,HG02886,1,*1/*4,*1/*4,*1/*4,*4/*1,*1/*4,concordant
cohort1,cohort1,BWA-MEM,HG01109,HG03098,1,*2/*29,*2/*29,*2/*29,*2/*29,*2/*29,concordant
cohort1,cohort1,BWA-MEM,HG01109,HG03453,1,*1/*29,*1/*29,*1/*29,*29/*1,*1/*29,concordant
cohort1,cohort1,BWA-MEM,HG01109,HG03486,1,*1/*17,*1/*17,*1/*17,*1/*17,*1/*17,concordant
cohort1,cohort1,BWA-MEM,HG01109,HG03492,1,*2/*41,*2/*41,*2/*41,*2/*41,*2/*41,concordant
cohort1,cohort1,BWA-MEM,HG01109,HG03516,1,*2+rs61737946+rs61745683/*17,*2/*17,*2/*17,*17/*2,*2/*17,concordant
cohort1,cohort1,BWA-MEM,HG01109,HG03540,1,*2+*2+rs61737946/*17+rs61745683,*2+*2/*17,*2+*2/*17,*17/*2+*2,*2+*2/*17,concordant
cohort1,cohort1,BWA-MEM,HG01109,HG03579,1,*1/*2,*1/*2,*1/*2,*2/*1,*1/*2,concordant
cohort1,cohort1,BWA-MEM,HG01109,NA18906,1,*17+rs61737946+rs61745683/*125,*17/*125,*17/*125,*17/*125,*17/*125,concordant
cohort1,cohort1,BWA-MEM,HG01109,NA19240,1,*15/*17,*15/*17,*15/*17,*17/*15,*15/*17,concordant
cohort1,cohort1,BWA-MEM,HG01109,NA20129,1,*4C/*4C,*4/*4,*4/*4,*5/*4+*4,*4+*4/*5,discordant
cohort1,cohort1,BWA-MEM,HG01109,NA21309,1,*5/*29,*5/*29,*5/*29,*29/*5,*5/*29,concordant
cohort1,cohort1,BWA-MEM,HG01109,NA24385,1,*2/*4,*2/*4,*2/*4,*2/*4,*2/*4,concordant
cohort1,cohort1,BWA-MEM,HG01109,NA24631,1,*36.ALDY+*10/*49,*36+*10/*49,*10+*36/*49,*49/*10+*36,*10+*36/*49,concordant
cohort1,cohort1,BWA-MEM,HG01175,HG00438,1,*36.ALDY+*10/*36.ALDY+*71,*36+*10/*36+*71,*10+*36/*36+*71,*10+*36+*36/*71,*10+*36+*36/*71,discordant
cohort1,cohort1,BWA-MEM,HG01175,HG00621,1,*5/*49,*5/*49,*5/*49,*5/*49,*5/*49,concordant
cohort1,cohort1,BWA-MEM,HG01175,HG00673,1,*1/*10,*1/*10,*1/*10,*1/*10,*1/*10,concordant
cohort1,cohort1,BWA-MEM,HG01175,HG00733,1,*41/*68+*4.021,*41/*68+*4,*4+*68/*41,*41/*4+*68,*4+*68/*41,concordant
cohort1,cohort1,BWA-MEM,HG01175,HG00735,1,*1/*4,*1/*4,*1/*4,*4/*1,*1/*4,concordant
cohort1,cohort1,BWA-MEM,HG01175,HG00741,1,*1/*2,*1/*2,*1/*2,*2/*1,*1/*2,concordant
cohort1,cohort1,BWA-MEM,HG01175,HG01071,1,*4/*41,*4/*41,*4/*41,*41/*4,*4/*41,concordant
cohort1,cohort1,BWA-MEM,HG01175,HG01106,1,*4.028/*35,*4/*35,*4/*35,*35/*4,*4/*35,concordant
cohort1,cohort1,BWA-MEM,HG01175,HG01109,1,*41/*106,*41/*106,*41/*106,*106/*41,*41/*106,concordant
cohort1,cohort1,BWA-MEM,HG01175,HG01243,1,*1/*5,*1/*5,*1/*5,*5/*1,*1/*5,concordant
cohort1,cohort1,BWA-MEM,HG01175,HG01258,1,*65+*68:2/*68+*4.021,*65+*68/*68+*4,*4+*68/*65+*68,*2/*4+*68+*68,*2/*4+*68+*68,discordant
cohort1,cohort1,BWA-MEM,HG01175,HG01358,1,*1/*1,*1/*1,*1/*1,*1/*1,*1/*1,concordant
cohort1,cohort1,BWA-MEM,HG01175,HG01361,1,*1/*4.028,*1/*4,*1/*4,*1/*4,*1/*4,concordant
cohort1,cohort1,BWA-MEM,HG01175,HG01891,1,*5/*29,*5/*29,*5/*29,*29/*5,*5/*29,concordant
cohort1,cohort1,BWA-MEM,HG01175,HG01928,1,*1/*1,*1/*1,*1/*1,*1/*1,*1/*1,concordant
cohort1,cohort1,BWA-MEM,HG01175,HG01952,1,*1/*4.028,*1/*4,*1/*4,*1/*4,*1/*4,concordant
cohort1,cohort1,BWA-MEM,HG01175,HG01978,1,*1/*1,*1/*1,*1/*1,*1/*1,*1/*1,concordant
cohort1,cohort1,BWA-MEM,HG01175,HG02055,1,*1/*1,*1/*1,*1/*1,*1/*1,*1/*1,concordant
cohort1,cohort1,BWA-MEM,HG01175,HG02080,1,*2/*10,*2/*10,*2/*10,*10/*2,*2/*10,concordant
cohort1,cohort1,BWA-MEM,HG01175,HG02109,1,*45/*122+rs61737946,*45/*122,*45/*122,*45/*1,*1/*45,discordant
cohort1,cohort1,BWA-MEM,HG01175,HG02145,1,*5/*84,*5/*84,*5/*84,*5/*84,*5/*84,concordant
cohort1,cohort1,BWA-MEM,HG01175,HG02148,1,*1/*2,*1/*2,*1/*2,*1/*2,*1/*2,concordant
cohort1,cohort1,BWA-MEM,HG01175,HG02257,1,*2/*35,*2/*35,*2/*35,*35/*2,*2/*35,concordant
cohort1,cohort1,BWA-MEM,HG01175,HG02572,1,*1/*152,*1/*152,*1/*152,*1/*152,*1/*152,concordant
cohort1,cohort1,BWA-MEM,HG01175,HG02622,1,*17+rs61737946+rs61745683/*46,*17/*46,*17/*46,*46/*17,*17/*46,concordant
cohort1,cohort1,BWA-MEM,HG01175,HG02630,1,*1/*46,*1/*46,*1/*46,*1/*46,*1/*46,concordant
cohort1,cohort1,BWA-MEM,HG01175,HG02717,1,*1/*1,*1/*1,*1/*1,*1/*1,*1/*1,concordant
cohort1,cohort1,BWA-MEM,HG01175,HG02723,1,*2/*17+rs61737946+rs61745683,*2/*17,*2/*17,*2/*17,*2/*17,concordant
cohort1,cohort1,BWA-MEM,HG01175,HG02818,1,*1/*2,*1/*2,*1/*2,*2/*1,*1/*2,concordant
cohort1,cohort1,BWA-MEM,HG01175,HG02886,1,*1/*4,*1/*4,*1/*4,*4/*1,*1/*4,concordant
cohort1,cohort1,BWA-MEM,HG01175,HG03098,1,*2/*29,*2/*29,*2/*29,*2/*29,*2/*29,concordant
cohort1,cohort1,BWA-MEM,HG01175,HG03453,1,*1/*29,*1/*29,*1/*29,*29/*1,*1/*29,concordant
cohort1,cohort1,BWA-MEM,HG01175,HG03486,1,*1/*17,*1/*17,*1/*17,*1/*17,*1/*17,concordant
cohort1,cohort1,BWA-MEM,HG01175,HG03492,1,*2/*41,*2/*41,*2/*41,*2/*41,*2/*41,concordant
cohort1,cohort1,BWA-MEM,HG01175,HG03516,1,*2+rs61737946+rs61745683/*17,*2/*17,*2/*17,*17/*2,*2/*17,concordant
cohort1,cohort1,BWA-MEM,HG01175,HG03540,1,*2+*2+rs61737946/*17+rs61745683,*2+*2/*17,*2+*2/*17,*17/*2+*2,*2+*2/*17,concordant
cohort1,cohort1,BWA-MEM,HG01175,HG03579,1,*1/*2,*1/*2,*1/*2,*2/*1,*1/*2,concordant
cohort1,cohort1,BWA-MEM,HG01175,NA18906,1,*17+rs61737946+rs61745683/*125,*17/*125,*17/*125,*17/*125,*17/*125,concordant
cohort1,cohort1,BWA-MEM,HG01175,NA19240,1,*15/*17,*15/*17,*15/*17,*17/*15,*15/*17,concordant
cohort1,cohort1,BWA-MEM,HG01175,NA20129,1,*4C/*4C,*4/*4,*4/*4,*5/*4+*4,*4+*4/*5,discordant
cohort1,cohort1,BWA-MEM,HG01175,NA21309,1,*5/*29,*5/*29,*5/*29,*29/*5,*5/*29,concordant
cohort1,cohort1,BWA-MEM,HG01175,NA24385,1,*2/*4,*2/*4,*2/*4,*2/*4,*2/*4,concordant
cohort1,cohort1,BWA-MEM,HG01175,NA24631,1,*36.ALDY+*10/*49,*36+*10/*49,*10+*36/*49,*49/*10+*36,*10+*36/*49,concordant
cohort1,cohort1,BWA-MEM,HG01358,HG00438,1,*36.ALDY+*10/*36.ALDY+*71,*36+*10/*36+*71,*10+*36/*36+*71,*10+*36+*36/*71,*10+*36+*36/*71,discordant
cohort1,cohort1,BWA-MEM,HG01358,HG00621,1,*5/*49,*5/*49,*5/*49,*5/*49,*5/*49,concordant
cohort1,cohort1,BWA-MEM,HG01358,HG00673,1,*1/*10,*1/*10,*1/*10,*1/*10,*1/*10,concordant
cohort1,cohort1,BWA-MEM,HG01358,HG00733,1,*41/*68+*4.021,*41/*68+*4,*4+*68/*41,*41/*4+*68,*4+*68/*41,concordant
cohort1,cohort1,BWA-MEM,HG01358,HG00735,1,*1/*4,*1/*4,*1/*4,*4/*1,*1/*4,concordant
cohort1,cohort1,BWA-MEM,HG01358,HG00741,1,*1/*2,*1/*2,*1/*2,*2/*1,*1/*2,concordant
cohort1,cohort1,BWA-MEM,HG01358,HG01071,1,*4/*41,*4/*41,*4/*41,*41/*4,*4/*41,concordant
cohort1,cohort1,BWA-MEM,HG01358,HG01106,1,*4.028/*35,*4/*35,*4/*35,*35/*4,*4/*35,concordant
cohort1,cohort1,BWA-MEM,HG01358,HG01109,1,*41/*106,*41/*106,*41/*106,*106/*41,*41/*106,concordant
cohort1,cohort1,BWA-MEM,HG01358,HG01175,1,*41/*41,*41/*41,*41/*41,*41/*41,*41/*41,concordant
cohort1,cohort1,BWA-MEM,HG01358,HG01243,1,*1/*5,*1/*5,*1/*5,*5/*1,*1/*5,concordant
cohort1,cohort1,BWA-MEM,HG01358,HG01258,1,*65+*68:2/*68+*4.021,*65+*68/*68+*4,*4+*68/*65+*68,*2/*4+*68+*68,*2/*4+*68+*68,discordant
cohort1,cohort1,BWA-MEM,HG01358,HG01361,1,*1/*4.028,*1/*4,*1/*4,*1/*4,*1/*4,concordant
cohort1,cohort1,BWA-MEM,HG01358,HG01891,1,*5/*29,*5/*29,*5/*29,*29/*5,*5/*29,concordant
cohort1,cohort1,BWA-MEM,HG01358,HG01928,1,*1/*1,*1/*1,*1/*1,*1/*1,*1/*1,concordant
cohort1,cohort1,BWA-MEM,HG01358,HG01952,1,*1/*4.028,*1/*4,*1/*4,*1/*4,*1/*4,concordant
cohort1,cohort1,BWA-MEM,HG01358,HG01978,1,*1/*1,*1/*1,*1/*1,*1/*1,*1/*1,concordant
cohort1,cohort1,BWA-MEM,HG01358,HG02055,1,*1/*1,*1/*1,*1/*1,*1/*1,*1/*1,concordant
cohort1,cohort1,BWA-MEM,HG01358,HG02080,1,*2/*10,*2/*10,*2/*10,*10/*2,*2/*10,concordant
cohort1,cohort1,BWA-MEM,HG01358,HG02109,1,*45/*122+rs61737946,*45/*122,*45/*122,*45/*1,*1/*45,discordant
cohort1,cohort1,BWA-MEM,HG01358,HG02145,1,*5/*84,*5/*84,*5/*84,*5/*84,*5/*84,concordant
cohort1,cohort1,BWA-MEM,HG01358,HG02148,1,*1/*2,*1/*2,*1/*2,*1/*2,*1/*2,concordant
cohort1,cohort1,BWA-MEM,HG01358,HG02257,1,*2/*35,*2/*35,*2/*35,*35/*2,*2/*35,concordant
cohort1,cohort1,BWA-MEM,HG01358,HG02572,1,*1/*152,*1/*152,*1/*152,*1/*152,*1/*152,concordant
cohort1,cohort1,BWA-MEM,HG01358,HG02622,1,*17+rs61737946+rs61745683/*46,*17/*46,*17/*46,*46/*17,*17/*46,concordant
cohort1,cohort1,BWA-MEM,HG01358,HG02630,1,*1/*46,*1/*46,*1/*46,*1/*46,*1/*46,concordant
cohort1,cohort1,BWA-MEM,HG01358,HG02717,1,*1/*1,*1/*1,*1/*1,*1/*1,*1/*1,concordant
cohort1,cohort1,BWA-MEM,HG01358,HG02723,1,*2/*17+rs61737946+rs61745683,*2/*17,*2/*17,*2/*17,*2/*17,concordant
cohort1,cohort1,BWA-MEM,HG01358,HG02818,1,*1/*2,*1/*2,*1/*2,*2/*1,*1/*2,concordant
cohort1,cohort1,BWA-MEM,HG01358,HG02886,1,*1/*4,*1/*4,*1/*4,*4/*1,*1/*4,concordant
cohort1,cohort1,BWA-MEM,HG01358,HG03098,1,*2/*29,*2/*29,*2/*29,*2/*29,*2/*29,concordant
cohort1,cohort1,BWA-MEM,HG01358,HG03453,1,*1/*29,*1/*29,*1/*29,*29/*1,*1/*29,concordant
cohort1,cohort1,BWA-MEM,HG01358,HG03486,1,*1/*17,*1/*17,*1/*17,*1/*17,*1/*17,concordant
cohort1,cohort1,BWA-MEM,HG01358,HG03492,1,*2/*41,*2/*41,*2/*41,*2/*41,*2/*41,concordant
cohort1,cohort1,BWA-MEM,HG01358,HG03516,1,*2+rs61737946+rs61745683/*17,*2/*17,*2/*17,*17/*2,*2/*17,concordant
cohort1,cohort1,BWA-MEM,HG01358,HG03540,1,*2+*2+rs61745683/*17+rs61737946,*2+*2/*17,*2+*2/*17,*17/*2+*2,*2+*2/*17,concordant
cohort1,cohort1,BWA-MEM,HG01358,HG03579,1,*1/*2,*1/*2,*1/*2,*2/*1,*1/*2,concordant
cohort1,cohort1,BWA-MEM,HG01358,NA18906,1,*17+rs61737946+rs61745683/*125,*17/*125,*17/*125,*17/*125,*17/*125,concordant
cohort1,cohort1,BWA-MEM,HG01358,NA19240,1,*15/*17,*15/*17,*15/*17,*17/*15,*15/*17,concordant
cohort1,cohort1,BWA-MEM,HG01358,NA20129,1,*4C/*4C,*4/*4,*4/*4,*5/*4+*4,*4+*4/*5,discordant
cohort1,cohort1,BWA-MEM,HG01358,NA21309,1,*5/*29,*5/*29,*5/*29,*29/*5,*5/*29,concordant
cohort1,cohort1,BWA-MEM,HG01358,NA24385,1,*2/*4,*2/*4,*2/*4,*2/*4,*2/*4,concordant
cohort1,cohort1,BWA-MEM,HG01358,NA24631,1,*36.ALDY+*10/*49,*36+*10/*49,*10+*36/*49,*49/*10+*36,*10+*36/*49,concordant
cohort1,cohort1,BWA-MEM,HG01361,HG00438,1,*36.ALDY+*10/*36.ALDY+*71,*36+*10/*36+*71,*10+*36/*36+*71,*10+*36+*36/*71,*10+*36+*36/*71,discordant
cohort1,cohort1,BWA-MEM,HG01361,HG00621,1,*5/*49,*5/*49,*5/*49,*5/*49,*5/*49,concordant
cohort1,cohort1,BWA-MEM,HG01361,HG00673,1,*1/*10,*1/*10,*1/*10,*1/*10,*1/*10,concordant
cohort1,cohort1,BWA-MEM,HG01361,HG00733,1,*41/*68+*4.021,*41/*68+*4,*4+*68/*41,*41/*4+*68,*4+*68/*41,concordant
cohort1,cohort1,BWA-MEM,HG01361,HG00735,1,*1/*4,*1/*4,*1/*4,*4/*1,*1/*4,concordant
cohort1,cohort1,BWA-MEM,HG01361,HG00741,1,*1/*2,*1/*2,*1/*2,*2/*1,*1/*2,concordant
cohort1,cohort1,BWA-MEM,HG01361,HG01071,1,*4/*41,*4/*41,*4/*41,*41/*4,*4/*41,concordant
cohort1,cohort1,BWA-MEM,HG01361,HG01106,1,*4.028/*35,*4/*35,*4/*35,*35/*4,*4/*35,concordant
cohort1,cohort1,BWA-MEM,HG01361,HG01109,1,*41/*106,*41/*106,*41/*106,*106/*41,*41/*106,concordant
cohort1,cohort1,BWA-MEM,HG01361,HG01175,1,*41/*41,*41/*41,*41/*41,*41/*41,*41/*41,concordant
cohort1,cohort1,BWA-MEM,HG01361,HG01243,1,*1/*5,*1/*5,*1/*5,*5/*1,*1/*5,concordant
cohort1,cohort1,BWA-MEM,HG01361,HG01258,1,*65+*68:2/*68+*4.021,*65+*68/*68+*4,*4+*68/*65+*68,*2/*4+*68+*68,*2/*4+*68+*68,discordant
cohort1,cohort1,BWA-MEM,HG01361,HG01358,1,*1/*1,*1/*1,*1/*1,*1/*1,*1/*1,concordant
cohort1,cohort1,BWA-MEM,HG01361,HG01891,1,*5/*29,*5/*29,*5/*29,*29/*5,*5/*29,concordant
cohort1,cohort1,BWA-MEM,HG01361,HG01928,1,*1/*1,*1/*1,*1/*1,*1/*1,*1/*1,concordant
cohort1,cohort1,BWA-MEM,HG01361,HG01952,1,*1/*4.028,*1/*4,*1/*4,*1/*4,*1/*4,concordant
cohort1,cohort1,BWA-MEM,HG01361,HG01978,1,*1/*1,*1/*1,*1/*1,*1/*1,*1/*1,concordant
cohort1,cohort1,BWA-MEM,HG01361,HG02055,1,*1/*1,*1/*1,*1/*1,*1/*1,*1/*1,concordant
cohort1,cohort1,BWA-MEM,HG01361,HG02080,1,*2/*10,*2/*10,*2/*10,*10/*2,*2/*10,concordant
cohort1,cohort1,BWA-MEM,HG01361,HG02109,1,*45/*122+rs61737946,*45/*122,*45/*122,*45/*1,*1/*45,discordant
cohort1,cohort1,BWA-MEM,HG01361,HG02145,1,*5/*84,*5/*84,*5/*84,*5/*84,*5/*84,concordant
cohort1,cohort1,BWA-MEM,HG01361,HG02148,1,*1/*2,*1/*2,*1/*2,*1/*2,*1/*2,concordant
cohort1,cohort1,BWA-MEM,HG01361,HG02257,1,*2/*35,*2/*35,*2/*35,*35/*2,*2/*35,concordant
cohort1,cohort1,BWA-MEM,HG01361,HG02572,1,*1/*152,*1/*152,*1/*152,*1/*152,*1/*152,concordant
cohort1,cohort1,BWA-MEM,HG01361,HG02622,1,*17+rs61737946+rs61745683/*46,*17/*46,*17/*46,*46/*17,*17/*46,concordant
cohort1,cohort1,BWA-MEM,HG01361,HG02630,1,*1/*46,*1/*46,*1/*46,*1/*46,*1/*46,concordant
cohort1,cohort1,BWA-MEM,HG01361,HG02717,1,*1/*1,*1/*1,*1/*1,*1/*1,*1/*1,concordant
cohort1,cohort1,BWA-MEM,HG01361,HG02723,1,*2/*17+rs61737946+rs61745683,*2/*17,*2/*17,*2/*17,*2/*17,concordant
cohort1,cohort1,BWA-MEM,HG01361,HG02818,1,*1/*2,*1/*2,*1/*2,*2/*1,*1/*2,concordant
cohort1,cohort1,BWA-MEM,HG01361,HG02886,1,*1/*4,*1/*4,*1/*4,*4/*1,*1/*4,concordant
cohort1,cohort1,BWA-MEM,HG01361,HG03098,1,*2/*29,*2/*29,*2/*29,*2/*29,*2/*29,concordant
cohort1,cohort1,BWA-MEM,HG01361,HG03453,1,*1/*29,*1/*29,*1/*29,*29/*1,*1/*29,concordant
cohort1,cohort1,BWA-MEM,HG01361,HG03486,1,*1/*17,*1/*17,*1/*17,*1/*17,*1/*17,concordant
cohort1,cohort1,BWA-MEM,HG01361,HG03492,1,*2/*41,*2/*41,*2/*41,*2/*41,*2/*41,concordant
cohort1,cohort1,BWA-MEM,HG01361,HG03516,1,*2+rs61737946+rs61745683/*17,*2/*17,*2/*17,*17/*2,*2/*17,concordant
cohort1,cohort1,BWA-MEM,HG01361,HG03540,1,*2+*2+rs61745683/*17+rs61737946,*2+*2/*17,*2+*2/*17,*17/*2+*2,*2+*2/*17,concordant
cohort1,cohort1,BWA-MEM,HG01361,HG03579,1,*1/*2,*1/*2,*1/*2,*2/*1,*1/*2,concordant
cohort1,cohort1,BWA-MEM,HG01361,NA18906,1,*17+rs61737946+rs61745683/*125,*17/*125,*17/*125,*17/*125,*17/*125,concordant
cohort1,cohort1,BWA-MEM,HG01361,NA19240,1,*15/*17,*15/*17,*15/*17,*17/*15,*15/*17,concordant
cohort1,cohort1,BWA-MEM,HG01361,NA20129,1,*4C/*4C,*4/*4,*4/*4,*5/*4+*4,*4+*4/*5,discordant
cohort1,cohort1,BWA-MEM,HG01361,NA21309,1,*5/*29,*5/*29,*5/*29,*29/*5,*5/*29,concordant
cohort1,cohort1,BWA-MEM,HG01361,NA24385,1,*2/*4,*2/*4,*2/*4,*2/*4,*2/*4,concordant
cohort1,cohort1,BWA-MEM,HG01361,NA24631,1,*36.ALDY+*10/*49,*36+*10/*49,*10+*36/*49,*49/*10+*36,*10+*36/*49,concordant
cohort1,cohort1,BWA-MEM,HG01928,HG00438,1,*36.ALDY+*10/*36.ALDY+*71,*36+*10/*36+*71,*10+*36/*36+*71,*10+*36+*36/*71,*10+*36+*36/*71,discordant
cohort1,cohort1,BWA-MEM,HG01928,HG00621,1,*5/*49,*5/*49,*5/*49,*5/*49,*5/*49,concordant
cohort1,cohort1,BWA-MEM,HG01928,HG00673,1,*1/*10,*1/*10,*1/*10,*1/*10,*1/*10,concordant
cohort1,cohort1,BWA-MEM,HG01928,HG00733,1,*41/*68+*4.021,*41/*68+*4,*4+*68/*41,*41/*4+*68,*4+*68/*41,concordant
cohort1,cohort1,BWA-MEM,HG01928,HG00735,1,*1/*4,*1/*4,*1/*4,*4/*1,*1/*4,concordant
cohort1,cohort1,BWA-MEM,HG01928,HG00741,1,*1/*2,*1/*2,*1/*2,*2/*1,*1/*2,concordant
cohort1,cohort1,BWA-MEM,HG01928,HG01071,1,*4/*41,*4/*41,*4/*41,*41/*4,*4/*41,concordant
cohort1,cohort1,BWA-MEM,HG01928,HG01106,1,*4.028/*35,*4/*35,*4/*35,*35/*4,*4/*35,concordant
cohort1,cohort1,BWA-MEM,HG01928,HG01109,1,*41/*106,*41/*106,*41/*106,*106/*41,*41/*106,concordant
cohort1,cohort1,BWA-MEM,HG01928,HG01175,1,*41/*41,*41/*41,*41/*41,*41/*41,*41/*41,concordant
cohort1,cohort1,BWA-MEM,HG01928,HG01243,1,*1/*5,*1/*5,*1/*5,*5/*1,*1/*5,concordant
cohort1,cohort1,BWA-MEM,HG01928,HG01258,1,*65+*68:2/*68+*4.021,*65+*68/*68+*4,*4+*68/*65+*68,*2/*4+*68+*68,*2/*4+*68+*68,discordant
cohort1,cohort1,BWA-MEM,HG01928,HG01358,1,*1/*1,*1/*1,*1/*1,*1/*1,*1/*1,concordant
cohort1,cohort1,BWA-MEM,HG01928,HG01361,1,*1/*4.028,*1/*4,*1/*4,*1/*4,*1/*4,concordant
cohort1,cohort1,BWA-MEM,HG01928,HG01891,1,*5/*29,*5/*29,*5/*29,*29/*5,*5/*29,concordant
cohort1,cohort1,BWA-MEM,HG01928,HG01952,1,*1/*4.028,*1/*4,*1/*4,*1/*4,*1/*4,concordant
cohort1,cohort1,BWA-MEM,HG01928,HG01978,1,*1/*1,*1/*1,*1/*1,*1/*1,*1/*1,concordant
cohort1,cohort1,BWA-MEM,HG01928,HG02055,1,*1/*1,*1/*1,*1/*1,*1/*1,*1/*1,concordant
cohort1,cohort1,BWA-MEM,HG01928,HG02080,1,*2/*10,*2/*10,*2/*10,*10/*2,*2/*10,concordant
cohort1,cohort1,BWA-MEM,HG01928,HG02109,1,*45/*122+rs61737946,*45/*122,*45/*122,*45/*1,*1/*45,discordant
cohort1,cohort1,BWA-MEM,HG01928,HG02145,1,*5/*84,*5/*84,*5/*84,*5/*84,*5/*84,concordant
cohort1,cohort1,BWA-MEM,HG01928,HG02148,1,*1/*2,*1/*2,*1/*2,*1/*2,*1/*2,concordant
cohort1,cohort1,BWA-MEM,HG01928,HG02257,1,*2/*35,*2/*35,*2/*35,*35/*2,*2/*35,concordant
cohort1,cohort1,BWA-MEM,HG01928,HG02572,1,*1/*152,*1/*152,*1/*152,*1/*152,*1/*152,concordant
cohort1,cohort1,BWA-MEM,HG01928,HG02622,1,*17+rs61737946+rs61745683/*46,*17/*46,*17/*46,*46/*17,*17/*46,concordant
cohort1,cohort1,BWA-MEM,HG01928,HG02630,1,*1/*46,*1/*46,*1/*46,*1/*46,*1/*46,concordant
cohort1,cohort1,BWA-MEM,HG01928,HG02717,1,*1/*1,*1/*1,*1/*1,*1/*1,*1/*1,concordant
cohort1,cohort1,BWA-MEM,HG01928,HG02723,1,*2/*17+rs61737946+rs61745683,*2/*17,*2/*17,*2/*17,*2/*17,concordant
cohort1,cohort1,BWA-MEM,HG01928,HG02818,1,*1/*2,*1/*2,*1/*2,*2/*1,*1/*2,concordant
cohort1,cohort1,BWA-MEM,HG01928,HG02886,1,*1/*4,*1/*4,*1/*4,*4/*1,*1/*4,concordant
cohort1,cohort1,BWA-MEM,HG01928,HG03098,1,*2/*29,*2/*29,*2/*29,*2/*29,*2/*29,concordant
cohort1,cohort1,BWA-MEM,HG01928,HG03453,1,*1/*29,*1/*29,*1/*29,*29/*1,*1/*29,concordant
cohort1,cohort1,BWA-MEM,HG01928,HG03486,1,*1/*17,*1/*17,*1/*17,*1/*17,*1/*17,concordant
cohort1,cohort1,BWA-MEM,HG01928,HG03492,1,*2/*41,*2/*41,*2/*41,*2/*41,*2/*41,concordant
cohort1,cohort1,BWA-MEM,HG01928,HG03516,1,*2+rs61737946+rs61745683/*17,*2/*17,*2/*17,*17/*2,*2/*17,concordant
cohort1,cohort1,BWA-MEM,HG01928,HG03540,1,*2+*2+rs61745683/*17+rs61737946,*2+*2/*17,*2+*2/*17,*17/*2+*2,*2+*2/*17,concordant
cohort1,cohort1,BWA-MEM,HG01928,HG03579,1,*1/*2,*1/*2,*1/*2,*2/*1,*1/*2,concordant
cohort1,cohort1,BWA-MEM,HG01928,NA18906,1,*17+rs61737946+rs61745683/*125,*17/*125,*17/*125,*17/*125,*17/*125,concordant
cohort1,cohort1,BWA-MEM,HG01928,NA19240,1,*15/*17,*15/*17,*15/*17,*17/*15,*15/*17,concordant
cohort1,cohort1,BWA-MEM,HG01928,NA20129,1,*4C/*4C,*4/*4,*4/*4,*5/*4+*4,*4+*4/*5,discordant
cohort1,cohort1,BWA-MEM,HG01928,NA21309,1,*5/*29,*5/*29,*5/*29,*29/*5,*5/*29,concordant
cohort1,cohort1,BWA-MEM,HG01928,NA24385,1,*2/*4,*2/*4,*2/*4,*2/*4,*2/*4,concordant
cohort1,cohort1,BWA-MEM,HG01928,NA24631,1,*36.ALDY+*10/*49,*36+*10/*49,*10+*36/*49,*49/*10+*36,*10+*36/*49,concordant
cohort1,cohort1,BWA-MEM,HG01952,HG00438,1,*36.ALDY+*10/*36.ALDY+*71,*36+*10/*36+*71,*10+*36/*36+*71,*10+*36+*36/*71,*10+*36+*36/*71,discordant
cohort1,cohort1,BWA-MEM,HG01952,HG00621,1,*5/*49,*5/*49,*5/*49,*5/*49,*5/*49,concordant
cohort1,cohort1,BWA-MEM,HG01952,HG00673,1,*1/*10,*1/*10,*1/*10,*1/*10,*1/*10,concordant
cohort1,cohort1,BWA-MEM,HG01952,HG00733,1,*41/*68+*4.021,*41/*68+*4,*4+*68/*41,*41/*4+*68,*4+*68/*41,concordant
cohort1,cohort1,BWA-MEM,HG01952,HG00735,1,*1/*4,*1/*4,*1/*4,*4/*1,*1/*4,concordant
cohort1,cohort1,BWA-MEM,HG01952,HG00741,1,*1/*2,*1/*2,*1/*2,*2/*1,*1/*2,concordant
cohort1,cohort1,BWA-MEM,HG01952,HG01071,1,*4/*41,*4/*41,*4/*41,*41/*4,*4/*41,concordant
cohort1,cohort1,BWA-MEM,HG01952,HG01106,1,*4.028/*35,*4/*35,*4/*35,*35/*4,*4/*35,concordant
cohort1,cohort1,BWA-MEM,HG01952,HG01109,1,*41/*106,*41/*106,*41/*106,*106/*41,*41/*106,concordant
cohort1,cohort1,BWA-MEM,HG01952,HG01175,1,*41/*41,*41/*41,*41/*41,*41/*41,*41/*41,concordant
cohort1,cohort1,BWA-MEM,HG01952,HG01243,1,*1/*5,*1/*5,*1/*5,*5/*1,*1/*5,concordant
cohort1,cohort1,BWA-MEM,HG01952,HG01258,1,*65+*68:2/*68+*4.021,*65+*68/*68+*4,*4+*68/*65+*68,*2/*4+*68+*68,*2/*4+*68+*68,discordant
cohort1,cohort1,BWA-MEM,HG01952,HG01358,1,*1/*1,*1/*1,*1/*1,*1/*1,*1/*1,concordant
cohort1,cohort1,BWA-MEM,HG01952,HG01361,1,*1/*4.028,*1/*4,*1/*4,*1/*4,*1/*4,concordant
cohort1,cohort1,BWA-MEM,HG01952,HG01891,1,*5/*29,*5/*29,*5/*29,*29/*5,*5/*29,concordant
cohort1,cohort1,BWA-MEM,HG01952,HG01928,1,*1/*1,*1/*1,*1/*1,*1/*1,*1/*1,concordant
cohort1,cohort1,BWA-MEM,HG01952,HG01978,1,*1/*1,*1/*1,*1/*1,*1/*1,*1/*1,concordant
cohort1,cohort1,BWA-MEM,HG01952,HG02055,1,*1/*1,*1/*1,*1/*1,*1/*1,*1/*1,concordant
cohort1,cohort1,BWA-MEM,HG01952,HG02080,1,*2/*10,*2/*10,*2/*10,*10/*2,*2/*10,concordant
cohort1,cohort1,BWA-MEM,HG01952,HG02109,1,*45/*122+rs61737946,*45/*122,*45/*122,*45/*1,*1/*45,discordant
cohort1,cohort1,BWA-MEM,HG01952,HG02145,1,*5/*84,*5/*84,*5/*84,*5/*84,*5/*84,concordant
cohort1,cohort1,BWA-MEM,HG01952,HG02148,1,*1/*2,*1/*2,*1/*2,*1/*2,*1/*2,concordant
cohort1,cohort1,BWA-MEM,HG01952,HG02257,1,*2/*35,*2/*35,*2/*35,*35/*2,*2/*35,concordant
cohort1,cohort1,BWA-MEM,HG01952,HG02572,1,*1/*152,*1/*152,*1/*152,*1/*152,*1/*152,concordant
cohort1,cohort1,BWA-MEM,HG01952,HG02622,1,*17+rs61737946+rs61745683/*46,*17/*46,*17/*46,*46/*17,*17/*46,concordant
cohort1,cohort1,BWA-MEM,HG01952,HG02630,1,*1/*46,*1/*46,*1/*46,*1/*46,*1/*46,concordant
cohort1,cohort1,BWA-MEM,HG01952,HG02717,1,*1/*1,*1/*1,*1/*1,*1/*1,*1/*1,concordant
cohort1,cohort1,BWA-MEM,HG01952,HG02723,1,*2/*17+rs61737946+rs61745683,*2/*17,*2/*17,*2/*17,*2/*17,concordant
cohort1,cohort1,BWA-MEM,HG01952,HG02818,1,*1/*2,*1/*2,*1/*2,*2/*1,*1/*2,concordant
cohort1,cohort1,BWA-MEM,HG01952,HG02886,1,*1/*4,*1/*4,*1/*4,*4/*1,*1/*4,concordant
cohort1,cohort1,BWA-MEM,HG01952,HG03098,1,*2/*29,*2/*29,*2/*29,*2/*29,*2/*29,concordant
cohort1,cohort1,BWA-MEM,HG01952,HG03453,1,*1/*29,*1/*29,*1/*29,*29/*1,*1/*29,concordant
cohort1,cohort1,BWA-MEM,HG01952,HG03486,1,*1/*17,*1/*17,*1/*17,*1/*17,*1/*17,concordant
cohort1,cohort1,BWA-MEM,HG01952,HG03492,1,*2/*41,*2/*41,*2/*41,*2/*41,*2/*41,concordant
cohort1,cohort1,BWA-MEM,HG01952,HG03516,1,*2+rs61737946+rs61745683/*17,*2/*17,*2/*17,*17/*2,*2/*17,concordant
cohort1,cohort1,BWA-MEM,HG01952,HG03540,1,*2+*2+rs61737946/*17+rs61745683,*2+*2/*17,*2+*2/*17,*17/*2+*2,*2+*2/*17,concordant
cohort1,cohort1,BWA-MEM,HG01952,HG03579,1,*1/*2,*1/*2,*1/*2,*2/*1,*1/*2,concordant
cohort1,cohort1,BWA-MEM,HG01952,NA18906,1,*17+rs61737946+rs61745683/*125,*17/*125,*17/*125,*17/*125,*17/*125,concordant
cohort1,cohort1,BWA-MEM,HG01952,NA19240,1,*15/*17,*15/*17,*15/*17,*17/*15,*15/*17,concordant
cohort1,cohort1,BWA-MEM,HG01952,NA20129,1,*4C/*4C,*4/*4,*4/*4,*5/*4+*4,*4+*4/*5,discordant
cohort1,cohort1,BWA-MEM,HG01952,NA21309,1,*5/*29,*5/*29,*5/*29,*29/*5,*5/*29,concordant
cohort1,cohort1,BWA-MEM,HG01952,NA24385,1,*2/*4,*2/*4,*2/*4,*2/*4,*2/*4,concordant
cohort1,cohort1,BWA-MEM,HG01952,NA24631,1,*36.ALDY+*10/*49,*36+*10/*49,*10+*36/*49,*49/*10+*36,*10+*36/*49,concordant
cohort1,cohort1,BWA-MEM,HG01978,HG00438,1,*36.ALDY+*10/*36.ALDY+*71,*36+*10/*36+*71,*10+*36/*36+*71,*10+*36+*36/*71,*10+*36+*36/*71,discordant
cohort1,cohort1,BWA-MEM,HG01978,HG00621,1,*5/*49,*5/*49,*5/*49,*5/*49,*5/*49,concordant
cohort1,cohort1,BWA-MEM,HG01978,HG00673,1,*1/*10,*1/*10,*1/*10,*1/*10,*1/*10,concordant
cohort1,cohort1,BWA-MEM,HG01978,HG00733,1,*41/*68+*4.021,*41/*68+*4,*4+*68/*41,*41/*4+*68,*4+*68/*41,concordant
cohort1,cohort1,BWA-MEM,HG01978,HG00735,1,*1/*4,*1/*4,*1/*4,*4/*1,*1/*4,concordant
cohort1,cohort1,BWA-MEM,HG01978,HG00741,1,*1/*2,*1/*2,*1/*2,*2/*1,*1/*2,concordant
cohort1,cohort1,BWA-MEM,HG01978,HG01071,1,*4/*41,*4/*41,*4/*41,*41/*4,*4/*41,concordant
cohort1,cohort1,BWA-MEM,HG01978,HG01106,1,*4.028/*35,*4/*35,*4/*35,*35/*4,*4/*35,concordant
cohort1,cohort1,BWA-MEM,HG01978,HG01109,1,*41/*106,*41/*106,*41/*106,*106/*41,*41/*106,concordant
cohort1,cohort1,BWA-MEM,HG01978,HG01175,1,*41/*41,*41/*41,*41/*41,*41/*41,*41/*41,concordant
cohort1,cohort1,BWA-MEM,HG01978,HG01243,1,*1/*5,*1/*5,*1/*5,*5/*1,*1/*5,concordant
cohort1,cohort1,BWA-MEM,HG01978,HG01258,1,*65+*68:2/*68+*4.021,*65+*68/*68+*4,*4+*68/*65+*68,*2/*4+*68+*68,*2/*4+*68+*68,discordant
cohort1,cohort1,BWA-MEM,HG01978,HG01358,1,*1/*1,*1/*1,*1/*1,*1/*1,*1/*1,concordant
cohort1,cohort1,BWA-MEM,HG01978,HG01361,1,*1/*4.028,*1/*4,*1/*4,*1/*4,*1/*4,concordant
cohort1,cohort1,BWA-MEM,HG01978,HG01891,1,*5/*29,*5/*29,*5/*29,*29/*5,*5/*29,concordant
cohort1,cohort1,BWA-MEM,HG01978,HG01928,1,*1/*1,*1/*1,*1/*1,*1/*1,*1/*1,concordant
cohort1,cohort1,BWA-MEM,HG01978,HG01952,1,*1/*4.028,*1/*4,*1/*4,*1/*4,*1/*4,concordant
cohort1,cohort1,BWA-MEM,HG01978,HG02055,1,*1/*1,*1/*1,*1/*1,*1/*1,*1/*1,concordant
cohort1,cohort1,BWA-MEM,HG01978,HG02080,1,*2/*10,*2/*10,*2/*10,*10/*2,*2/*10,concordant
cohort1,cohort1,BWA-MEM,HG01978,HG02109,1,*45/*122+rs61737946,*45/*122,*45/*122,*45/*1,*1/*45,discordant
cohort1,cohort1,BWA-MEM,HG01978,HG02145,1,*5/*84,*5/*84,*5/*84,*5/*84,*5/*84,concordant
cohort1,cohort1,BWA-MEM,HG01978,HG02148,1,*1/*2,*1/*2,*1/*2,*1/*2,*1/*2,concordant
cohort1,cohort1,BWA-MEM,HG01978,HG02257,1,*2/*35,*2/*35,*2/*35,*35/*2,*2/*35,concordant
cohort1,cohort1,BWA-MEM,HG01978,HG02572,1,*1/*152,*1/*152,*1/*152,*1/*152,*1/*152,concordant
cohort1,cohort1,BWA-MEM,HG01978,HG02622,1,*17+rs61737946+rs61745683/*46,*17/*46,*17/*46,*46/*17,*17/*46,concordant
cohort1,cohort1,BWA-MEM,HG01978,HG02630,1,*1/*46,*1/*46,*1/*46,*1/*46,*1/*46,concordant
cohort1,cohort1,BWA-MEM,HG01978,HG02717,1,*1/*1,*1/*1,*1/*1,*1/*1,*1/*1,concordant
cohort1,cohort1,BWA-MEM,HG01978,HG02723,1,*2/*17+rs61737946+rs61745683,*2/*17,*2/*17,*2/*17,*2/*17,concordant
cohort1,cohort1,BWA-MEM,HG01978,HG02818,1,*1/*2,*1/*2,*1/*2,*2/*1,*1/*2,concordant
cohort1,cohort1,BWA-MEM,HG01978,HG02886,1,*1/*4,*1/*4,*1/*4,*4/*1,*1/*4,concordant
cohort1,cohort1,BWA-MEM,HG01978,HG03098,1,*2/*29,*2/*29,*2/*29,*2/*29,*2/*29,concordant
cohort1,cohort1,BWA-MEM,HG01978,HG03453,1,*1/*29,*1/*29,*1/*29,*29/*1,*1/*29,concordant
cohort1,cohort1,BWA-MEM,HG01978,HG03486,1,*1/*17,*1/*17,*1/*17,*1/*17,*1/*17,concordant
cohort1,cohort1,BWA-MEM,HG01978,HG03492,1,*2/*41,*2/*41,*2/*41,*2/*41,*2/*41,concordant
cohort1,cohort1,BWA-MEM,HG01978,HG03516,1,*2+rs61737946+rs61745683/*17,*2/*17,*2/*17,*17/*2,*2/*17,concordant
cohort1,cohort1,BWA-MEM,HG01978,HG03540,1,*2+*2+rs61745683/*17+rs61737946,*2+*2/*17,*2+*2/*17,*17/*2+*2,*2+*2/*17,concordant
cohort1,cohort1,BWA-MEM,HG01978,HG03579,1,*1/*2,*1/*2,*1/*2,*2/*1,*1/*2,concordant
cohort1,cohort1,BWA-MEM,HG01978,NA18906,1,*17+rs61737946+rs61745683/*125,*17/*125,*17/*125,*17/*125,*17/*125,concordant
cohort1,cohort1,BWA-MEM,HG01978,NA19240,1,*15/*17,*15/*17,*15/*17,*17/*15,*15/*17,concordant
cohort1,cohort1,BWA-MEM,HG01978,NA20129,1,*4C/*4C,*4/*4,*4/*4,*5/*4+*4,*4+*4/*5,discordant
cohort1,cohort1,BWA-MEM,HG01978,NA21309,1,*5/*29,*5/*29,*5/*29,*29/*5,*5/*29,concordant
cohort1,cohort1,BWA-MEM,HG01978,NA24385,1,*2/*4,*2/*4,*2/*4,*2/*4,*2/*4,concordant
cohort1,cohort1,BWA-MEM,HG01978,NA24631,1,*36.ALDY+*10/*49,*36+*10/*49,*10+*36/*49,*49/*10+*36,*10+*36/*49,concordant
cohort1,cohort1,BWA-MEM,HG02055,HG00438,1,*36.ALDY+*10/*36.ALDY+*71,*36+*10/*36+*71,*10+*36/*36+*71,*10+*36+*36/*71,*10+*36+*36/*71,discordant
cohort1,cohort1,BWA-MEM,HG02055,HG00621,1,*5/*49,*5/*49,*5/*49,*5/*49,*5/*49,concordant
cohort1,cohort1,BWA-MEM,HG02055,HG00673,1,*1/*10,*1/*10,*1/*10,*1/*10,*1/*10,concordant
cohort1,cohort1,BWA-MEM,HG02055,HG00733,1,*41/*68+*4.021,*41/*68+*4,*4+*68/*41,*41/*4+*68,*4+*68/*41,concordant
cohort1,cohort1,BWA-MEM,HG02055,HG00735,1,*1/*4,*1/*4,*1/*4,*4/*1,*1/*4,concordant
cohort1,cohort1,BWA-MEM,HG02055,HG00741,1,*1/*2,*1/*2,*1/*2,*2/*1,*1/*2,concordant
cohort1,cohort1,BWA-MEM,HG02055,HG01071,1,*4/*41,*4/*41,*4/*41,*41/*4,*4/*41,concordant
cohort1,cohort1,BWA-MEM,HG02055,HG01106,1,*4.028/*35,*4/*35,*4/*35,*35/*4,*4/*35,concordant
cohort1,cohort1,BWA-MEM,HG02055,HG01109,1,*41/*106,*41/*106,*41/*106,*106/*41,*41/*106,concordant
cohort1,cohort1,BWA-MEM,HG02055,HG01175,1,*41/*41,*41/*41,*41/*41,*41/*41,*41/*41,concordant
cohort1,cohort1,BWA-MEM,HG02055,HG01243,1,*1/*5,*1/*5,*1/*5,*5/*1,*1/*5,concordant
cohort1,cohort1,BWA-MEM,HG02055,HG01258,1,*65+*68:2/*68+*4.021,*65+*68/*68+*4,*4+*68/*65+*68,*2/*4+*68+*68,*2/*4+*68+*68,discordant
cohort1,cohort1,BWA-MEM,HG02055,HG01358,1,*1/*1,*1/*1,*1/*1,*1/*1,*1/*1,concordant
cohort1,cohort1,BWA-MEM,HG02055,HG01361,1,*1/*4.028,*1/*4,*1/*4,*1/*4,*1/*4,concordant
cohort1,cohort1,BWA-MEM,HG02055,HG01891,1,*5/*29,*5/*29,*5/*29,*29/*5,*5/*29,concordant
cohort1,cohort1,BWA-MEM,HG02055,HG01928,1,*1/*1,*1/*1,*1/*1,*1/*1,*1/*1,concordant
cohort1,cohort1,BWA-MEM,HG02055,HG01952,1,*1/*4.028,*1/*4,*1/*4,*1/*4,*1/*4,concordant
cohort1,cohort1,BWA-MEM,HG02055,HG01978,1,*1/*1,*1/*1,*1/*1,*1/*1,*1/*1,concordant
cohort1,cohort1,BWA-MEM,HG02055,HG02080,1,*2/*10,*2/*10,*2/*10,*10/*2,*2/*10,concordant
cohort1,cohort1,BWA-MEM,HG02055,HG02109,1,*45/*122+rs61737946,*45/*122,*45/*122,*45/*1,*1/*45,discordant
cohort1,cohort1,BWA-MEM,HG02055,HG02145,1,*5/*84,*5/*84,*5/*84,*5/*84,*5/*84,concordant
cohort1,cohort1,BWA-MEM,HG02055,HG02148,1,*1/*2,*1/*2,*1/*2,*1/*2,*1/*2,concordant
cohort1,cohort1,BWA-MEM,HG02055,HG02257,1,*2/*35,*2/*35,*2/*35,*35/*2,*2/*35,concordant
cohort1,cohort1,BWA-MEM,HG02055,HG02572,1,*1/*152,*1/*152,*1/*152,*1/*152,*1/*152,concordant
cohort1,cohort1,BWA-MEM,HG02055,HG02622,1,*17+rs61737946+rs61745683/*46,*17/*46,*17/*46,*46/*17,*17/*46,concordant
cohort1,cohort1,BWA-MEM,HG02055,HG02630,1,*1/*46,*1/*46,*1/*46,*1/*46,*1/*46,concordant
cohort1,cohort1,BWA-MEM,HG02055,HG02717,1,*1/*1,*1/*1,*1/*1,*1/*1,*1/*1,concordant
cohort1,cohort1,BWA-MEM,HG02055,HG02723,1,*2/*17+rs61737946+rs61745683,*2/*17,*2/*17,*2/*17,*2/*17,concordant
cohort1,cohort1,BWA-MEM,HG02055,HG02818,1,*1/*2,*1/*2,*1/*2,*2/*1,*1/*2,concordant
cohort1,cohort1,BWA-MEM,HG02055,HG02886,1,*1/*4,*1/*4,*1/*4,*4/*1,*1/*4,concordant
cohort1,cohort1,BWA-MEM,HG02055,HG03098,1,*2/*29,*2/*29,*2/*29,*2/*29,*2/*29,concordant
cohort1,cohort1,BWA-MEM,HG02055,HG03453,1,*1/*29,*1/*29,*1/*29,*29/*1,*1/*29,concordant
cohort1,cohort1,BWA-MEM,HG02055,HG03486,1,*1/*17,*1/*17,*1/*17,*1/*17,*1/*17,concordant
cohort1,cohort1,BWA-MEM,HG02055,HG03492,1,*2/*41,*2/*41,*2/*41,*2/*41,*2/*41,concordant
cohort1,cohort1,BWA-MEM,HG02055,HG03516,1,*2+rs61737946+rs61745683/*17,*2/*17,*2/*17,*17/*2,*2/*17,concordant
cohort1,cohort1,BWA-MEM,HG02055,HG03540,1,*2+*2+rs61737946/*17+rs61745683,*2+*2/*17,*2+*2/*17,*17/*2+*2,*2+*2/*17,concordant
cohort1,cohort1,BWA-MEM,HG02055,HG03579,1,*1/*2,*1/*2,*1/*2,*2/*1,*1/*2,concordant
cohort1,cohort1,BWA-MEM,HG02055,NA18906,1,*17+rs61737946+rs61745683/*125,*17/*125,*17/*125,*17/*125,*17/*125,concordant
cohort1,cohort1,BWA-MEM,HG02055,NA19240,1,*15/*17,*15/*17,*15/*17,*17/*15,*15/*17,concordant
cohort1,cohort1,BWA-MEM,HG02055,NA20129,1,*4C/*4C,*4/*4,*4/*4,*5/*4+*4,*4+*4/*5,discordant
cohort1,cohort1,BWA-MEM,HG02055,NA21309,1,*5/*29,*5/*29,*5/*29,*29/*5,*5/*29,concordant
cohort1,cohort1,BWA-MEM,HG02055,NA24385,1,*2/*4,*2/*4,*2/*4,*2/*4,*2/*4,concordant
cohort1,cohort1,BWA-MEM,HG02055,NA24631,1,*36.ALDY+*10/*49,*36+*10/*49,*10+*36/*49,*49/*10+*36,*10+*36/*49,concordant
cohort1,cohort1,BWA-MEM,HG02080,HG00438,1,*10+*71/*36.ALDY+*10,*10+*71/*36+*10,*10+*36/*10+*71,*10+*36+*36/*71,*10+*36+*36/*71,discordant
cohort1,cohort1,BWA-MEM,HG02080,HG00621,1,*5/*49,*5/*49,*5/*49,*5/*49,*5/*49,concordant
cohort1,cohort1,BWA-MEM,HG02080,HG00673,1,*1/*10,*1/*10,*1/*10,*1/*10,*1/*10,concordant
cohort1,cohort1,BWA-MEM,HG02080,HG00733,1,*41/*68+*4.021,*41/*68+*4,*4+*68/*41,*41/*4+*68,*4+*68/*41,concordant
cohort1,cohort1,BWA-MEM,HG02080,HG00735,1,*1/*4,*1/*4,*1/*4,*4/*1,*1/*4,concordant
cohort1,cohort1,BWA-MEM,HG02080,HG00741,1,*1/*2,*1/*2,*1/*2,*2/*1,*1/*2,concordant
cohort1,cohort1,BWA-MEM,HG02080,HG01071,1,*4/*41,*4/*41,*4/*41,*41/*4,*4/*41,concordant
cohort1,cohort1,BWA-MEM,HG02080,HG01106,1,*4.028/*35,*4/*35,*4/*35,*35/*4,*4/*35,concordant
cohort1,cohort1,BWA-MEM,HG02080,HG01109,1,*41/*106,*41/*106,*41/*106,*106/*41,*41/*106,concordant
cohort1,cohort1,BWA-MEM,HG02080,HG01175,1,*41/*41,*41/*41,*41/*41,*41/*41,*41/*41,concordant
cohort1,cohort1,BWA-MEM,HG02080,HG01243,1,*1/*5,*1/*5,*1/*5,*5/*1,*1/*5,concordant
cohort1,cohort1,BWA-MEM,HG02080,HG01258,1,*2/*68+*4.021,*2/*68+*4,*2/*4+*68,*2/*4+*68+*68,*2/*4+*68+*68,discordant
cohort1,cohort1,BWA-MEM,HG02080,HG01358,1,*1/*1,*1/*1,*1/*1,*1/*1,*1/*1,concordant
cohort1,cohort1,BWA-MEM,HG02080,HG01361,1,*1/*4.028,*1/*4,*1/*4,*1/*4,*1/*4,concordant
cohort1,cohort1,BWA-MEM,HG02080,HG01891,1,*5/*29,*5/*29,*5/*29,*29/*5,*5/*29,concordant
cohort1,cohort1,BWA-MEM,HG02080,HG01928,1,*1/*1,*1/*1,*1/*1,*1/*1,*1/*1,concordant
cohort1,cohort1,BWA-MEM,HG02080,HG01952,1,*1/*4.028,*1/*4,*1/*4,*1/*4,*1/*4,concordant
cohort1,cohort1,BWA-MEM,HG02080,HG01978,1,*1/*1,*1/*1,*1/*1,*1/*1,*1/*1,concordant
cohort1,cohort1,BWA-MEM,HG02080,HG02055,1,*1/*1,*1/*1,*1/*1,*1/*1,*1/*1,concordant
cohort1,cohort1,BWA-MEM,HG02080,HG02109,1,*45/*122+rs61737946,*45/*122,*45/*122,*45/*1,*1/*45,discordant
cohort1,cohort1,BWA-MEM,HG02080,HG02145,1,*5/*84,*5/*84,*5/*84,*5/*84,*5/*84,concordant
cohort1,cohort1,BWA-MEM,HG02080,HG02148,1,*1/*2,*1/*2,*1/*2,*1/*2,*1/*2,concordant
cohort1,cohort1,BWA-MEM,HG02080,HG02257,1,*2/*35,*2/*35,*2/*35,*35/*2,*2/*35,concordant
cohort1,cohort1,BWA-MEM,HG02080,HG02572,1,*1/*152,*1/*152,*1/*152,*1/*152,*1/*152,concordant
cohort1,cohort1,BWA-MEM,HG02080,HG02622,1,*17+rs61737946+rs61745683/*46,*17/*46,*17/*46,*46/*17,*17/*46,concordant
cohort1,cohort1,BWA-MEM,HG02080,HG02630,1,*1/*46,*1/*46,*1/*46,*1/*46,*1/*46,concordant
cohort1,cohort1,BWA-MEM,HG02080,HG02717,1,*1/*1,*1/*1,*1/*1,*1/*1,*1/*1,concordant
cohort1,cohort1,BWA-MEM,HG02080,HG02723,1,*2/*17+rs61737946+rs61745683,*2/*17,*2/*17,*2/*17,*2/*17,concordant
cohort1,cohort1,BWA-MEM,HG02080,HG02818,1,*1/*2,*1/*2,*1/*2,*2/*1,*1/*2,concordant
cohort1,cohort1,BWA-MEM,HG02080,HG02886,1,*1/*4,*1/*4,*1/*4,*4/*1,*1/*4,concordant
cohort1,cohort1,BWA-MEM,HG02080,HG03098,1,*2/*29,*2/*29,*2/*29,*2/*29,*2/*29,concordant
cohort1,cohort1,BWA-MEM,HG02080,HG03453,1,*1/*29,*1/*29,*1/*29,*29/*1,*1/*29,concordant
cohort1,cohort1,BWA-MEM,HG02080,HG03486,1,*1/*17,*1/*17,*1/*17,*1/*17,*1/*17,concordant
cohort1,cohort1,BWA-MEM,HG02080,HG03492,1,*2/*41,*2/*41,*2/*41,*2/*41,*2/*41,concordant
cohort1,cohort1,BWA-MEM,HG02080,HG03516,1,*2+rs61737946+rs61745683/*17,*2/*17,*2/*17,*17/*2,*2/*17,concordant
cohort1,cohort1,BWA-MEM,HG02080,HG03540,1,*2+*2+rs61745683/*17+rs61737946,*2+*2/*17,*2+*2/*17,*17/*2+*2,*2+*2/*17,concordant
cohort1,cohort1,BWA-MEM,HG02080,HG03579,1,*1/*2,*1/*2,*1/*2,*2/*1,*1/*2,concordant
cohort1,cohort1,BWA-MEM,HG02080,NA18906,1,*17+rs61737946+rs61745683/*125,*17/*125,*17/*125,*17/*125,*17/*125,concordant
cohort1,cohort1,BWA-MEM,HG02080,NA19240,1,*15/*17,*15/*17,*15/*17,*17/*15,*15/*17,concordant
cohort1,cohort1,BWA-MEM,HG02080,NA20129,1,*4C/*4C,*4/*4,*4/*4,*5/*4+*4,*4+*4/*5,discordant
cohort1,cohort1,BWA-MEM,HG02080,NA21309,1,*5/*29,*5/*29,*5/*29,*29/*5,*5/*29,concordant
cohort1,cohort1,BWA-MEM,HG02080,NA24385,1,*2/*4,*2/*4,*2/*4,*2/*4,*2/*4,concordant
cohort1,cohort1,BWA-MEM,HG02080,NA24631,1,*10+*10/*49,*10+*10/*49,*10+*10/*49,*49/*10+*36,*10+*36/*49,discordant
cohort1,cohort1,BWA-MEM,HG02109,HG00438,1,*36.ALDY+*10/*36.ALDY+*71,*36+*10/*36+*71,*10+*36/*36+*71,*10+*36+*36/*71,*10+*36+*36/*71,discordant
cohort1,cohort1,BWA-MEM,HG02109,HG00621,1,*5/*49,*5/*49,*5/*49,*5/*49,*5/*49,concordant
cohort1,cohort1,BWA-MEM,HG02109,HG00673,1,*1/*10,*1/*10,*1/*10,*1/*10,*1/*10,concordant
cohort1,cohort1,BWA-MEM,HG02109,HG00733,1,*41/*68+*4.021,*41/*68+*4,*4+*68/*41,*41/*4+*68,*4+*68/*41,concordant
cohort1,cohort1,BWA-MEM,HG02109,HG00735,1,*1/*4,*1/*4,*1/*4,*4/*1,*1/*4,concordant
cohort1,cohort1,BWA-MEM,HG02109,HG00741,1,*1/*2,*1/*2,*1/*2,*2/*1,*1/*2,concordant
cohort1,cohort1,BWA-MEM,HG02109,HG01071,1,*4/*41,*4/*41,*4/*41,*41/*4,*4/*41,concordant
cohort1,cohort1,BWA-MEM,HG02109,HG01106,1,*4.028/*35,*4/*35,*4/*35,*35/*4,*4/*35,concordant
cohort1,cohort1,BWA-MEM,HG02109,HG01109,1,*41/*106,*41/*106,*41/*106,*106/*41,*41/*106,concordant
cohort1,cohort1,BWA-MEM,HG02109,HG01175,1,*41/*41,*41/*41,*41/*41,*41/*41,*41/*41,concordant
cohort1,cohort1,BWA-MEM,HG02109,HG01243,1,*1/*5,*1/*5,*1/*5,*5/*1,*1/*5,concordant
cohort1,cohort1,BWA-MEM,HG02109,HG01258,1,*2/*68+*4.021,*2/*68+*4,*2/*4+*68,*2/*4+*68+*68,*2/*4+*68+*68,discordant
cohort1,cohort1,BWA-MEM,HG02109,HG01358,1,*1/*1,*1/*1,*1/*1,*1/*1,*1/*1,concordant
cohort1,cohort1,BWA-MEM,HG02109,HG01361,1,*1/*4.028,*1/*4,*1/*4,*1/*4,*1/*4,concordant
cohort1,cohort1,BWA-MEM,HG02109,HG01891,1,*5/*29,*5/*29,*5/*29,*29/*5,*5/*29,concordant
cohort1,cohort1,BWA-MEM,HG02109,HG01928,1,*1/*1,*1/*1,*1/*1,*1/*1,*1/*1,concordant
cohort1,cohort1,BWA-MEM,HG02109,HG01952,1,*1/*4.028,*1/*4,*1/*4,*1/*4,*1/*4,concordant
cohort1,cohort1,BWA-MEM,HG02109,HG01978,1,*1/*1,*1/*1,*1/*1,*1/*1,*1/*1,concordant
cohort1,cohort1,BWA-MEM,HG02109,HG02055,1,*1/*1,*1/*1,*1/*1,*1/*1,*1/*1,concordant
cohort1,cohort1,BWA-MEM,HG02109,HG02080,1,*2/*10,*2/*10,*2/*10,*10/*2,*2/*10,concordant
cohort1,cohort1,BWA-MEM,HG02109,HG02145,1,*5/*84,*5/*84,*5/*84,*5/*84,*5/*84,concordant
cohort1,cohort1,BWA-MEM,HG02109,HG02148,1,*1/*2,*1/*2,*1/*2,*1/*2,*1/*2,concordant
cohort1,cohort1,BWA-MEM,HG02109,HG02257,1,*2/*35,*2/*35,*2/*35,*35/*2,*2/*35,concordant
cohort1,cohort1,BWA-MEM,HG02109,HG02572,1,*1/*152,*1/*152,*1/*152,*1/*152,*1/*152,concordant
cohort1,cohort1,BWA-MEM,HG02109,HG02622,1,*17+rs61737946+rs61745683/*46,*17/*46,*17/*46,*46/*17,*17/*46,concordant
cohort1,cohort1,BWA-MEM,HG02109,HG02630,1,*1/*46,*1/*46,*1/*46,*1/*46,*1/*46,concordant
cohort1,cohort1,BWA-MEM,HG02109,HG02717,1,*1/*1,*1/*1,*1/*1,*1/*1,*1/*1,concordant
cohort1,cohort1,BWA-MEM,HG02109,HG02723,1,*2/*17+rs61737946+rs61745683,*2/*17,*2/*17,*2/*17,*2/*17,concordant
cohort1,cohort1,BWA-MEM,HG02109,HG02818,1,*1/*2,*1/*2,*1/*2,*2/*1,*1/*2,concordant
cohort1,cohort1,BWA-MEM,HG02109,HG02886,1,*1/*4,*1/*4,*1/*4,*4/*1,*1/*4,concordant
cohort1,cohort1,BWA-MEM,HG02109,HG03098,1,*2/*29,*2/*29,*2/*29,*2/*29,*2/*29,concordant
cohort1,cohort1,BWA-MEM,HG02109,HG03453,1,*1/*29,*1/*29,*1/*29,*29/*1,*1/*29,concordant
cohort1,cohort1,BWA-MEM,HG02109,HG03486,1,*1/*17,*1/*17,*1/*17,*1/*17,*1/*17,concordant
cohort1,cohort1,BWA-MEM,HG02109,HG03492,1,*2/*41,*2/*41,*2/*41,*2/*41,*2/*41,concordant
cohort1,cohort1,BWA-MEM,HG02109,HG03516,1,*2+rs61737946+rs61745683/*17,*2/*17,*2/*17,*17/*2,*2/*17,concordant
cohort1,cohort1,BWA-MEM,HG02109,HG03540,1,*2/*79+*2+rs61737946+rs61745683,*2/*79+*2,*2/*2+*79,*17/*2+*2,*2+*2/*17,discordant
cohort1,cohort1,BWA-MEM,HG02109,HG03579,1,*1/*2,*1/*2,*1/*2,*2/*1,*1/*2,concordant
cohort1,cohort1,BWA-MEM,HG02109,NA18906,1,*17+rs61737946+rs61745683/*125,*17/*125,*17/*125,*17/*125,*17/*125,concordant
cohort1,cohort1,BWA-MEM,HG02109,NA19240,1,*15/*17,*15/*17,*15/*17,*17/*15,*15/*17,concordant
cohort1,cohort1,BWA-MEM,HG02109,NA20129,1,*4C/*4C,*4/*4,*4/*4,*5/*4+*4,*4+*4/*5,discordant
cohort1,cohort1,BWA-MEM,HG02109,NA21309,1,*5/*29,*5/*29,*5/*29,*29/*5,*5/*29,concordant
cohort1,cohort1,BWA-MEM,HG02109,NA24385,1,*2/*4,*2/*4,*2/*4,*2/*4,*2/*4,concordant
cohort1,cohort1,BWA-MEM,HG02109,NA24631,1,*36.ALDY+*10/*49,*36+*10/*49,*10+*36/*49,*49/*10+*36,*10+*36/*49,concordant
cohort1,cohort1,BWA-MEM,HG02148,HG00438,1,*36.ALDY+*10/*36.ALDY+*71,*36+*10/*36+*71,*10+*36/*36+*71,*10+*36+*36/*71,*10+*36+*36/*71,discordant
cohort1,cohort1,BWA-MEM,HG02148,HG00621,1,*5/*49,*5/*49,*5/*49,*5/*49,*5/*49,concordant
cohort1,cohort1,BWA-MEM,HG02148,HG00673,1,*1/*10,*1/*10,*1/*10,*1/*10,*1/*10,concordant
cohort1,cohort1,BWA-MEM,HG02148,HG00733,1,*41/*68+*4.021,*41/*68+*4,*4+*68/*41,*41/*4+*68,*4+*68/*41,concordant
cohort1,cohort1,BWA-MEM,HG02148,HG00735,1,*1/*4,*1/*4,*1/*4,*4/*1,*1/*4,concordant
cohort1,cohort1,BWA-MEM,HG02148,HG00741,1,*1/*2,*1/*2,*1/*2,*2/*1,*1/*2,concordant
cohort1,cohort1,BWA-MEM,HG02148,HG01071,1,*4/*41,*4/*41,*4/*41,*41/*4,*4/*41,concordant
cohort1,cohort1,BWA-MEM,HG02148,HG01106,1,*4.028/*35,*4/*35,*4/*35,*35/*4,*4/*35,concordant
cohort1,cohort1,BWA-MEM,HG02148,HG01109,1,*41/*106,*41/*106,*41/*106,*106/*41,*41/*106,concordant
cohort1,cohort1,BWA-MEM,HG02148,HG01175,1,*41/*41,*41/*41,*41/*41,*41/*41,*41/*41,concordant
cohort1,cohort1,BWA-MEM,HG02148,HG01243,1,*1/*5,*1/*5,*1/*5,*5/*1,*1/*5,concordant
cohort1,cohort1,BWA-MEM,HG02148,HG01258,1,*2/*68+*4.021,*2/*68+*4,*2/*4+*68,*2/*4+*68+*68,*2/*4+*68+*68,discordant
cohort1,cohort1,BWA-MEM,HG02148,HG01358,1,*1/*1,*1/*1,*1/*1,*1/*1,*1/*1,concordant
cohort1,cohort1,BWA-MEM,HG02148,HG01361,1,*1/*4.028,*1/*4,*1/*4,*1/*4,*1/*4,concordant
cohort1,cohort1,BWA-MEM,HG02148,HG01891,1,*5/*29,*5/*29,*5/*29,*29/*5,*5/*29,concordant
cohort1,cohort1,BWA-MEM,HG02148,HG01928,1,*1/*1,*1/*1,*1/*1,*1/*1,*1/*1,concordant
cohort1,cohort1,BWA-MEM,HG02148,HG01952,1,*1/*4.028,*1/*4,*1/*4,*1/*4,*1/*4,concordant
cohort1,cohort1,BWA-MEM,HG02148,HG01978,1,*1/*1,*1/*1,*1/*1,*1/*1,*1/*1,concordant
cohort1,cohort1,BWA-MEM,HG02148,HG02055,1,*1/*1,*1/*1,*1/*1,*1/*1,*1/*1,concordant
cohort1,cohort1,BWA-MEM,HG02148,HG02080,1,*2/*10,*2/*10,*2/*10,*10/*2,*2/*10,concordant
cohort1,cohort1,BWA-MEM,HG02148,HG02109,1,*45/*122+rs61737946,*45/*122,*45/*122,*45/*1,*1/*45,discordant
cohort1,cohort1,BWA-MEM,HG02148,HG02145,1,*5/*84,*5/*84,*5/*84,*5/*84,*5/*84,concordant
cohort1,cohort1,BWA-MEM,HG02148,HG02257,1,*2/*35,*2/*35,*2/*35,*35/*2,*2/*35,concordant
cohort1,cohort1,BWA-MEM,HG02148,HG02572,1,*1/*152,*1/*152,*1/*152,*1/*152,*1/*152,concordant
cohort1,cohort1,BWA-MEM,HG02148,HG02622,1,*17+rs61737946+rs61745683/*46,*17/*46,*17/*46,*46/*17,*17/*46,concordant
cohort1,cohort1,BWA-MEM,HG02148,HG02630,1,*1/*46,*1/*46,*1/*46,*1/*46,*1/*46,concordant
cohort1,cohort1,BWA-MEM,HG02148,HG02717,1,*1/*1,*1/*1,*1/*1,*1/*1,*1/*1,concordant
cohort1,cohort1,BWA-MEM,HG02148,HG02723,1,*2/*17+rs61737946+rs61745683,*2/*17,*2/*17,*2/*17,*2/*17,concordant
cohort1,cohort1,BWA-MEM,HG02148,HG02818,1,*1/*2,*1/*2,*1/*2,*2/*1,*1/*2,concordant
cohort1,cohort1,BWA-MEM,HG02148,HG02886,1,*1/*4,*1/*4,*1/*4,*4/*1,*1/*4,concordant
cohort1,cohort1,BWA-MEM,HG02148,HG03098,1,*2/*29,*2/*29,*2/*29,*2/*29,*2/*29,concordant
cohort1,cohort1,BWA-MEM,HG02148,HG03453,1,*1/*29,*1/*29,*1/*29,*29/*1,*1/*29,concordant
cohort1,cohort1,BWA-MEM,HG02148,HG03486,1,*1/*17,*1/*17,*1/*17,*1/*17,*1/*17,concordant
cohort1,cohort1,BWA-MEM,HG02148,HG03492,1,*2/*41,*2/*41,*2/*41,*2/*41,*2/*41,concordant
cohort1,cohort1,BWA-MEM,HG02148,HG03516,1,*2+rs61737946+rs61745683/*17,*2/*17,*2/*17,*17/*2,*2/*17,concordant
cohort1,cohort1,BWA-MEM,HG02148,HG03540,1,*2+*2+rs61737946/*17+rs61745683,*2+*2/*17,*2+*2/*17,*17/*2+*2,*2+*2/*17,concordant
cohort1,cohort1,BWA-MEM,HG02148,HG03579,1,*1/*2,*1/*2,*1/*2,*2/*1,*1/*2,concordant
cohort1,cohort1,BWA-MEM,HG02148,NA18906,1,*17+rs61737946+rs61745683/*125,*17/*125,*17/*125,*17/*125,*17/*125,concordant
cohort1,cohort1,BWA-MEM,HG02148,NA19240,1,*15/*17,*15/*17,*15/*17,*17/*15,*15/*17,concordant
cohort1,cohort1,BWA-MEM,HG02148,NA20129,1,*4C/*4C,*4/*4,*4/*4,*5/*4+*4,*4+*4/*5,discordant
cohort1,cohort1,BWA-MEM,HG02148,NA21309,1,*5/*29,*5/*29,*5/*29,*29/*5,*5/*29,concordant
cohort1,cohort1,BWA-MEM,HG02148,NA24385,1,*2/*4,*2/*4,*2/*4,*2/*4,*2/*4,concordant
cohort1,cohort1,BWA-MEM,HG02148,NA24631,1,*36.ALDY+*10/*49,*36+*10/*49,*10+*36/*49,*49/*10+*36,*10+*36/*49,concordant
cohort1,cohort1,BWA-MEM,HG02257,HG00438,1,*36.ALDY+*10/*36.ALDY+*71,*36+*10/*36+*71,*10+*36/*36+*71,*10+*36+*36/*71,*10+*36+*36/*71,discordant
cohort1,cohort1,BWA-MEM,HG02257,HG00621,1,*5/*49,*5/*49,*5/*49,*5/*49,*5/*49,concordant
cohort1,cohort1,BWA-MEM,HG02257,HG00673,1,*1/*10,*1/*10,*1/*10,*1/*10,*1/*10,concordant
cohort1,cohort1,BWA-MEM,HG02257,HG00733,1,*41/*68+*4.021,*41/*68+*4,*4+*68/*41,*41/*4+*68,*4+*68/*41,concordant
cohort1,cohort1,BWA-MEM,HG02257,HG00735,1,*1/*4,*1/*4,*1/*4,*4/*1,*1/*4,concordant
cohort1,cohort1,BWA-MEM,HG02257,HG00741,1,*1/*2,*1/*2,*1/*2,*2/*1,*1/*2,concordant
cohort1,cohort1,BWA-MEM,HG02257,HG01071,1,*4/*41,*4/*41,*4/*41,*41/*4,*4/*41,concordant
cohort1,cohort1,BWA-MEM,HG02257,HG01106,1,*4.028/*35,*4/*35,*4/*35,*35/*4,*4/*35,concordant
cohort1,cohort1,BWA-MEM,HG02257,HG01109,1,*41/*106,*41/*106,*41/*106,*106/*41,*41/*106,concordant
cohort1,cohort1,BWA-MEM,HG02257,HG01175,1,*41/*41,*41/*41,*41/*41,*41/*41,*41/*41,concordant
cohort1,cohort1,BWA-MEM,HG02257,HG01243,1,*1/*5,*1/*5,*1/*5,*5/*1,*1/*5,concordant
cohort1,cohort1,BWA-MEM,HG02257,HG01258,1,*65+*68:2/*68+*4.021,*65+*68/*68+*4,*4+*68/*65+*68,*2/*4+*68+*68,*2/*4+*68+*68,discordant
cohort1,cohort1,BWA-MEM,HG02257,HG01358,1,*1/*1,*1/*1,*1/*1,*1/*1,*1/*1,concordant
cohort1,cohort1,BWA-MEM,HG02257,HG01361,1,*1/*4.028,*1/*4,*1/*4,*1/*4,*1/*4,concordant
cohort1,cohort1,BWA-MEM,HG02257,HG01891,1,*5/*29,*5/*29,*5/*29,*29/*5,*5/*29,concordant
cohort1,cohort1,BWA-MEM,HG02257,HG01928,1,*1/*1,*1/*1,*1/*1,*1/*1,*1/*1,concordant
cohort1,cohort1,BWA-MEM,HG02257,HG01952,1,*1/*4.028,*1/*4,*1/*4,*1/*4,*1/*4,concordant
cohort1,cohort1,BWA-MEM,HG02257,HG01978,1,*1/*1,*1/*1,*1/*1,*1/*1,*1/*1,concordant
cohort1,cohort1,BWA-MEM,HG02257,HG02055,1,*1/*1,*1/*1,*1/*1,*1/*1,*1/*1,concordant
cohort1,cohort1,BWA-MEM,HG02257,HG02080,1,*2/*10,*2/*10,*2/*10,*10/*2,*2/*10,concordant
cohort1,cohort1,BWA-MEM,HG02257,HG02109,1,*45/*122+rs61737946,*45/*122,*45/*122,*45/*1,*1/*45,discordant
cohort1,cohort1,BWA-MEM,HG02257,HG02145,1,*5/*84,*5/*84,*5/*84,*5/*84,*5/*84,concordant
cohort1,cohort1,BWA-MEM,HG02257,HG02148,1,*1/*2,*1/*2,*1/*2,*1/*2,*1/*2,concordant
cohort1,cohort1,BWA-MEM,HG02257,HG02572,1,*1/*152,*1/*152,*1/*152,*1/*152,*1/*152,concordant
cohort1,cohort1,BWA-MEM,HG02257,HG02622,1,*17+rs61737946+rs61745683/*46,*17/*46,*17/*46,*46/*17,*17/*46,concordant
cohort1,cohort1,BWA-MEM,HG02257,HG02630,1,*1/*46,*1/*46,*1/*46,*1/*46,*1/*46,concordant
cohort1,cohort1,BWA-MEM,HG02257,HG02717,1,*1/*1,*1/*1,*1/*1,*1/*1,*1/*1,concordant
cohort1,cohort1,BWA-MEM,HG02257,HG02723,1,*2/*17+rs61737946+rs61745683,*2/*17,*2/*17,*2/*17,*2/*17,concordant
cohort1,cohort1,BWA-MEM,HG02257,HG02818,1,*1/*2,*1/*2,*1/*2,*2/*1,*1/*2,concordant
cohort1,cohort1,BWA-MEM,HG02257,HG02886,1,*1/*4,*1/*4,*1/*4,*4/*1,*1/*4,concordant
cohort1,cohort1,BWA-MEM,HG02257,HG03098,1,*2/*29,*2/*29,*2/*29,*2/*29,*2/*29,concordant
cohort1,cohort1,BWA-MEM,HG02257,HG03453,1,*1/*29,*1/*29,*1/*29,*29/*1,*1/*29,concordant
cohort1,cohort1,BWA-MEM,HG02257,HG03486,1,*1/*17,*1/*17,*1/*17,*1/*17,*1/*17,concordant
cohort1,cohort1,BWA-MEM,HG02257,HG03492,1,*2/*41,*2/*41,*2/*41,*2/*41,*2/*41,concordant
cohort1,cohort1,BWA-MEM,HG02257,HG03516,1,*2+rs61737946+rs61745683/*17,*2/*17,*2/*17,*17/*2,*2/*17,concordant
cohort1,cohort1,BWA-MEM,HG02257,HG03540,1,*2+*2+rs61745683/*17+rs61737946,*2+*2/*17,*2+*2/*17,*17/*2+*2,*2+*2/*17,concordant
cohort1,cohort1,BWA-MEM,HG02257,HG03579,1,*1/*2,*1/*2,*1/*2,*2/*1,*1/*2,concordant
cohort1,cohort1,BWA-MEM,HG02257,NA18906,1,*17+rs61737946+rs61745683/*125,*17/*125,*17/*125,*17/*125,*17/*125,concordant
cohort1,cohort1,BWA-MEM,HG02257,NA19240,1,*15/*17,*15/*17,*15/*17,*17/*15,*15/*17,concordant
cohort1,cohort1,BWA-MEM,HG02257,NA20129,1,*4C/*4C,*4/*4,*4/*4,*5/*4+*4,*4+*4/*5,discordant
cohort1,cohort1,BWA-MEM,HG02257,NA21309,1,*5/*29,*5/*29,*5/*29,*29/*5,*5/*29,concordant
cohort1,cohort1,BWA-MEM,HG02257,NA24385,1,*2/*4,*2/*4,*2/*4,*2/*4,*2/*4,concordant
cohort1,cohort1,BWA-MEM,HG02257,NA24631,1,*36.ALDY+*10/*49,*36+*10/*49,*10+*36/*49,*49/*10+*36,*10+*36/*49,concordant
cohort1,cohort1,BWA-MEM,HG02572,HG00438,1,*36.ALDY+*10/*36.ALDY+*71,*36+*10/*36+*71,*10+*36/*36+*71,*10+*36+*36/*71,*10+*36+*36/*71,discordant
cohort1,cohort1,BWA-MEM,HG02572,HG00621,1,*5/*49,*5/*49,*5/*49,*5/*49,*5/*49,concordant
cohort1,cohort1,BWA-MEM,HG02572,HG00673,1,*1/*10,*1/*10,*1/*10,*1/*10,*1/*10,concordant
cohort1,cohort1,BWA-MEM,HG02572,HG00733,1,*41/*68+*4.021,*41/*68+*4,*4+*68/*41,*41/*4+*68,*4+*68/*41,concordant
cohort1,cohort1,BWA-MEM,HG02572,HG00735,1,*1/*4,*1/*4,*1/*4,*4/*1,*1/*4,concordant
cohort1,cohort1,BWA-MEM,HG02572,HG00741,1,*1/*2,*1/*2,*1/*2,*2/*1,*1/*2,concordant
cohort1,cohort1,BWA-MEM,HG02572,HG01071,1,*4/*41,*4/*41,*4/*41,*41/*4,*4/*41,concordant
cohort1,cohort1,BWA-MEM,HG02572,HG01106,1,*4.028/*35,*4/*35,*4/*35,*35/*4,*4/*35,concordant
cohort1,cohort1,BWA-MEM,HG02572,HG01109,1,*41/*106,*41/*106,*41/*106,*106/*41,*41/*106,concordant
cohort1,cohort1,BWA-MEM,HG02572,HG01175,1,*41/*41,*41/*41,*41/*41,*41/*41,*41/*41,concordant
cohort1,cohort1,BWA-MEM,HG02572,HG01243,1,*1/*5,*1/*5,*1/*5,*5/*1,*1/*5,concordant
cohort1,cohort1,BWA-MEM,HG02572,HG01258,1,*65+*68:2/*68+*4.021,*65+*68/*68+*4,*4+*68/*65+*68,*2/*4+*68+*68,*2/*4+*68+*68,discordant
cohort1,cohort1,BWA-MEM,HG02572,HG01358,1,*1/*1,*1/*1,*1/*1,*1/*1,*1/*1,concordant
cohort1,cohort1,BWA-MEM,HG02572,HG01361,1,*1/*4.028,*1/*4,*1/*4,*1/*4,*1/*4,concordant
cohort1,cohort1,BWA-MEM,HG02572,HG01891,1,*5/*29,*5/*29,*5/*29,*29/*5,*5/*29,concordant
cohort1,cohort1,BWA-MEM,HG02572,HG01928,1,*1/*1,*1/*1,*1/*1,*1/*1,*1/*1,concordant
cohort1,cohort1,BWA-MEM,HG02572,HG01952,1,*1/*4.028,*1/*4,*1/*4,*1/*4,*1/*4,concordant
cohort1,cohort1,BWA-MEM,HG02572,HG01978,1,*1/*1,*1/*1,*1/*1,*1/*1,*1/*1,concordant
cohort1,cohort1,BWA-MEM,HG02572,HG02055,1,*1/*1,*1/*1,*1/*1,*1/*1,*1/*1,concordant
cohort1,cohort1,BWA-MEM,HG02572,HG02080,1,*2/*10,*2/*10,*2/*10,*10/*2,*2/*10,concordant
cohort1,cohort1,BWA-MEM,HG02572,HG02109,1,*45/*122+rs61737946,*45/*122,*45/*122,*45/*1,*1/*45,discordant
cohort1,cohort1,BWA-MEM,HG02572,HG02145,1,*5/*84,*5/*84,*5/*84,*5/*84,*5/*84,concordant
cohort1,cohort1,BWA-MEM,HG02572,HG02148,1,*1/*2,*1/*2,*1/*2,*1/*2,*1/*2,concordant
cohort1,cohort1,BWA-MEM,HG02572,HG02257,1,*2/*35,*2/*35,*2/*35,*35/*2,*2/*35,concordant
cohort1,cohort1,BWA-MEM,HG02572,HG02622,1,*17+rs61737946+rs61745683/*46,*17/*46,*17/*46,*46/*17,*17/*46,concordant
cohort1,cohort1,BWA-MEM,HG02572,HG02630,1,*1/*46,*1/*46,*1/*46,*1/*46,*1/*46,concordant
cohort1,cohort1,BWA-MEM,HG02572,HG02717,1,*1/*1,*1/*1,*1/*1,*1/*1,*1/*1,concordant
cohort1,cohort1,BWA-MEM,HG02572,HG02723,1,*2/*17+rs61737946+rs61745683,*2/*17,*2/*17,*2/*17,*2/*17,concordant
cohort1,cohort1,BWA-MEM,HG02572,HG02818,1,*1/*2,*1/*2,*1/*2,*2/*1,*1/*2,concordant
cohort1,cohort1,BWA-MEM,HG02572,HG02886,1,*1/*4,*1/*4,*1/*4,*4/*1,*1/*4,concordant
cohort1,cohort1,BWA-MEM,HG02572,HG03098,1,*2/*29,*2/*29,*2/*29,*2/*29,*2/*29,concordant
cohort1,cohort1,BWA-MEM,HG02572,HG03453,1,*1/*29,*1/*29,*1/*29,*29/*1,*1/*29,concordant
cohort1,cohort1,BWA-MEM,HG02572,HG03486,1,*1/*17,*1/*17,*1/*17,*1/*17,*1/*17,concordant
cohort1,cohort1,BWA-MEM,HG02572,HG03492,1,*2/*41,*2/*41,*2/*41,*2/*41,*2/*41,concordant
cohort1,cohort1,BWA-MEM,HG02572,HG03516,1,*2+rs61737946+rs61745683/*17,*2/*17,*2/*17,*17/*2,*2/*17,concordant
cohort1,cohort1,BWA-MEM,HG02572,HG03540,1,*2+*2+rs61737946/*17+rs61745683,*2+*2/*17,*2+*2/*17,*17/*2+*2,*2+*2/*17,concordant
cohort1,cohort1,BWA-MEM,HG02572,HG03579,1,*1/*2,*1/*2,*1/*2,*2/*1,*1/*2,concordant
cohort1,cohort1,BWA-MEM,HG02572,NA18906,1,*17+rs61737946+rs61745683/*125,*17/*125,*17/*125,*17/*125,*17/*125,concordant
cohort1,cohort1,BWA-MEM,HG02572,NA19240,1,*15/*17,*15/*17,*15/*17,*17/*15,*15/*17,concordant
cohort1,cohort1,BWA-MEM,HG02572,NA20129,1,*4C/*4C,*4/*4,*4/*4,*5/*4+*4,*4+*4/*5,discordant
cohort1,cohort1,BWA-MEM,HG02572,NA21309,1,*5/*29,*5/*29,*5/*29,*29/*5,*5/*29,concordant
cohort1,cohort1,BWA-MEM,HG02572,NA24385,1,*2/*4,*2/*4,*2/*4,*2/*4,*2/*4,concordant
cohort1,cohort1,BWA-MEM,HG02572,NA24631,1,*36.ALDY+*10/*49,*36+*10/*49,*10+*36/*49,*49/*10+*36,*10+*36/*49,concordant
cohort1,cohort1,BWA-MEM,HG02622,HG00438,1,*36.ALDY+*10/*36.ALDY+*71,*36+*10/*36+*71,*10+*36/*36+*71,*10+*36+*36/*71,*10+*36+*36/*71,discordant
cohort1,cohort1,BWA-MEM,HG02622,HG00621,1,*5/*49,*5/*49,*5/*49,*5/*49,*5/*49,concordant
cohort1,cohort1,BWA-MEM,HG02622,HG00673,1,*1/*10,*1/*10,*1/*10,*1/*10,*1/*10,concordant
cohort1,cohort1,BWA-MEM,HG02622,HG00733,1,*41/*68+*4.021,*41/*68+*4,*4+*68/*41,*41/*4+*68,*4+*68/*41,concordant
cohort1,cohort1,BWA-MEM,HG02622,HG00735,1,*1/*4,*1/*4,*1/*4,*4/*1,*1/*4,concordant
cohort1,cohort1,BWA-MEM,HG02622,HG00741,1,*1/*2,*1/*2,*1/*2,*2/*1,*1/*2,concordant
cohort1,cohort1,BWA-MEM,HG02622,HG01071,1,*4/*41,*4/*41,*4/*41,*41/*4,*4/*41,concordant
cohort1,cohort1,BWA-MEM,HG02622,HG01106,1,*4.028/*35,*4/*35,*4/*35,*35/*4,*4/*35,concordant
cohort1,cohort1,BWA-MEM,HG02622,HG01109,1,*41/*106,*41/*106,*41/*106,*106/*41,*41/*106,concordant
cohort1,cohort1,BWA-MEM,HG02622,HG01175,1,*41/*41,*41/*41,*41/*41,*41/*41,*41/*41,concordant
cohort1,cohort1,BWA-MEM,HG02622,HG01243,1,*1/*5,*1/*5,*1/*5,*5/*1,*1/*5,concordant
cohort1,cohort1,BWA-MEM,HG02622,HG01258,1,*65+*68:2/*68+*4.021,*65+*68/*68+*4,*4+*68/*65+*68,*2/*4+*68+*68,*2/*4+*68+*68,discordant
cohort1,cohort1,BWA-MEM,HG02622,HG01358,1,*1/*1,*1/*1,*1/*1,*1/*1,*1/*1,concordant
cohort1,cohort1,BWA-MEM,HG02622,HG01361,1,*1/*4.028,*1/*4,*1/*4,*1/*4,*1/*4,concordant
cohort1,cohort1,BWA-MEM,HG02622,HG01891,1,*5/*29,*5/*29,*5/*29,*29/*5,*5/*29,concordant
cohort1,cohort1,BWA-MEM,HG02622,HG01928,1,*1/*1,*1/*1,*1/*1,*1/*1,*1/*1,concordant
cohort1,cohort1,BWA-MEM,HG02622,HG01952,1,*1/*4.028,*1/*4,*1/*4,*1/*4,*1/*4,concordant
cohort1,cohort1,BWA-MEM,HG02622,HG01978,1,*1/*1,*1/*1,*1/*1,*1/*1,*1/*1,concordant
cohort1,cohort1,BWA-MEM,HG02622,HG02055,1,*1/*1,*1/*1,*1/*1,*1/*1,*1/*1,concordant
cohort1,cohort1,BWA-MEM,HG02622,HG02080,1,*2/*10,*2/*10,*2/*10,*10/*2,*2/*10,concordant
cohort1,cohort1,BWA-MEM,HG02622,HG02109,1,*45/*122+rs61737946,*45/*122,*45/*122,*45/*1,*1/*45,discordant
cohort1,cohort1,BWA-MEM,HG02622,HG02145,1,*5/*84,*5/*84,*5/*84,*5/*84,*5/*84,concordant
cohort1,cohort1,BWA-MEM,HG02622,HG02148,1,*1/*2,*1/*2,*1/*2,*1/*2,*1/*2,concordant
cohort1,cohort1,BWA-MEM,HG02622,HG02257,1,*2/*35,*2/*35,*2/*35,*35/*2,*2/*35,concordant
cohort1,cohort1,BWA-MEM,HG02622,HG02572,1,*1/*152,*1/*152,*1/*152,*1/*152,*1/*152,concordant
cohort1,cohort1,BWA-MEM,HG02622,HG02630,1,*1/*46,*1/*46,*1/*46,*1/*46,*1/*46,concordant
cohort1,cohort1,BWA-MEM,HG02622,HG02717,1,*1/*1,*1/*1,*1/*1,*1/*1,*1/*1,concordant
cohort1,cohort1,BWA-MEM,HG02622,HG02723,1,*2/*17+rs61737946+rs61745683,*2/*17,*2/*17,*2/*17,*2/*17,concordant
cohort1,cohort1,BWA-MEM,HG02622,HG02818,1,*1/*2,*1/*2,*1/*2,*2/*1,*1/*2,concordant
cohort1,cohort1,BWA-MEM,HG02622,HG02886,1,*1/*4,*1/*4,*1/*4,*4/*1,*1/*4,concordant
cohort1,cohort1,BWA-MEM,HG02622,HG03098,1,*2/*29,*2/*29,*2/*29,*2/*29,*2/*29,concordant
cohort1,cohort1,BWA-MEM,HG02622,HG03453,1,*1/*29,*1/*29,*1/*29,*29/*1,*1/*29,concordant
cohort1,cohort1,BWA-MEM,HG02622,HG03486,1,*1/*17,*1/*17,*1/*17,*1/*17,*1/*17,concordant
cohort1,cohort1,BWA-MEM,HG02622,HG03492,1,*2/*41,*2/*41,*2/*41,*2/*41,*2/*41,concordant
cohort1,cohort1,BWA-MEM,HG02622,HG03516,1,*2+rs61737946+rs61745683/*17,*2/*17,*2/*17,*17/*2,*2/*17,concordant
cohort1,cohort1,BWA-MEM,HG02622,HG03540,1,*2+*2+rs61745683/*17+rs61737946,*2+*2/*17,*2+*2/*17,*17/*2+*2,*2+*2/*17,concordant
cohort1,cohort1,BWA-MEM,HG02622,HG03579,1,*1/*2,*1/*2,*1/*2,*2/*1,*1/*2,concordant
cohort1,cohort1,BWA-MEM,HG02622,NA18906,1,*17+rs61737946+rs61745683/*125,*17/*125,*17/*125,*17/*125,*17/*125,concordant
cohort1,cohort1,BWA-MEM,HG02622,NA19240,1,*15/*17,*15/*17,*15/*17,*17/*15,*15/*17,concordant
cohort1,cohort1,BWA-MEM,HG02622,NA20129,1,*4C/*4C,*4/*4,*4/*4,*5/*4+*4,*4+*4/*5,discordant
cohort1,cohort1,BWA-MEM,HG02622,NA21309,1,*5/*29,*5/*29,*5/*29,*29/*5,*5/*29,concordant
cohort1,cohort1,BWA-MEM,HG02622,NA24385,1,*2/*4,*2/*4,*2/*4,*2/*4,*2/*4,concordant
cohort1,cohort1,BWA-MEM,HG02622,NA24631,1,*36.ALDY+*10/*49,*36+*10/*49,*10+*36/*49,*49/*10+*36,*10+*36/*49,concordant
cohort1,cohort1,BWA-MEM,HG02630,HG00438,1,*36.ALDY+*10/*36.ALDY+*71,*36+*10/*36+*71,*10+*36/*36+*71,*10+*36+*36/*71,*10+*36+*36/*71,discordant
cohort1,cohort1,BWA-MEM,HG02630,HG00621,1,*5/*49,*5/*49,*5/*49,*5/*49,*5/*49,concordant
cohort1,cohort1,BWA-MEM,HG02630,HG00673,1,*1/*10,*1/*10,*1/*10,*1/*10,*1/*10,concordant
cohort1,cohort1,BWA-MEM,HG02630,HG00733,1,*41/*68+*4.021,*41/*68+*4,*4+*68/*41,*41/*4+*68,*4+*68/*41,concordant
cohort1,cohort1,BWA-MEM,HG02630,HG00735,1,*1/*4,*1/*4,*1/*4,*4/*1,*1/*4,concordant
cohort1,cohort1,BWA-MEM,HG02630,HG00741,1,*1/*2,*1/*2,*1/*2,*2/*1,*1/*2,concordant
cohort1,cohort1,BWA-MEM,HG02630,HG01071,1,*4/*41,*4/*41,*4/*41,*41/*4,*4/*41,concordant
cohort1,cohort1,BWA-MEM,HG02630,HG01106,1,*4.028/*35,*4/*35,*4/*35,*35/*4,*4/*35,concordant
cohort1,cohort1,BWA-MEM,HG02630,HG01109,1,*41/*106,*41/*106,*41/*106,*106/*41,*41/*106,concordant
cohort1,cohort1,BWA-MEM,HG02630,HG01175,1,*41/*41,*41/*41,*41/*41,*41/*41,*41/*41,concordant
cohort1,cohort1,BWA-MEM,HG02630,HG01243,1,*1/*5,*1/*5,*1/*5,*5/*1,*1/*5,concordant
cohort1,cohort1,BWA-MEM,HG02630,HG01258,1,*65+*68:2/*68+*4.021,*65+*68/*68+*4,*4+*68/*65+*68,*2/*4+*68+*68,*2/*4+*68+*68,discordant
cohort1,cohort1,BWA-MEM,HG02630,HG01358,1,*1/*1,*1/*1,*1/*1,*1/*1,*1/*1,concordant
cohort1,cohort1,BWA-MEM,HG02630,HG01361,1,*1/*4.028,*1/*4,*1/*4,*1/*4,*1/*4,concordant
cohort1,cohort1,BWA-MEM,HG02630,HG01891,1,*5/*29,*5/*29,*5/*29,*29/*5,*5/*29,concordant
cohort1,cohort1,BWA-MEM,HG02630,HG01928,1,*1/*1,*1/*1,*1/*1,*1/*1,*1/*1,concordant
cohort1,cohort1,BWA-MEM,HG02630,HG01952,1,*1/*4.028,*1/*4,*1/*4,*1/*4,*1/*4,concordant
cohort1,cohort1,BWA-MEM,HG02630,HG01978,1,*1/*1,*1/*1,*1/*1,*1/*1,*1/*1,concordant
cohort1,cohort1,BWA-MEM,HG02630,HG02055,1,*1/*1,*1/*1,*1/*1,*1/*1,*1/*1,concordant
cohort1,cohort1,BWA-MEM,HG02630,HG02080,1,*2/*10,*2/*10,*2/*10,*10/*2,*2/*10,concordant
cohort1,cohort1,BWA-MEM,HG02630,HG02109,1,*45/*122+rs61737946,*45/*122,*45/*122,*45/*1,*1/*45,discordant
cohort1,cohort1,BWA-MEM,HG02630,HG02145,1,*5/*84,*5/*84,*5/*84,*5/*84,*5/*84,concordant
cohort1,cohort1,BWA-MEM,HG02630,HG02148,1,*1/*2,*1/*2,*1/*2,*1/*2,*1/*2,concordant
cohort1,cohort1,BWA-MEM,HG02630,HG02257,1,*2/*35,*2/*35,*2/*35,*35/*2,*2/*35,concordant
cohort1,cohort1,BWA-MEM,HG02630,HG02572,1,*1/*152,*1/*152,*1/*152,*1/*152,*1/*152,concordant
cohort1,cohort1,BWA-MEM,HG02630,HG02622,1,*17+rs61737946+rs61745683/*46,*17/*46,*17/*46,*46/*17,*17/*46,concordant
cohort1,cohort1,BWA-MEM,HG02630,HG02717,1,*1/*1,*1/*1,*1/*1,*1/*1,*1/*1,concordant
cohort1,cohort1,BWA-MEM,HG02630,HG02723,1,*2/*17+rs61737946+rs61745683,*2/*17,*2/*17,*2/*17,*2/*17,concordant
cohort1,cohort1,BWA-MEM,HG02630,HG02818,1,*1/*2,*1/*2,*1/*2,*2/*1,*1/*2,concordant
cohort1,cohort1,BWA-MEM,HG02630,HG02886,1,*1/*4,*1/*4,*1/*4,*4/*1,*1/*4,concordant
cohort1,cohort1,BWA-MEM,HG02630,HG03098,1,*2/*29,*2/*29,*2/*29,*2/*29,*2/*29,concordant
cohort1,cohort1,BWA-MEM,HG02630,HG03453,1,*1/*29,*1/*29,*1/*29,*29/*1,*1/*29,concordant
cohort1,cohort1,BWA-MEM,HG02630,HG03486,1,*1/*17,*1/*17,*1/*17,*1/*17,*1/*17,concordant
cohort1,cohort1,BWA-MEM,HG02630,HG03492,1,*2/*41,*2/*41,*2/*41,*2/*41,*2/*41,concordant
cohort1,cohort1,BWA-MEM,HG02630,HG03516,1,*2+rs61737946+rs61745683/*17,*2/*17,*2/*17,*17/*2,*2/*17,concordant
cohort1,cohort1,BWA-MEM,HG02630,HG03540,1,*2+*2+rs61737946/*17+rs61745683,*2+*2/*17,*2+*2/*17,*17/*2+*2,*2+*2/*17,concordant
cohort1,cohort1,BWA-MEM,HG02630,HG03579,1,*1/*2,*1/*2,*1/*2,*2/*1,*1/*2,concordant
cohort1,cohort1,BWA-MEM,HG02630,NA18906,1,*17+rs61737946+rs61745683/*125,*17/*125,*17/*125,*17/*125,*17/*125,concordant
cohort1,cohort1,BWA-MEM,HG02630,NA19240,1,*15/*17,*15/*17,*15/*17,*17/*15,*15/*17,concordant
cohort1,cohort1,BWA-MEM,HG02630,NA20129,1,*4C/*4C,*4/*4,*4/*4,*5/*4+*4,*4+*4/*5,discordant
cohort1,cohort1,BWA-MEM,HG02630,NA21309,1,*5/*29,*5/*29,*5/*29,*29/*5,*5/*29,concordant
cohort1,cohort1,BWA-MEM,HG02630,NA24385,1,*2/*4,*2/*4,*2/*4,*2/*4,*2/*4,concordant
cohort1,cohort1,BWA-MEM,HG02630,NA24631,1,*36.ALDY+*10/*49,*36+*10/*49,*10+*36/*49,*49/*10+*36,*10+*36/*49,concordant
cohort1,cohort1,BWA-MEM,HG02717,HG00438,1,*36.ALDY+*10/*36.ALDY+*71,*36+*10/*36+*71,*10+*36/*36+*71,*10+*36+*36/*71,*10+*36+*36/*71,discordant
cohort1,cohort1,BWA-MEM,HG02717,HG00621,1,*5/*49,*5/*49,*5/*49,*5/*49,*5/*49,concordant
cohort1,cohort1,BWA-MEM,HG02717,HG00673,1,*1/*10,*1/*10,*1/*10,*1/*10,*1/*10,concordant
cohort1,cohort1,BWA-MEM,HG02717,HG00733,1,*41/*68+*4.021,*41/*68+*4,*4+*68/*41,*41/*4+*68,*4+*68/*41,concordant
cohort1,cohort1,BWA-MEM,HG02717,HG00735,1,*1/*4,*1/*4,*1/*4,*4/*1,*1/*4,concordant
cohort1,cohort1,BWA-MEM,HG02717,HG00741,1,*1/*2,*1/*2,*1/*2,*2/*1,*1/*2,concordant
cohort1,cohort1,BWA-MEM,HG02717,HG01071,1,*4/*41,*4/*41,*4/*41,*41/*4,*4/*41,concordant
cohort1,cohort1,BWA-MEM,HG02717,HG01106,1,*4.028/*35,*4/*35,*4/*35,*35/*4,*4/*35,concordant
cohort1,cohort1,BWA-MEM,HG02717,HG01109,1,*41/*106,*41/*106,*41/*106,*106/*41,*41/*106,concordant
cohort1,cohort1,BWA-MEM,HG02717,HG01175,1,*41/*41,*41/*41,*41/*41,*41/*41,*41/*41,concordant
cohort1,cohort1,BWA-MEM,HG02717,HG01243,1,*1/*5,*1/*5,*1/*5,*5/*1,*1/*5,concordant
cohort1,cohort1,BWA-MEM,HG02717,HG01258,1,*65+*68:2/*68+*4.021,*65+*68/*68+*4,*4+*68/*65+*68,*2/*4+*68+*68,*2/*4+*68+*68,discordant
cohort1,cohort1,BWA-MEM,HG02717,HG01358,1,*1/*1,*1/*1,*1/*1,*1/*1,*1/*1,concordant
cohort1,cohort1,BWA-MEM,HG02717,HG01361,1,*1/*4.028,*1/*4,*1/*4,*1/*4,*1/*4,concordant
cohort1,cohort1,BWA-MEM,HG02717,HG01891,1,*5/*29,*5/*29,*5/*29,*29/*5,*5/*29,concordant
cohort1,cohort1,BWA-MEM,HG02717,HG01928,1,*1/*1,*1/*1,*1/*1,*1/*1,*1/*1,concordant
cohort1,cohort1,BWA-MEM,HG02717,HG01952,1,*1/*4.028,*1/*4,*1/*4,*1/*4,*1/*4,concordant
cohort1,cohort1,BWA-MEM,HG02717,HG01978,1,*1/*1,*1/*1,*1/*1,*1/*1,*1/*1,concordant
cohort1,cohort1,BWA-MEM,HG02717,HG02055,1,*1/*1,*1/*1,*1/*1,*1/*1,*1/*1,concordant
cohort1,cohort1,BWA-MEM,HG02717,HG02080,1,*2/*10,*2/*10,*2/*10,*10/*2,*2/*10,concordant
cohort1,cohort1,BWA-MEM,HG02717,HG02109,1,*45/*122+rs61737946,*45/*122,*45/*122,*45/*1,*1/*45,discordant
cohort1,cohort1,BWA-MEM,HG02717,HG02145,1,*5/*84,*5/*84,*5/*84,*5/*84,*5/*84,concordant
cohort1,cohort1,BWA-MEM,HG02717,HG02148,1,*1/*2,*1/*2,*1/*2,*1/*2,*1/*2,concordant
cohort1,cohort1,BWA-MEM,HG02717,HG02257,1,*2/*35,*2/*35,*2/*35,*35/*2,*2/*35,concordant
cohort1,cohort1,BWA-MEM,HG02717,HG02572,1,*1/*152,*1/*152,*1/*152,*1/*152,*1/*152,concordant
cohort1,cohort1,BWA-MEM,HG02717,HG02622,1,*17+rs61737946+rs61745683/*46,*17/*46,*17/*46,*46/*17,*17/*46,concordant
cohort1,cohort1,BWA-MEM,HG02717,HG02630,1,*1/*46,*1/*46,*1/*46,*1/*46,*1/*46,concordant
cohort1,cohort1,BWA-MEM,HG02717,HG02723,1,*2/*17+rs61737946+rs61745683,*2/*17,*2/*17,*2/*17,*2/*17,concordant
cohort1,cohort1,BWA-MEM,HG02717,HG02818,1,*1/*2,*1/*2,*1/*2,*2/*1,*1/*2,concordant
cohort1,cohort1,BWA-MEM,HG02717,HG02886,1,*1/*4,*1/*4,*1/*4,*4/*1,*1/*4,concordant
cohort1,cohort1,BWA-MEM,HG02717,HG03098,1,*2/*29,*2/*29,*2/*29,*2/*29,*2/*29,concordant
cohort1,cohort1,BWA-MEM,HG02717,HG03453,1,*1/*29,*1/*29,*1/*29,*29/*1,*1/*29,concordant
cohort1,cohort1,BWA-MEM,HG02717,HG03486,1,*1/*17,*1/*17,*1/*17,*1/*17,*1/*17,concordant
cohort1,cohort1,BWA-MEM,HG02717,HG03492,1,*2/*41,*2/*41,*2/*41,*2/*41,*2/*41,concordant
cohort1,cohort1,BWA-MEM,HG02717,HG03516,1,*2+rs61737946+rs61745683/*17,*2/*17,*2/*17,*17/*2,*2/*17,concordant
cohort1,cohort1,BWA-MEM,HG02717,HG03540,1,*2+*2+rs61745683/*17+rs61737946,*2+*2/*17,*2+*2/*17,*17/*2+*2,*2+*2/*17,concordant
cohort1,cohort1,BWA-MEM,HG02717,HG03579,1,*1/*2,*1/*2,*1/*2,*2/*1,*1/*2,concordant
cohort1,cohort1,BWA-MEM,HG02717,NA18906,1,*17+rs61737946+rs61745683/*125,*17/*125,*17/*125,*17/*125,*17/*125,concordant
cohort1,cohort1,BWA-MEM,HG02717,NA19240,1,*15/*17,*15/*17,*15/*17,*17/*15,*15/*17,concordant
cohort1,cohort1,BWA-MEM,HG02717,NA20129,1,*4C/*4C,*4/*4,*4/*4,*5/*4+*4,*4+*4/*5,discordant
cohort1,cohort1,BWA-MEM,HG02717,NA21309,1,*5/*29,*5/*29,*5/*29,*29/*5,*5/*29,concordant
cohort1,cohort1,BWA-MEM,HG02717,NA24385,1,*2/*4,*2/*4,*2/*4,*2/*4,*2/*4,concordant
cohort1,cohort1,BWA-MEM,HG02717,NA24631,1,*36.ALDY+*10/*49,*36+*10/*49,*10+*36/*49,*49/*10+*36,*10+*36/*49,concordant
cohort1,cohort1,BWA-MEM,HG02723,HG00438,1,*36.ALDY+*10/*36.ALDY+*71,*36+*10/*36+*71,*10+*36/*36+*71,*10+*36+*36/*71,*10+*36+*36/*71,discordant
cohort1,cohort1,BWA-MEM,HG02723,HG00621,1,*5/*49,*5/*49,*5/*49,*5/*49,*5/*49,concordant
cohort1,cohort1,BWA-MEM,HG02723,HG00673,1,*1/*10,*1/*10,*1/*10,*1/*10,*1/*10,concordant
cohort1,cohort1,BWA-MEM,HG02723,HG00733,1,*41/*68+*4.021,*41/*68+*4,*4+*68/*41,*41/*4+*68,*4+*68/*41,concordant
cohort1,cohort1,BWA-MEM,HG02723,HG00735,1,*1/*4,*1/*4,*1/*4,*4/*1,*1/*4,concordant
cohort1,cohort1,BWA-MEM,HG02723,HG00741,1,*1/*2,*1/*2,*1/*2,*2/*1,*1/*2,concordant
cohort1,cohort1,BWA-MEM,HG02723,HG01071,1,*4/*41,*4/*41,*4/*41,*41/*4,*4/*41,concordant
cohort1,cohort1,BWA-MEM,HG02723,HG01106,1,*4.028/*35,*4/*35,*4/*35,*35/*4,*4/*35,concordant
cohort1,cohort1,BWA-MEM,HG02723,HG01109,1,*41/*106,*41/*106,*41/*106,*106/*41,*41/*106,concordant
cohort1,cohort1,BWA-MEM,HG02723,HG01175,1,*41/*41,*41/*41,*41/*41,*41/*41,*41/*41,concordant
cohort1,cohort1,BWA-MEM,HG02723,HG01243,1,*1/*5,*1/*5,*1/*5,*5/*1,*1/*5,concordant
cohort1,cohort1,BWA-MEM,HG02723,HG01258,1,*65+*68:2/*68+*4.021,*65+*68/*68+*4,*4+*68/*65+*68,*2/*4+*68+*68,*2/*4+*68+*68,discordant
cohort1,cohort1,BWA-MEM,HG02723,HG01358,1,*1/*1,*1/*1,*1/*1,*1/*1,*1/*1,concordant
cohort1,cohort1,BWA-MEM,HG02723,HG01361,1,*1/*4.028,*1/*4,*1/*4,*1/*4,*1/*4,concordant
cohort1,cohort1,BWA-MEM,HG02723,HG01891,1,*5/*29,*5/*29,*5/*29,*29/*5,*5/*29,concordant
cohort1,cohort1,BWA-MEM,HG02723,HG01928,1,*1/*1,*1/*1,*1/*1,*1/*1,*1/*1,concordant
cohort1,cohort1,BWA-MEM,HG02723,HG01952,1,*1/*4.028,*1/*4,*1/*4,*1/*4,*1/*4,concordant
cohort1,cohort1,BWA-MEM,HG02723,HG01978,1,*1/*1,*1/*1,*1/*1,*1/*1,*1/*1,concordant
cohort1,cohort1,BWA-MEM,HG02723,HG02055,1,*1/*1,*1/*1,*1/*1,*1/*1,*1/*1,concordant
cohort1,cohort1,BWA-MEM,HG02723,HG02080,1,*2/*10,*2/*10,*2/*10,*10/*2,*2/*10,concordant
cohort1,cohort1,BWA-MEM,HG02723,HG02109,1,*45/*122+rs61737946,*45/*122,*45/*122,*45/*1,*1/*45,discordant
cohort1,cohort1,BWA-MEM,HG02723,HG02145,1,*5/*84,*5/*84,*5/*84,*5/*84,*5/*84,concordant
cohort1,cohort1,BWA-MEM,HG02723,HG02148,1,*1/*2,*1/*2,*1/*2,*1/*2,*1/*2,concordant
cohort1,cohort1,BWA-MEM,HG02723,HG02257,1,*2/*35,*2/*35,*2/*35,*35/*2,*2/*35,concordant
cohort1,cohort1,BWA-MEM,HG02723,HG02572,1,*1/*152,*1/*152,*1/*152,*1/*152,*1/*152,concordant
cohort1,cohort1,BWA-MEM,HG02723,HG02622,1,*17+rs61737946+rs61745683/*46,*17/*46,*17/*46,*46/*17,*17/*46,concordant
cohort1,cohort1,BWA-MEM,HG02723,HG02630,1,*1/*46,*1/*46,*1/*46,*1/*46,*1/*46,concordant
cohort1,cohort1,BWA-MEM,HG02723,HG02717,1,*1/*1,*1/*1,*1/*1,*1/*1,*1/*1,concordant
cohort1,cohort1,BWA-MEM,HG02723,HG02818,1,*1/*2,*1/*2,*1/*2,*2/*1,*1/*2,concordant
cohort1,cohort1,BWA-MEM,HG02723,HG02886,1,*1/*4,*1/*4,*1/*4,*4/*1,*1/*4,concordant
cohort1,cohort1,BWA-MEM,HG02723,HG03098,1,*2/*29,*2/*29,*2/*29,*2/*29,*2/*29,concordant
cohort1,cohort1,BWA-MEM,HG02723,HG03453,1,*1/*29,*1/*29,*1/*29,*29/*1,*1/*29,concordant
cohort1,cohort1,BWA-MEM,HG02723,HG03486,1,*1/*17,*1/*17,*1/*17,*1/*17,*1/*17,concordant
cohort1,cohort1,BWA-MEM,HG02723,HG03492,1,*2/*41,*2/*41,*2/*41,*2/*41,*2/*41,concordant
cohort1,cohort1,BWA-MEM,HG02723,HG03516,1,*2+rs61737946+rs61745683/*17,*2/*17,*2/*17,*17/*2,*2/*17,concordant
cohort1,cohort1,BWA-MEM,HG02723,HG03540,1,*2+*2+rs61737946/*17+rs61745683,*2+*2/*17,*2+*2/*17,*17/*2+*2,*2+*2/*17,concordant
cohort1,cohort1,BWA-MEM,HG02723,HG03579,1,*1/*2,*1/*2,*1/*2,*2/*1,*1/*2,concordant
cohort1,cohort1,BWA-MEM,HG02723,NA18906,1,*17+rs61737946+rs61745683/*125,*17/*125,*17/*125,*17/*125,*17/*125,concordant
cohort1,cohort1,BWA-MEM,HG02723,NA19240,1,*15/*17,*15/*17,*15/*17,*17/*15,*15/*17,concordant
cohort1,cohort1,BWA-MEM,HG02723,NA20129,1,*4C/*4C,*4/*4,*4/*4,*5/*4+*4,*4+*4/*5,discordant
cohort1,cohort1,BWA-MEM,HG02723,NA21309,1,*5/*29,*5/*29,*5/*29,*29/*5,*5/*29,concordant
cohort1,cohort1,BWA-MEM,HG02723,NA24385,1,*2/*4,*2/*4,*2/*4,*2/*4,*2/*4,concordant
cohort1,cohort1,BWA-MEM,HG02723,NA24631,1,*36.ALDY+*10/*49,*36+*10/*49,*10+*36/*49,*49/*10+*36,*10+*36/*49,concordant
cohort1,cohort1,BWA-MEM,HG02818,HG00438,1,*36.ALDY+*10/*36.ALDY+*71,*36+*10/*36+*71,*10+*36/*36+*71,*10+*36+*36/*71,*10+*36+*36/*71,discordant
cohort1,cohort1,BWA-MEM,HG02818,HG00621,1,*5/*49,*5/*49,*5/*49,*5/*49,*5/*49,concordant
cohort1,cohort1,BWA-MEM,HG02818,HG00673,1,*1/*10,*1/*10,*1/*10,*1/*10,*1/*10,concordant
cohort1,cohort1,BWA-MEM,HG02818,HG00733,1,*41/*68+*4.021,*41/*68+*4,*4+*68/*41,*41/*4+*68,*4+*68/*41,concordant
cohort1,cohort1,BWA-MEM,HG02818,HG00735,1,*1/*4,*1/*4,*1/*4,*4/*1,*1/*4,concordant
cohort1,cohort1,BWA-MEM,HG02818,HG00741,1,*1/*2,*1/*2,*1/*2,*2/*1,*1/*2,concordant
cohort1,cohort1,BWA-MEM,HG02818,HG01071,1,*4/*41,*4/*41,*4/*41,*41/*4,*4/*41,concordant
cohort1,cohort1,BWA-MEM,HG02818,HG01106,1,*4.028/*35,*4/*35,*4/*35,*35/*4,*4/*35,concordant
cohort1,cohort1,BWA-MEM,HG02818,HG01109,1,*41/*106,*41/*106,*41/*106,*106/*41,*41/*106,concordant
cohort1,cohort1,BWA-MEM,HG02818,HG01175,1,*41/*41,*41/*41,*41/*41,*41/*41,*41/*41,concordant
cohort1,cohort1,BWA-MEM,HG02818,HG01243,1,*1/*5,*1/*5,*1/*5,*5/*1,*1/*5,concordant
cohort1,cohort1,BWA-MEM,HG02818,HG01258,1,*2/*68+*4.021,*2/*68+*4,*2/*4+*68,*2/*4+*68+*68,*2/*4+*68+*68,discordant
cohort1,cohort1,BWA-MEM,HG02818,HG01358,1,*1/*1,*1/*1,*1/*1,*1/*1,*1/*1,concordant
cohort1,cohort1,BWA-MEM,HG02818,HG01361,1,*1/*4.028,*1/*4,*1/*4,*1/*4,*1/*4,concordant
cohort1,cohort1,BWA-MEM,HG02818,HG01891,1,*5/*29,*5/*29,*5/*29,*29/*5,*5/*29,concordant
cohort1,cohort1,BWA-MEM,HG02818,HG01928,1,*1/*1,*1/*1,*1/*1,*1/*1,*1/*1,concordant
cohort1,cohort1,BWA-MEM,HG02818,HG01952,1,*1/*4.028,*1/*4,*1/*4,*1/*4,*1/*4,concordant
cohort1,cohort1,BWA-MEM,HG02818,HG01978,1,*1/*1,*1/*1,*1/*1,*1/*1,*1/*1,concordant
cohort1,cohort1,BWA-MEM,HG02818,HG02055,1,*1/*1,*1/*1,*1/*1,*1/*1,*1/*1,concordant
cohort1,cohort1,BWA-MEM,HG02818,HG02080,1,*2/*10,*2/*10,*2/*10,*10/*2,*2/*10,concordant
cohort1,cohort1,BWA-MEM,HG02818,HG02109,1,*45/*122+rs61737946,*45/*122,*45/*122,*45/*1,*1/*45,discordant
cohort1,cohort1,BWA-MEM,HG02818,HG02145,1,*5/*84,*5/*84,*5/*84,*5/*84,*5/*84,concordant
cohort1,cohort1,BWA-MEM,HG02818,HG02148,1,*1/*2,*1/*2,*1/*2,*1/*2,*1/*2,concordant
cohort1,cohort1,BWA-MEM,HG02818,HG02257,1,*2/*35,*2/*35,*2/*35,*35/*2,*2/*35,concordant
cohort1,cohort1,BWA-MEM,HG02818,HG02572,1,*1/*152,*1/*152,*1/*152,*1/*152,*1/*152,concordant
cohort1,cohort1,BWA-MEM,HG02818,HG02622,1,*17+rs61737946+rs61745683/*46,*17/*46,*17/*46,*46/*17,*17/*46,concordant
cohort1,cohort1,BWA-MEM,HG02818,HG02630,1,*1/*46,*1/*46,*1/*46,*1/*46,*1/*46,concordant
cohort1,cohort1,BWA-MEM,HG02818,HG02717,1,*1/*1,*1/*1,*1/*1,*1/*1,*1/*1,concordant
cohort1,cohort1,BWA-MEM,HG02818,HG02723,1,*2/*17+rs61737946+rs61745683,*2/*17,*2/*17,*2/*17,*2/*17,concordant
cohort1,cohort1,BWA-MEM,HG02818,HG02886,1,*1/*4,*1/*4,*1/*4,*4/*1,*1/*4,concordant
cohort1,cohort1,BWA-MEM,HG02818,HG03098,1,*2/*29,*2/*29,*2/*29,*2/*29,*2/*29,concordant
cohort1,cohort1,BWA-MEM,HG02818,HG03453,1,*1/*29,*1/*29,*1/*29,*29/*1,*1/*29,concordant
cohort1,cohort1,BWA-MEM,HG02818,HG03486,1,*1/*17,*1/*17,*1/*17,*1/*17,*1/*17,concordant
cohort1,cohort1,BWA-MEM,HG02818,HG03492,1,*2/*41,*2/*41,*2/*41,*2/*41,*2/*41,concordant
cohort1,cohort1,BWA-MEM,HG02818,HG03516,1,*2+rs61737946+rs61745683/*17,*2/*17,*2/*17,*17/*2,*2/*17,concordant
cohort1,cohort1,BWA-MEM,HG02818,HG03540,1,*2+*2+rs61737946/*17+rs61745683,*2+*2/*17,*2+*2/*17,*17/*2+*2,*2+*2/*17,concordant
cohort1,cohort1,BWA-MEM,HG02818,HG03579,1,*1/*2,*1/*2,*1/*2,*2/*1,*1/*2,concordant
cohort1,cohort1,BWA-MEM,HG02818,NA18906,1,*17+rs61737946+rs61745683/*125,*17/*125,*17/*125,*17/*125,*17/*125,concordant
cohort1,cohort1,BWA-MEM,HG02818,NA19240,1,*15/*17,*15/*17,*15/*17,*17/*15,*15/*17,concordant
cohort1,cohort1,BWA-MEM,HG02818,NA20129,1,*4C/*4C,*4/*4,*4/*4,*5/*4+*4,*4+*4/*5,discordant
cohort1,cohort1,BWA-MEM,HG02818,NA21309,1,*5/*29,*5/*29,*5/*29,*29/*5,*5/*29,concordant
cohort1,cohort1,BWA-MEM,HG02818,NA24385,1,*2/*4,*2/*4,*2/*4,*2/*4,*2/*4,concordant
cohort1,cohort1,BWA-MEM,HG02818,NA24631,1,*36.ALDY+*10/*49,*36+*10/*49,*10+*36/*49,*49/*10+*36,*10+*36/*49,concordant
cohort1,cohort1,BWA-MEM,HG02886,HG00438,1,*36.ALDY+*10/*36.ALDY+*71,*36+*10/*36+*71,*10+*36/*36+*71,*10+*36+*36/*71,*10+*36+*36/*71,discordant
cohort1,cohort1,BWA-MEM,HG02886,HG00621,1,*5/*49,*5/*49,*5/*49,*5/*49,*5/*49,concordant
cohort1,cohort1,BWA-MEM,HG02886,HG00673,1,*1/*10,*1/*10,*1/*10,*1/*10,*1/*10,concordant
cohort1,cohort1,BWA-MEM,HG02886,HG00733,1,*41/*68+*4.021,*41/*68+*4,*4+*68/*41,*41/*4+*68,*4+*68/*41,concordant
cohort1,cohort1,BWA-MEM,HG02886,HG00735,1,*1/*4,*1/*4,*1/*4,*4/*1,*1/*4,concordant
cohort1,cohort1,BWA-MEM,HG02886,HG00741,1,*1/*2,*1/*2,*1/*2,*2/*1,*1/*2,concordant
cohort1,cohort1,BWA-MEM,HG02886,HG01071,1,*4/*41,*4/*41,*4/*41,*41/*4,*4/*41,concordant
cohort1,cohort1,BWA-MEM,HG02886,HG01106,1,*4.028/*35,*4/*35,*4/*35,*35/*4,*4/*35,concordant
cohort1,cohort1,BWA-MEM,HG02886,HG01109,1,*41/*106,*41/*106,*41/*106,*106/*41,*41/*106,concordant
cohort1,cohort1,BWA-MEM,HG02886,HG01175,1,*41/*41,*41/*41,*41/*41,*41/*41,*41/*41,concordant
cohort1,cohort1,BWA-MEM,HG02886,HG01243,1,*1/*5,*1/*5,*1/*5,*5/*1,*1/*5,concordant
cohort1,cohort1,BWA-MEM,HG02886,HG01258,1,*65+*68:2/*68+*4.021,*65+*68/*68+*4,*4+*68/*65+*68,*2/*4+*68+*68,*2/*4+*68+*68,discordant
cohort1,cohort1,BWA-MEM,HG02886,HG01358,1,*1/*1,*1/*1,*1/*1,*1/*1,*1/*1,concordant
cohort1,cohort1,BWA-MEM,HG02886,HG01361,1,*1/*4.028,*1/*4,*1/*4,*1/*4,*1/*4,concordant
cohort1,cohort1,BWA-MEM,HG02886,HG01891,1,*5/*29,*5/*29,*5/*29,*29/*5,*5/*29,concordant
cohort1,cohort1,BWA-MEM,HG02886,HG01928,1,*1/*1,*1/*1,*1/*1,*1/*1,*1/*1,concordant
cohort1,cohort1,BWA-MEM,HG02886,HG01952,1,*1/*4.028,*1/*4,*1/*4,*1/*4,*1/*4,concordant
cohort1,cohort1,BWA-MEM,HG02886,HG01978,1,*1/*1,*1/*1,*1/*1,*1/*1,*1/*1,concordant
cohort1,cohort1,BWA-MEM,HG02886,HG02055,1,*1/*1,*1/*1,*1/*1,*1/*1,*1/*1,concordant
cohort1,cohort1,BWA-MEM,HG02886,HG02080,1,*2/*10,*2/*10,*2/*10,*10/*2,*2/*10,concordant
cohort1,cohort1,BWA-MEM,HG02886,HG02109,1,*45/*122+rs61737946,*45/*122,*45/*122,*45/*1,*1/*45,discordant
cohort1,cohort1,BWA-MEM,HG02886,HG02145,1,*5/*84,*5/*84,*5/*84,*5/*84,*5/*84,concordant
cohort1,cohort1,BWA-MEM,HG02886,HG02148,1,*1/*2,*1/*2,*1/*2,*1/*2,*1/*2,concordant
cohort1,cohort1,BWA-MEM,HG02886,HG02257,1,*2/*35,*2/*35,*2/*35,*35/*2,*2/*35,concordant
cohort1,cohort1,BWA-MEM,HG02886,HG02572,1,*1/*152,*1/*152,*1/*152,*1/*152,*1/*152,concordant
cohort1,cohort1,BWA-MEM,HG02886,HG02622,1,*17+rs61737946+rs61745683/*46,*17/*46,*17/*46,*46/*17,*17/*46,concordant
cohort1,cohort1,BWA-MEM,HG02886,HG02630,1,*1/*46,*1/*46,*1/*46,*1/*46,*1/*46,concordant
cohort1,cohort1,BWA-MEM,HG02886,HG02717,1,*1/*1,*1/*1,*1/*1,*1/*1,*1/*1,concordant
cohort1,cohort1,BWA-MEM,HG02886,HG02723,1,*2/*17+rs61737946+rs61745683,*2/*17,*2/*17,*2/*17,*2/*17,concordant
cohort1,cohort1,BWA-MEM,HG02886,HG02818,1,*1/*2,*1/*2,*1/*2,*2/*1,*1/*2,concordant
cohort1,cohort1,BWA-MEM,HG02886,HG03098,1,*2/*29,*2/*29,*2/*29,*2/*29,*2/*29,concordant
cohort1,cohort1,BWA-MEM,HG02886,HG03453,1,*1/*29,*1/*29,*1/*29,*29/*1,*1/*29,concordant
cohort1,cohort1,BWA-MEM,HG02886,HG03486,1,*1/*17,*1/*17,*1/*17,*1/*17,*1/*17,concordant
cohort1,cohort1,BWA-MEM,HG02886,HG03492,1,*2/*41,*2/*41,*2/*41,*2/*41,*2/*41,concordant
cohort1,cohort1,BWA-MEM,HG02886,HG03516,1,*2+rs61737946+rs61745683/*17,*2/*17,*2/*17,*17/*2,*2/*17,concordant
cohort1,cohort1,BWA-MEM,HG02886,HG03540,1,*2+*2+rs61745683/*17+rs61737946,*2+*2/*17,*2+*2/*17,*17/*2+*2,*2+*2/*17,concordant
cohort1,cohort1,BWA-MEM,HG02886,HG03579,1,*1/*2,*1/*2,*1/*2,*2/*1,*1/*2,concordant
cohort1,cohort1,BWA-MEM,HG02886,NA18906,1,*17+rs61737946+rs61745683/*125,*17/*125,*17/*125,*17/*125,*17/*125,concordant
cohort1,cohort1,BWA-MEM,HG02886,NA19240,1,*15/*17,*15/*17,*15/*17,*17/*15,*15/*17,concordant
cohort1,cohort1,BWA-MEM,HG02886,NA20129,1,*4C/*4C,*4/*4,*4/*4,*5/*4+*4,*4+*4/*5,discordant
cohort1,cohort1,BWA-MEM,HG02886,NA21309,1,*5/*29,*5/*29,*5/*29,*29/*5,*5/*29,concordant
cohort1,cohort1,BWA-MEM,HG02886,NA24385,1,*2/*4,*2/*4,*2/*4,*2/*4,*2/*4,concordant
cohort1,cohort1,BWA-MEM,HG02886,NA24631,1,*36.ALDY+*10/*49,*36+*10/*49,*10+*36/*49,*49/*10+*36,*10+*36/*49,concordant
cohort1,cohort1,BWA-MEM,HG03098,HG00438,1,*36.ALDY+*10/*36.ALDY+*71,*36+*10/*36+*71,*10+*36/*36+*71,*10+*36+*36/*71,*10+*36+*36/*71,discordant
cohort1,cohort1,BWA-MEM,HG03098,HG00621,1,*5/*49,*5/*49,*5/*49,*5/*49,*5/*49,concordant
cohort1,cohort1,BWA-MEM,HG03098,HG00673,1,*1/*10,*1/*10,*1/*10,*1/*10,*1/*10,concordant
cohort1,cohort1,BWA-MEM,HG03098,HG00733,1,*41/*68+*4.021,*41/*68+*4,*4+*68/*41,*41/*4+*68,*4+*68/*41,concordant
cohort1,cohort1,BWA-MEM,HG03098,HG00735,1,*1/*4,*1/*4,*1/*4,*4/*1,*1/*4,concordant
cohort1,cohort1,BWA-MEM,HG03098,HG00741,1,*1/*2,*1/*2,*1/*2,*2/*1,*1/*2,concordant
cohort1,cohort1,BWA-MEM,HG03098,HG01071,1,*4/*41,*4/*41,*4/*41,*41/*4,*4/*41,concordant
cohort1,cohort1,BWA-MEM,HG03098,HG01106,1,*4.028/*35,*4/*35,*4/*35,*35/*4,*4/*35,concordant
cohort1,cohort1,BWA-MEM,HG03098,HG01109,1,*41/*106,*41/*106,*41/*106,*106/*41,*41/*106,concordant
cohort1,cohort1,BWA-MEM,HG03098,HG01175,1,*41/*41,*41/*41,*41/*41,*41/*41,*41/*41,concordant
cohort1,cohort1,BWA-MEM,HG03098,HG01243,1,*1/*5,*1/*5,*1/*5,*5/*1,*1/*5,concordant
cohort1,cohort1,BWA-MEM,HG03098,HG01258,1,*2/*68+*4.021,*2/*68+*4,*2/*4+*68,*2/*4+*68+*68,*2/*4+*68+*68,discordant
cohort1,cohort1,BWA-MEM,HG03098,HG01358,1,*1/*1,*1/*1,*1/*1,*1/*1,*1/*1,concordant
cohort1,cohort1,BWA-MEM,HG03098,HG01361,1,*1/*4.028,*1/*4,*1/*4,*1/*4,*1/*4,concordant
cohort1,cohort1,BWA-MEM,HG03098,HG01891,1,*5/*29,*5/*29,*5/*29,*29/*5,*5/*29,concordant
cohort1,cohort1,BWA-MEM,HG03098,HG01928,1,*1/*1,*1/*1,*1/*1,*1/*1,*1/*1,concordant
cohort1,cohort1,BWA-MEM,HG03098,HG01952,1,*1/*4.028,*1/*4,*1/*4,*1/*4,*1/*4,concordant
cohort1,cohort1,BWA-MEM,HG03098,HG01978,1,*1/*1,*1/*1,*1/*1,*1/*1,*1/*1,concordant
cohort1,cohort1,BWA-MEM,HG03098,HG02055,1,*1/*1,*1/*1,*1/*1,*1/*1,*1/*1,concordant
cohort1,cohort1,BWA-MEM,HG03098,HG02080,1,*2/*10,*2/*10,*2/*10,*10/*2,*2/*10,concordant
cohort1,cohort1,BWA-MEM,HG03098,HG02109,1,*45/*122+rs61737946,*45/*122,*45/*122,*45/*1,*1/*45,discordant
cohort1,cohort1,BWA-MEM,HG03098,HG02145,1,*5/*84,*5/*84,*5/*84,*5/*84,*5/*84,concordant
cohort1,cohort1,BWA-MEM,HG03098,HG02148,1,*1/*2,*1/*2,*1/*2,*1/*2,*1/*2,concordant
cohort1,cohort1,BWA-MEM,HG03098,HG02257,1,*2/*35,*2/*35,*2/*35,*35/*2,*2/*35,concordant
cohort1,cohort1,BWA-MEM,HG03098,HG02572,1,*1/*152,*1/*152,*1/*152,*1/*152,*1/*152,concordant
cohort1,cohort1,BWA-MEM,HG03098,HG02622,1,*17+rs61737946+rs61745683/*46,*17/*46,*17/*46,*46/*17,*17/*46,concordant
cohort1,cohort1,BWA-MEM,HG03098,HG02630,1,*1/*46,*1/*46,*1/*46,*1/*46,*1/*46,concordant
cohort1,cohort1,BWA-MEM,HG03098,HG02717,1,*1/*1,*1/*1,*1/*1,*1/*1,*1/*1,concordant
cohort1,cohort1,BWA-MEM,HG03098,HG02723,1,*2/*17+rs61737946+rs61745683,*2/*17,*2/*17,*2/*17,*2/*17,concordant
cohort1,cohort1,BWA-MEM,HG03098,HG02818,1,*1/*2,*1/*2,*1/*2,*2/*1,*1/*2,concordant
cohort1,cohort1,BWA-MEM,HG03098,HG02886,1,*1/*4,*1/*4,*1/*4,*4/*1,*1/*4,concordant
cohort1,cohort1,BWA-MEM,HG03098,HG03453,1,*1/*29,*1/*29,*1/*29,*29/*1,*1/*29,concordant
cohort1,cohort1,BWA-MEM,HG03098,HG03486,1,*1/*17,*1/*17,*1/*17,*1/*17,*1/*17,concordant
cohort1,cohort1,BWA-MEM,HG03098,HG03492,1,*2/*41,*2/*41,*2/*41,*2/*41,*2/*41,concordant
cohort1,cohort1,BWA-MEM,HG03098,HG03516,1,*2+rs61737946+rs61745683/*17,*2/*17,*2/*17,*17/*2,*2/*17,concordant
cohort1,cohort1,BWA-MEM,HG03098,HG03540,1,*2+*2+rs61737946/*17+rs61745683,*2+*2/*17,*2+*2/*17,*17/*2+*2,*2+*2/*17,concordant
cohort1,cohort1,BWA-MEM,HG03098,HG03579,1,*1/*2,*1/*2,*1/*2,*2/*1,*1/*2,concordant
cohort1,cohort1,BWA-MEM,HG03098,NA18906,1,*17+rs61737946+rs61745683/*125,*17/*125,*17/*125,*17/*125,*17/*125,concordant
cohort1,cohort1,BWA-MEM,HG03098,NA19240,1,*15/*17,*15/*17,*15/*17,*17/*15,*15/*17,concordant
cohort1,cohort1,BWA-MEM,HG03098,NA20129,1,*4C/*4C,*4/*4,*4/*4,*5/*4+*4,*4+*4/*5,discordant
cohort1,cohort1,BWA-MEM,HG03098,NA21309,1,*5/*29,*5/*29,*5/*29,*29/*5,*5/*29,concordant
cohort1,cohort1,BWA-MEM,HG03098,NA24385,1,*2/*4,*2/*4,*2/*4,*2/*4,*2/*4,concordant
cohort1,cohort1,BWA-MEM,HG03098,NA24631,1,*36.ALDY+*10/*49,*36+*10/*49,*10+*36/*49,*49/*10+*36,*10+*36/*49,concordant
cohort1,cohort1,BWA-MEM,HG03453,HG00438,1,*36.ALDY+*10/*36.ALDY+*71,*36+*10/*36+*71,*10+*36/*36+*71,*10+*36+*36/*71,*10+*36+*36/*71,discordant
cohort1,cohort1,BWA-MEM,HG03453,HG00621,1,*5/*49,*5/*49,*5/*49,*5/*49,*5/*49,concordant
cohort1,cohort1,BWA-MEM,HG03453,HG00673,1,*1/*10,*1/*10,*1/*10,*1/*10,*1/*10,concordant
cohort1,cohort1,BWA-MEM,HG03453,HG00733,1,*41/*68+*4.021,*41/*68+*4,*4+*68/*41,*41/*4+*68,*4+*68/*41,concordant
cohort1,cohort1,BWA-MEM,HG03453,HG00735,1,*1/*4,*1/*4,*1/*4,*4/*1,*1/*4,concordant
cohort1,cohort1,BWA-MEM,HG03453,HG00741,1,*1/*2,*1/*2,*1/*2,*2/*1,*1/*2,concordant
cohort1,cohort1,BWA-MEM,HG03453,HG01071,1,*4/*41,*4/*41,*4/*41,*41/*4,*4/*41,concordant
cohort1,cohort1,BWA-MEM,HG03453,HG01106,1,*4.028/*35,*4/*35,*4/*35,*35/*4,*4/*35,concordant
cohort1,cohort1,BWA-MEM,HG03453,HG01109,1,*41/*106,*41/*106,*41/*106,*106/*41,*41/*106,concordant
cohort1,cohort1,BWA-MEM,HG03453,HG01175,1,*41/*41,*41/*41,*41/*41,*41/*41,*41/*41,concordant
cohort1,cohort1,BWA-MEM,HG03453,HG01243,1,*1/*5,*1/*5,*1/*5,*5/*1,*1/*5,concordant
cohort1,cohort1,BWA-MEM,HG03453,HG01258,1,*65+*68:2/*68+*4.021,*65+*68/*68+*4,*4+*68/*65+*68,*2/*4+*68+*68,*2/*4+*68+*68,discordant
cohort1,cohort1,BWA-MEM,HG03453,HG01358,1,*1/*1,*1/*1,*1/*1,*1/*1,*1/*1,concordant
cohort1,cohort1,BWA-MEM,HG03453,HG01361,1,*1/*4.028,*1/*4,*1/*4,*1/*4,*1/*4,concordant
cohort1,cohort1,BWA-MEM,HG03453,HG01891,1,*5/*29,*5/*29,*5/*29,*29/*5,*5/*29,concordant
cohort1,cohort1,BWA-MEM,HG03453,HG01928,1,*1/*1,*1/*1,*1/*1,*1/*1,*1/*1,concordant
cohort1,cohort1,BWA-MEM,HG03453,HG01952,1,*1/*4.028,*1/*4,*1/*4,*1/*4,*1/*4,concordant
cohort1,cohort1,BWA-MEM,HG03453,HG01978,1,*1/*1,*1/*1,*1/*1,*1/*1,*1/*1,concordant
cohort1,cohort1,BWA-MEM,HG03453,HG02055,1,*1/*1,*1/*1,*1/*1,*1/*1,*1/*1,concordant
cohort1,cohort1,BWA-MEM,HG03453,HG02080,1,*2/*10,*2/*10,*2/*10,*10/*2,*2/*10,concordant
cohort1,cohort1,BWA-MEM,HG03453,HG02109,1,*45/*122+rs61737946,*45/*122,*45/*122,*45/*1,*1/*45,discordant
cohort1,cohort1,BWA-MEM,HG03453,HG02145,1,*5/*84,*5/*84,*5/*84,*5/*84,*5/*84,concordant
cohort1,cohort1,BWA-MEM,HG03453,HG02148,1,*1/*2,*1/*2,*1/*2,*1/*2,*1/*2,concordant
cohort1,cohort1,BWA-MEM,HG03453,HG02257,1,*2/*35,*2/*35,*2/*35,*35/*2,*2/*35,concordant
cohort1,cohort1,BWA-MEM,HG03453,HG02572,1,*1/*152,*1/*152,*1/*152,*1/*152,*1/*152,concordant
cohort1,cohort1,BWA-MEM,HG03453,HG02622,1,*17+rs61737946+rs61745683/*46,*17/*46,*17/*46,*46/*17,*17/*46,concordant
cohort1,cohort1,BWA-MEM,HG03453,HG02630,1,*1/*46,*1/*46,*1/*46,*1/*46,*1/*46,concordant
cohort1,cohort1,BWA-MEM,HG03453,HG02717,1,*1/*1,*1/*1,*1/*1,*1/*1,*1/*1,concordant
cohort1,cohort1,BWA-MEM,HG03453,HG02723,1,*2/*17+rs61737946+rs61745683,*2/*17,*2/*17,*2/*17,*2/*17,concordant
cohort1,cohort1,BWA-MEM,HG03453,HG02818,1,*1/*2,*1/*2,*1/*2,*2/*1,*1/*2,concordant
cohort1,cohort1,BWA-MEM,HG03453,HG02886,1,*1/*4,*1/*4,*1/*4,*4/*1,*1/*4,concordant
cohort1,cohort1,BWA-MEM,HG03453,HG03098,1,*2/*29,*2/*29,*2/*29,*2/*29,*2/*29,concordant
cohort1,cohort1,BWA-MEM,HG03453,HG03486,1,*1/*17,*1/*17,*1/*17,*1/*17,*1/*17,concordant
cohort1,cohort1,BWA-MEM,HG03453,HG03492,1,*2/*41,*2/*41,*2/*41,*2/*41,*2/*41,concordant
cohort1,cohort1,BWA-MEM,HG03453,HG03516,1,*2+rs61737946+rs61745683/*17,*2/*17,*2/*17,*17/*2,*2/*17,concordant
cohort1,cohort1,BWA-MEM,HG03453,HG03540,1,*2+*2+rs61745683/*17+rs61737946,*2+*2/*17,*2+*2/*17,*17/*2+*2,*2+*2/*17,concordant
cohort1,cohort1,BWA-MEM,HG03453,HG03579,1,*1/*2,*1/*2,*1/*2,*2/*1,*1/*2,concordant
cohort1,cohort1,BWA-MEM,HG03453,NA18906,1,*17+rs61737946+rs61745683/*125,*17/*125,*17/*125,*17/*125,*17/*125,concordant
cohort1,cohort1,BWA-MEM,HG03453,NA19240,1,*15/*17,*15/*17,*15/*17,*17/*15,*15/*17,concordant
cohort1,cohort1,BWA-MEM,HG03453,NA20129,1,*4C/*4C,*4/*4,*4/*4,*5/*4+*4,*4+*4/*5,discordant
cohort1,cohort1,BWA-MEM,HG03453,NA21309,1,*5/*29,*5/*29,*5/*29,*29/*5,*5/*29,concordant
cohort1,cohort1,BWA-MEM,HG03453,NA24385,1,*2/*4,*2/*4,*2/*4,*2/*4,*2/*4,concordant
cohort1,cohort1,BWA-MEM,HG03453,NA24631,1,*36.ALDY+*10/*49,*36+*10/*49,*10+*36/*49,*49/*10+*36,*10+*36/*49,concordant
cohort1,cohort1,BWA-MEM,HG03486,HG00438,1,*36.ALDY+*10/*36.ALDY+*71,*36+*10/*36+*71,*10+*36/*36+*71,*10+*36+*36/*71,*10+*36+*36/*71,discordant
cohort1,cohort1,BWA-MEM,HG03486,HG00621,1,*5/*49,*5/*49,*5/*49,*5/*49,*5/*49,concordant
cohort1,cohort1,BWA-MEM,HG03486,HG00673,1,*1/*10,*1/*10,*1/*10,*1/*10,*1/*10,concordant
cohort1,cohort1,BWA-MEM,HG03486,HG00733,1,*41/*68+*4.021,*41/*68+*4,*4+*68/*41,*41/*4+*68,*4+*68/*41,concordant
cohort1,cohort1,BWA-MEM,HG03486,HG00735,1,*1/*4,*1/*4,*1/*4,*4/*1,*1/*4,concordant
cohort1,cohort1,BWA-MEM,HG03486,HG00741,1,*1/*2,*1/*2,*1/*2,*2/*1,*1/*2,concordant
cohort1,cohort1,BWA-MEM,HG03486,HG01071,1,*4/*41,*4/*41,*4/*41,*41/*4,*4/*41,concordant
cohort1,cohort1,BWA-MEM,HG03486,HG01106,1,*4.028/*35,*4/*35,*4/*35,*35/*4,*4/*35,concordant
cohort1,cohort1,BWA-MEM,HG03486,HG01109,1,*41/*106,*41/*106,*41/*106,*106/*41,*41/*106,concordant
cohort1,cohort1,BWA-MEM,HG03486,HG01175,1,*41/*41,*41/*41,*41/*41,*41/*41,*41/*41,concordant
cohort1,cohort1,BWA-MEM,HG03486,HG01243,1,*1/*5,*1/*5,*1/*5,*5/*1,*1/*5,concordant
cohort1,cohort1,BWA-MEM,HG03486,HG01258,1,*65+*68:2/*68+*4.021,*65+*68/*68+*4,*4+*68/*65+*68,*2/*4+*68+*68,*2/*4+*68+*68,discordant
cohort1,cohort1,BWA-MEM,HG03486,HG01358,1,*1/*1,*1/*1,*1/*1,*1/*1,*1/*1,concordant
cohort1,cohort1,BWA-MEM,HG03486,HG01361,1,*1/*4.028,*1/*4,*1/*4,*1/*4,*1/*4,concordant
cohort1,cohort1,BWA-MEM,HG03486,HG01891,1,*5/*29,*5/*29,*5/*29,*29/*5,*5/*29,concordant
cohort1,cohort1,BWA-MEM,HG03486,HG01928,1,*1/*1,*1/*1,*1/*1,*1/*1,*1/*1,concordant
cohort1,cohort1,BWA-MEM,HG03486,HG01952,1,*1/*4.028,*1/*4,*1/*4,*1/*4,*1/*4,concordant
cohort1,cohort1,BWA-MEM,HG03486,HG01978,1,*1/*1,*1/*1,*1/*1,*1/*1,*1/*1,concordant
cohort1,cohort1,BWA-MEM,HG03486,HG02055,1,*1/*1,*1/*1,*1/*1,*1/*1,*1/*1,concordant
cohort1,cohort1,BWA-MEM,HG03486,HG02080,1,*2/*10,*2/*10,*2/*10,*10/*2,*2/*10,concordant
cohort1,cohort1,BWA-MEM,HG03486,HG02109,1,*45/*122+rs61737946,*45/*122,*45/*122,*45/*1,*1/*45,discordant
cohort1,cohort1,BWA-MEM,HG03486,HG02145,1,*5/*84,*5/*84,*5/*84,*5/*84,*5/*84,concordant
cohort1,cohort1,BWA-MEM,HG03486,HG02148,1,*1/*2,*1/*2,*1/*2,*1/*2,*1/*2,concordant
cohort1,cohort1,BWA-MEM,HG03486,HG02257,1,*2/*35,*2/*35,*2/*35,*35/*2,*2/*35,concordant
cohort1,cohort1,BWA-MEM,HG03486,HG02572,1,*1/*152,*1/*152,*1/*152,*1/*152,*1/*152,concordant
cohort1,cohort1,BWA-MEM,HG03486,HG02622,1,*17+rs61737946+rs61745683/*46,*17/*46,*17/*46,*46/*17,*17/*46,concordant
cohort1,cohort1,BWA-MEM,HG03486,HG02630,1,*1/*46,*1/*46,*1/*46,*1/*46,*1/*46,concordant
cohort1,cohort1,BWA-MEM,HG03486,HG02717,1,*1/*1,*1/*1,*1/*1,*1/*1,*1/*1,concordant
cohort1,cohort1,BWA-MEM,HG03486,HG02723,1,*2/*17+rs61737946+rs61745683,*2/*17,*2/*17,*2/*17,*2/*17,concordant
cohort1,cohort1,BWA-MEM,HG03486,HG02818,1,*1/*2,*1/*2,*1/*2,*2/*1,*1/*2,concordant
cohort1,cohort1,BWA-MEM,HG03486,HG02886,1,*1/*4,*1/*4,*1/*4,*4/*1,*1/*4,concordant
cohort1,cohort1,BWA-MEM,HG03486,HG03098,1,*2/*29,*2/*29,*2/*29,*2/*29,*2/*29,concordant
cohort1,cohort1,BWA-MEM,HG03486,HG03453,1,*1/*29,*1/*29,*1/*29,*29/*1,*1/*29,concordant
cohort1,cohort1,BWA-MEM,HG03486,HG03492,1,*2/*41,*2/*41,*2/*41,*2/*41,*2/*41,concordant
cohort1,cohort1,BWA-MEM,HG03486,HG03516,1,*2+rs61737946+rs61745683/*17,*2/*17,*2/*17,*17/*2,*2/*17,concordant
cohort1,cohort1,BWA-MEM,HG03486,HG03540,1,*2+*2+rs61737946/*17+rs61745683,*2+*2/*17,*2+*2/*17,*17/*2+*2,*2+*2/*17,concordant
cohort1,cohort1,BWA-MEM,HG03486,HG03579,1,*1/*2,*1/*2,*1/*2,*2/*1,*1/*2,concordant
cohort1,cohort1,BWA-MEM,HG03486,NA18906,1,*17+rs61737946+rs61745683/*125,*17/*125,*17/*125,*17/*125,*17/*125,concordant
cohort1,cohort1,BWA-MEM,HG03486,NA19240,1,*15/*17,*15/*17,*15/*17,*17/*15,*15/*17,concordant
cohort1,cohort1,BWA-MEM,HG03486,NA20129,1,*4C/*4C,*4/*4,*4/*4,*5/*4+*4,*4+*4/*5,discordant
cohort1,cohort1,BWA-MEM,HG03486,NA21309,1,*5/*29,*5/*29,*5/*29,*29/*5,*5/*29,concordant
cohort1,cohort1,BWA-MEM,HG03486,NA24385,1,*2/*4,*2/*4,*2/*4,*2/*4,*2/*4,concordant
cohort1,cohort1,BWA-MEM,HG03486,NA24631,1,*36.ALDY+*10/*49,*36+*10/*49,*10+*36/*49,*49/*10+*36,*10+*36/*49,concordant
cohort1,cohort1,BWA-MEM,HG03492,HG00438,1,*36.ALDY+*10/*36.ALDY+*71,*36+*10/*36+*71,*10+*36/*36+*71,*10+*36+*36/*71,*10+*36+*36/*71,discordant
cohort1,cohort1,BWA-MEM,HG03492,HG00621,1,*5/*49,*5/*49,*5/*49,*5/*49,*5/*49,concordant
cohort1,cohort1,BWA-MEM,HG03492,HG00673,1,*1/*10,*1/*10,*1/*10,*1/*10,*1/*10,concordant
cohort1,cohort1,BWA-MEM,HG03492,HG00733,1,*41/*68+*4.021,*41/*68+*4,*4+*68/*41,*41/*4+*68,*4+*68/*41,concordant
cohort1,cohort1,BWA-MEM,HG03492,HG00735,1,*1/*4,*1/*4,*1/*4,*4/*1,*1/*4,concordant
cohort1,cohort1,BWA-MEM,HG03492,HG00741,1,*1/*2,*1/*2,*1/*2,*2/*1,*1/*2,concordant
cohort1,cohort1,BWA-MEM,HG03492,HG01071,1,*4/*41,*4/*41,*4/*41,*41/*4,*4/*41,concordant
cohort1,cohort1,BWA-MEM,HG03492,HG01106,1,*4.028/*35,*4/*35,*4/*35,*35/*4,*4/*35,concordant
cohort1,cohort1,BWA-MEM,HG03492,HG01109,1,*41/*106,*41/*106,*41/*106,*106/*41,*41/*106,concordant
cohort1,cohort1,BWA-MEM,HG03492,HG01175,1,*41/*41,*41/*41,*41/*41,*41/*41,*41/*41,concordant
cohort1,cohort1,BWA-MEM,HG03492,HG01243,1,*1/*5,*1/*5,*1/*5,*5/*1,*1/*5,concordant
cohort1,cohort1,BWA-MEM,HG03492,HG01258,1,*65+*68:2/*68+*4.021,*65+*68/*68+*4,*4+*68/*65+*68,*2/*4+*68+*68,*2/*4+*68+*68,discordant
cohort1,cohort1,BWA-MEM,HG03492,HG01358,1,*1/*1,*1/*1,*1/*1,*1/*1,*1/*1,concordant
cohort1,cohort1,BWA-MEM,HG03492,HG01361,1,*1/*4.028,*1/*4,*1/*4,*1/*4,*1/*4,concordant
cohort1,cohort1,BWA-MEM,HG03492,HG01891,1,*5/*29,*5/*29,*5/*29,*29/*5,*5/*29,concordant
cohort1,cohort1,BWA-MEM,HG03492,HG01928,1,*1/*1,*1/*1,*1/*1,*1/*1,*1/*1,concordant
cohort1,cohort1,BWA-MEM,HG03492,HG01952,1,*1/*4.028,*1/*4,*1/*4,*1/*4,*1/*4,concordant
cohort1,cohort1,BWA-MEM,HG03492,HG01978,1,*1/*1,*1/*1,*1/*1,*1/*1,*1/*1,concordant
cohort1,cohort1,BWA-MEM,HG03492,HG02055,1,*1/*1,*1/*1,*1/*1,*1/*1,*1/*1,concordant
cohort1,cohort1,BWA-MEM,HG03492,HG02080,1,*2/*10,*2/*10,*2/*10,*10/*2,*2/*10,concordant
cohort1,cohort1,BWA-MEM,HG03492,HG02109,1,*45/*122+rs61737946,*45/*122,*45/*122,*45/*1,*1/*45,discordant
cohort1,cohort1,BWA-MEM,HG03492,HG02145,1,*5/*84,*5/*84,*5/*84,*5/*84,*5/*84,concordant
cohort1,cohort1,BWA-MEM,HG03492,HG02148,1,*1/*2,*1/*2,*1/*2,*1/*2,*1/*2,concordant
cohort1,cohort1,BWA-MEM,HG03492,HG02257,1,*2/*35,*2/*35,*2/*35,*35/*2,*2/*35,concordant
cohort1,cohort1,BWA-MEM,HG03492,HG02572,1,*1/*152,*1/*152,*1/*152,*1/*152,*1/*152,concordant
cohort1,cohort1,BWA-MEM,HG03492,HG02622,1,*17+rs61737946+rs61745683/*46,*17/*46,*17/*46,*46/*17,*17/*46,concordant
cohort1,cohort1,BWA-MEM,HG03492,HG02630,1,*1/*46,*1/*46,*1/*46,*1/*46,*1/*46,concordant
cohort1,cohort1,BWA-MEM,HG03492,HG02717,1,*1/*1,*1/*1,*1/*1,*1/*1,*1/*1,concordant
cohort1,cohort1,BWA-MEM,HG03492,HG02723,1,*2/*17+rs61737946+rs61745683,*2/*17,*2/*17,*2/*17,*2/*17,concordant
cohort1,cohort1,BWA-MEM,HG03492,HG02818,1,*1/*2,*1/*2,*1/*2,*2/*1,*1/*2,concordant
cohort1,cohort1,BWA-MEM,HG03492,HG02886,1,*1/*4,*1/*4,*1/*4,*4/*1,*1/*4,concordant
cohort1,cohort1,BWA-MEM,HG03492,HG03098,1,*2/*29,*2/*29,*2/*29,*2/*29,*2/*29,concordant
cohort1,cohort1,BWA-MEM,HG03492,HG03453,1,*1/*29,*1/*29,*1/*29,*29/*1,*1/*29,concordant
cohort1,cohort1,BWA-MEM,HG03492,HG03486,1,*1/*17,*1/*17,*1/*17,*1/*17,*1/*17,concordant
cohort1,cohort1,BWA-MEM,HG03492,HG03516,1,*2+rs61737946+rs61745683/*17,*2/*17,*2/*17,*17/*2,*2/*17,concordant
cohort1,cohort1,BWA-MEM,HG03492,HG03540,1,*2+*2+rs61737946/*17+rs61745683,*2+*2/*17,*2+*2/*17,*17/*2+*2,*2+*2/*17,concordant
cohort1,cohort1,BWA-MEM,HG03492,HG03579,1,*1/*2,*1/*2,*1/*2,*2/*1,*1/*2,concordant
cohort1,cohort1,BWA-MEM,HG03492,NA18906,1,*17+rs61737946+rs61745683/*125,*17/*125,*17/*125,*17/*125,*17/*125,concordant
cohort1,cohort1,BWA-MEM,HG03492,NA19240,1,*15/*17,*15/*17,*15/*17,*17/*15,*15/*17,concordant
cohort1,cohort1,BWA-MEM,HG03492,NA20129,1,*4C/*4C,*4/*4,*4/*4,*5/*4+*4,*4+*4/*5,discordant
cohort1,cohort1,BWA-MEM,HG03492,NA21309,1,*5/*29,*5/*29,*5/*29,*29/*5,*5/*29,concordant
cohort1,cohort1,BWA-MEM,HG03492,NA24385,1,*2/*4,*2/*4,*2/*4,*2/*4,*2/*4,concordant
cohort1,cohort1,BWA-MEM,HG03492,NA24631,1,*36.ALDY+*10/*49,*36+*10/*49,*10+*36/*49,*49/*10+*36,*10+*36/*49,concordant
cohort1,cohort1,BWA-MEM,HG03516,HG00438,1,*36.ALDY+*10/*36.ALDY+*71,*36+*10/*36+*71,*10+*36/*36+*71,*10+*36+*36/*71,*10+*36+*36/*71,discordant
cohort1,cohort1,BWA-MEM,HG03516,HG00621,1,*5/*49,*5/*49,*5/*49,*5/*49,*5/*49,concordant
cohort1,cohort1,BWA-MEM,HG03516,HG00673,1,*1/*10,*1/*10,*1/*10,*1/*10,*1/*10,concordant
cohort1,cohort1,BWA-MEM,HG03516,HG00733,1,*41/*68+*4.021,*41/*68+*4,*4+*68/*41,*41/*4+*68,*4+*68/*41,concordant
cohort1,cohort1,BWA-MEM,HG03516,HG00735,1,*1/*4,*1/*4,*1/*4,*4/*1,*1/*4,concordant
cohort1,cohort1,BWA-MEM,HG03516,HG00741,1,*1/*2,*1/*2,*1/*2,*2/*1,*1/*2,concordant
cohort1,cohort1,BWA-MEM,HG03516,HG01071,1,*4/*41,*4/*41,*4/*41,*41/*4,*4/*41,concordant
cohort1,cohort1,BWA-MEM,HG03516,HG01106,1,*4.028/*35,*4/*35,*4/*35,*35/*4,*4/*35,concordant
cohort1,cohort1,BWA-MEM,HG03516,HG01109,1,*41/*106,*41/*106,*41/*106,*106/*41,*41/*106,concordant
cohort1,cohort1,BWA-MEM,HG03516,HG01175,1,*41/*41,*41/*41,*41/*41,*41/*41,*41/*41,concordant
cohort1,cohort1,BWA-MEM,HG03516,HG01243,1,*1/*5,*1/*5,*1/*5,*5/*1,*1/*5,concordant
cohort1,cohort1,BWA-MEM,HG03516,HG01258,1,*65/*68:2+*4.021.ALDY,*65/*68+*4,*4+*68/*65,*2/*4+*68+*68,*2/*4+*68+*68,discordant
cohort1,cohort1,BWA-MEM,HG03516,HG01358,1,*1/*1,*1/*1,*1/*1,*1/*1,*1/*1,concordant
cohort1,cohort1,BWA-MEM,HG03516,HG01361,1,*1/*4.028,*1/*4,*1/*4,*1/*4,*1/*4,concordant
cohort1,cohort1,BWA-MEM,HG03516,HG01891,1,*5/*29,*5/*29,*5/*29,*29/*5,*5/*29,concordant
cohort1,cohort1,BWA-MEM,HG03516,HG01928,1,*1/*1,*1/*1,*1/*1,*1/*1,*1/*1,concordant
cohort1,cohort1,BWA-MEM,HG03516,HG01952,1,*1/*4.028,*1/*4,*1/*4,*1/*4,*1/*4,concordant
cohort1,cohort1,BWA-MEM,HG03516,HG01978,1,*1/*1,*1/*1,*1/*1,*1/*1,*1/*1,concordant
cohort1,cohort1,BWA-MEM,HG03516,HG02055,1,*1/*1,*1/*1,*1/*1,*1/*1,*1/*1,concordant
cohort1,cohort1,BWA-MEM,HG03516,HG02080,1,*2/*36.ALDY,*2/*36,*2/*36,*10/*2,*2/*10,discordant
cohort1,cohort1,BWA-MEM,HG03516,HG02109,1,*45/*122+rs61737946,*45/*122,*45/*122,*45/*1,*1/*45,discordant
cohort1,cohort1,BWA-MEM,HG03516,HG02145,1,*5/*84,*5/*84,*5/*84,*5/*84,*5/*84,concordant
cohort1,cohort1,BWA-MEM,HG03516,HG02148,1,*1/*2,*1/*2,*1/*2,*1/*2,*1/*2,concordant
cohort1,cohort1,BWA-MEM,HG03516,HG02257,1,*2/*35,*2/*35,*2/*35,*35/*2,*2/*35,concordant
cohort1,cohort1,BWA-MEM,HG03516,HG02572,1,*1/*152,*1/*152,*1/*152,*1/*152,*1/*152,concordant
cohort1,cohort1,BWA-MEM,HG03516,HG02622,1,*17+rs61737946+rs61745683/*46,*17/*46,*17/*46,*46/*17,*17/*46,concordant
cohort1,cohort1,BWA-MEM,HG03516,HG02630,1,*1/*46,*1/*46,*1/*46,*1/*46,*1/*46,concordant
cohort1,cohort1,BWA-MEM,HG03516,HG02717,1,*1/*1,*1/*1,*1/*1,*1/*1,*1/*1,concordant
cohort1,cohort1,BWA-MEM,HG03516,HG02723,1,*2/*17+rs61737946+rs61745683,*2/*17,*2/*17,*2/*17,*2/*17,concordant
cohort1,cohort1,BWA-MEM,HG03516,HG02818,1,*1/*2,*1/*2,*1/*2,*2/*1,*1/*2,concordant
cohort1,cohort1,BWA-MEM,HG03516,HG02886,1,*1/*4,*1/*4,*1/*4,*4/*1,*1/*4,concordant
cohort1,cohort1,BWA-MEM,HG03516,HG03098,1,*2/*29,*2/*29,*2/*29,*2/*29,*2/*29,concordant
cohort1,cohort1,BWA-MEM,HG03516,HG03453,1,*1/*29,*1/*29,*1/*29,*29/*1,*1/*29,concordant
cohort1,cohort1,BWA-MEM,HG03516,HG03486,1,*1/*17,*1/*17,*1/*17,*1/*17,*1/*17,concordant
cohort1,cohort1,BWA-MEM,HG03516,HG03492,1,*2/*41,*2/*41,*2/*41,*2/*41,*2/*41,concordant
cohort1,cohort1,BWA-MEM,HG03516,HG03540,1,*2+*2+rs61737946/*17+rs61745683,*2+*2/*17,*2+*2/*17,*17/*2+*2,*2+*2/*17,concordant
cohort1,cohort1,BWA-MEM,HG03516,HG03579,1,*1/*2,*1/*2,*1/*2,*2/*1,*1/*2,concordant
cohort1,cohort1,BWA-MEM,HG03516,NA18906,1,*17+rs61737946+rs61745683/*125,*17/*125,*17/*125,*17/*125,*17/*125,concordant
cohort1,cohort1,BWA-MEM,HG03516,NA19240,1,*15/*17,*15/*17,*15/*17,*17/*15,*15/*17,concordant
cohort1,cohort1,BWA-MEM,HG03516,NA20129,1,*4C/*4C,*4/*4,*4/*4,*5/*4+*4,*4+*4/*5,discordant
cohort1,cohort1,BWA-MEM,HG03516,NA21309,1,*5/*29,*5/*29,*5/*29,*29/*5,*5/*29,concordant
cohort1,cohort1,BWA-MEM,HG03516,NA24385,1,*2/*4,*2/*4,*2/*4,*2/*4,*2/*4,concordant
cohort1,cohort1,BWA-MEM,HG03516,NA24631,1,*36.ALDY+*10/*49,*36+*10/*49,*10+*36/*49,*49/*10+*36,*10+*36/*49,concordant
cohort1,cohort1,BWA-MEM,HG03579,HG00438,1,*36.ALDY+*10/*36.ALDY+*71,*36+*10/*36+*71,*10+*36/*36+*71,*10+*36+*36/*71,*10+*36+*36/*71,discordant
cohort1,cohort1,BWA-MEM,HG03579,HG00621,1,*5/*49,*5/*49,*5/*49,*5/*49,*5/*49,concordant
cohort1,cohort1,BWA-MEM,HG03579,HG00673,1,*1/*10,*1/*10,*1/*10,*1/*10,*1/*10,concordant
cohort1,cohort1,BWA-MEM,HG03579,HG00733,1,*41/*68+*4.021,*41/*68+*4,*4+*68/*41,*41/*4+*68,*4+*68/*41,concordant
cohort1,cohort1,BWA-MEM,HG03579,HG00735,1,*1/*4,*1/*4,*1/*4,*4/*1,*1/*4,concordant
cohort1,cohort1,BWA-MEM,HG03579,HG00741,1,*1/*2,*1/*2,*1/*2,*2/*1,*1/*2,concordant
cohort1,cohort1,BWA-MEM,HG03579,HG01071,1,*4/*41,*4/*41,*4/*41,*41/*4,*4/*41,concordant
cohort1,cohort1,BWA-MEM,HG03579,HG01106,1,*4.028/*35,*4/*35,*4/*35,*35/*4,*4/*35,concordant
cohort1,cohort1,BWA-MEM,HG03579,HG01109,1,*41/*106,*41/*106,*41/*106,*106/*41,*41/*106,concordant
cohort1,cohort1,BWA-MEM,HG03579,HG01175,1,*41/*41,*41/*41,*41/*41,*41/*41,*41/*41,concordant
cohort1,cohort1,BWA-MEM,HG03579,HG01243,1,*1/*5,*1/*5,*1/*5,*5/*1,*1/*5,concordant
cohort1,cohort1,BWA-MEM,HG03579,HG01258,1,*2/*68+*4.021,*2/*68+*4,*2/*4+*68,*2/*4+*68+*68,*2/*4+*68+*68,discordant
cohort1,cohort1,BWA-MEM,HG03579,HG01358,1,*1/*1,*1/*1,*1/*1,*1/*1,*1/*1,concordant
cohort1,cohort1,BWA-MEM,HG03579,HG01361,1,*1/*4.028,*1/*4,*1/*4,*1/*4,*1/*4,concordant
cohort1,cohort1,BWA-MEM,HG03579,HG01891,1,*5/*29,*5/*29,*5/*29,*29/*5,*5/*29,concordant
cohort1,cohort1,BWA-MEM,HG03579,HG01928,1,*1/*1,*1/*1,*1/*1,*1/*1,*1/*1,concordant
cohort1,cohort1,BWA-MEM,HG03579,HG01952,1,*1/*4.028,*1/*4,*1/*4,*1/*4,*1/*4,concordant
cohort1,cohort1,BWA-MEM,HG03579,HG01978,1,*1/*1,*1/*1,*1/*1,*1/*1,*1/*1,concordant
cohort1,cohort1,BWA-MEM,HG03579,HG02055,1,*1/*1,*1/*1,*1/*1,*1/*1,*1/*1,concordant
cohort1,cohort1,BWA-MEM,HG03579,HG02080,1,*2/*10,*2/*10,*2/*10,*10/*2,*2/*10,concordant
cohort1,cohort1,BWA-MEM,HG03579,HG02109,1,*45/*122+rs61737946,*45/*122,*45/*122,*45/*1,*1/*45,discordant
cohort1,cohort1,BWA-MEM,HG03579,HG02145,1,*5/*84,*5/*84,*5/*84,*5/*84,*5/*84,concordant
cohort1,cohort1,BWA-MEM,HG03579,HG02148,1,*1/*2,*1/*2,*1/*2,*1/*2,*1/*2,concordant
cohort1,cohort1,BWA-MEM,HG03579,HG02257,1,*2/*35,*2/*35,*2/*35,*35/*2,*2/*35,concordant
cohort1,cohort1,BWA-MEM,HG03579,HG02572,1,*1/*152,*1/*152,*1/*152,*1/*152,*1/*152,concordant
cohort1,cohort1,BWA-MEM,HG03579,HG02622,1,*17+rs61737946+rs61745683/*46,*17/*46,*17/*46,*46/*17,*17/*46,concordant
cohort1,cohort1,BWA-MEM,HG03579,HG02630,1,*1/*46,*1/*46,*1/*46,*1/*46,*1/*46,concordant
cohort1,cohort1,BWA-MEM,HG03579,HG02717,1,*1/*1,*1/*1,*1/*1,*1/*1,*1/*1,concordant
cohort1,cohort1,BWA-MEM,HG03579,HG02723,1,*2/*17+rs61737946+rs61745683,*2/*17,*2/*17,*2/*17,*2/*17,concordant
cohort1,cohort1,BWA-MEM,HG03579,HG02818,1,*1/*2,*1/*2,*1/*2,*2/*1,*1/*2,concordant
cohort1,cohort1,BWA-MEM,HG03579,HG02886,1,*1/*4,*1/*4,*1/*4,*4/*1,*1/*4,concordant
cohort1,cohort1,BWA-MEM,HG03579,HG03098,1,*2/*29,*2/*29,*2/*29,*2/*29,*2/*29,concordant
cohort1,cohort1,BWA-MEM,HG03579,HG03453,1,*1/*29,*1/*29,*1/*29,*29/*1,*1/*29,concordant
cohort1,cohort1,BWA-MEM,HG03579,HG03486,1,*1/*17,*1/*17,*1/*17,*1/*17,*1/*17,concordant
cohort1,cohort1,BWA-MEM,HG03579,HG03492,1,*2/*41,*2/*41,*2/*41,*2/*41,*2/*41,concordant
cohort1,cohort1,BWA-MEM,HG03579,HG03516,1,*2+rs61737946+rs61745683/*17,*2/*17,*2/*17,*17/*2,*2/*17,concordant
cohort1,cohort1,BWA-MEM,HG03579,HG03540,1,*2+*2+rs61745683/*17+rs61737946,*2+*2/*17,*2+*2/*17,*17/*2+*2,*2+*2/*17,concordant
cohort1,cohort1,BWA-MEM,HG03579,NA18906,1,*17+rs61737946+rs61745683/*125,*17/*125,*17/*125,*17/*125,*17/*125,concordant
cohort1,cohort1,BWA-MEM,HG03579,NA19240,1,*15/*17,*15/*17,*15/*17,*17/*15,*15/*17,concordant
cohort1,cohort1,BWA-MEM,HG03579,NA20129,1,*4C/*4C,*4/*4,*4/*4,*5/*4+*4,*4+*4/*5,discordant
cohort1,cohort1,BWA-MEM,HG03579,NA21309,1,*5/*29,*5/*29,*5/*29,*29/*5,*5/*29,concordant
cohort1,cohort1,BWA-MEM,HG03579,NA24385,1,*2/*4,*2/*4,*2/*4,*2/*4,*2/*4,concordant
cohort1,cohort1,BWA-MEM,HG03579,NA24631,1,*36.ALDY+*10/*49,*36+*10/*49,*10+*36/*49,*49/*10+*36,*10+*36/*49,concordant
cohort1,cohort1,BWA-MEM,NA18906,HG00438,1,*36.ALDY+*10/*36.ALDY+*71,*36+*10/*36+*71,*10+*36/*36+*71,*10+*36+*36/*71,*10+*36+*36/*71,discordant
cohort1,cohort1,BWA-MEM,NA18906,HG00621,1,*5/*49,*5/*49,*5/*49,*5/*49,*5/*49,concordant
cohort1,cohort1,BWA-MEM,NA18906,HG00673,1,*1/*10,*1/*10,*1/*10,*1/*10,*1/*10,concordant
cohort1,cohort1,BWA-MEM,NA18906,HG00733,1,*41/*68+*4.021,*41/*68+*4,*4+*68/*41,*41/*4+*68,*4+*68/*41,concordant
cohort1,cohort1,BWA-MEM,NA18906,HG00735,1,*1/*4,*1/*4,*1/*4,*4/*1,*1/*4,concordant
cohort1,cohort1,BWA-MEM,NA18906,HG00741,1,*1/*2,*1/*2,*1/*2,*2/*1,*1/*2,concordant
cohort1,cohort1,BWA-MEM,NA18906,HG01071,1,*4/*41,*4/*41,*4/*41,*41/*4,*4/*41,concordant
cohort1,cohort1,BWA-MEM,NA18906,HG01106,1,*4.028/*35,*4/*35,*4/*35,*35/*4,*4/*35,concordant
cohort1,cohort1,BWA-MEM,NA18906,HG01109,1,*41/*106,*41/*106,*41/*106,*106/*41,*41/*106,concordant
cohort1,cohort1,BWA-MEM,NA18906,HG01175,1,*41/*41,*41/*41,*41/*41,*41/*41,*41/*41,concordant
cohort1,cohort1,BWA-MEM,NA18906,HG01243,1,*1/*5,*1/*5,*1/*5,*5/*1,*1/*5,concordant
cohort1,cohort1,BWA-MEM,NA18906,HG01258,1,*65+*68:2/*68+*4.021,*65+*68/*68+*4,*4+*68/*65+*68,*2/*4+*68+*68,*2/*4+*68+*68,discordant
cohort1,cohort1,BWA-MEM,NA18906,HG01358,1,*1/*1,*1/*1,*1/*1,*1/*1,*1/*1,concordant
cohort1,cohort1,BWA-MEM,NA18906,HG01361,1,*1/*4.028,*1/*4,*1/*4,*1/*4,*1/*4,concordant
cohort1,cohort1,BWA-MEM,NA18906,HG01891,1,*5/*29,*5/*29,*5/*29,*29/*5,*5/*29,concordant
cohort1,cohort1,BWA-MEM,NA18906,HG01928,1,*1/*1,*1/*1,*1/*1,*1/*1,*1/*1,concordant
cohort1,cohort1,BWA-MEM,NA18906,HG01952,1,*1/*4.028,*1/*4,*1/*4,*1/*4,*1/*4,concordant
cohort1,cohort1,BWA-MEM,NA18906,HG01978,1,*1/*1,*1/*1,*1/*1,*1/*1,*1/*1,concordant
cohort1,cohort1,BWA-MEM,NA18906,HG02055,1,*1/*1,*1/*1,*1/*1,*1/*1,*1/*1,concordant
cohort1,cohort1,BWA-MEM,NA18906,HG02080,1,*2/*10,*2/*10,*2/*10,*10/*2,*2/*10,concordant
cohort1,cohort1,BWA-MEM,NA18906,HG02109,1,*45/*122+rs61737946,*45/*122,*45/*122,*45/*1,*1/*45,discordant
cohort1,cohort1,BWA-MEM,NA18906,HG02145,1,*5/*84,*5/*84,*5/*84,*5/*84,*5/*84,concordant
cohort1,cohort1,BWA-MEM,NA18906,HG02148,1,*1/*2,*1/*2,*1/*2,*1/*2,*1/*2,concordant
cohort1,cohort1,BWA-MEM,NA18906,HG02257,1,*2/*35,*2/*35,*2/*35,*35/*2,*2/*35,concordant
cohort1,cohort1,BWA-MEM,NA18906,HG02572,1,*1/*152,*1/*152,*1/*152,*1/*152,*1/*152,concordant
cohort1,cohort1,BWA-MEM,NA18906,HG02622,1,*17+rs61737946+rs61745683/*46,*17/*46,*17/*46,*46/*17,*17/*46,concordant
cohort1,cohort1,BWA-MEM,NA18906,HG02630,1,*1/*46,*1/*46,*1/*46,*1/*46,*1/*46,concordant
cohort1,cohort1,BWA-MEM,NA18906,HG02717,1,*1/*1,*1/*1,*1/*1,*1/*1,*1/*1,concordant
cohort1,cohort1,BWA-MEM,NA18906,HG02723,1,*2/*17+rs61737946+rs61745683,*2/*17,*2/*17,*2/*17,*2/*17,concordant
cohort1,cohort1,BWA-MEM,NA18906,HG02818,1,*1/*2,*1/*2,*1/*2,*2/*1,*1/*2,concordant
cohort1,cohort1,BWA-MEM,NA18906,HG02886,1,*1/*4,*1/*4,*1/*4,*4/*1,*1/*4,concordant
cohort1,cohort1,BWA-MEM,NA18906,HG03098,1,*2/*29,*2/*29,*2/*29,*2/*29,*2/*29,concordant
cohort1,cohort1,BWA-MEM,NA18906,HG03453,1,*1/*29,*1/*29,*1/*29,*29/*1,*1/*29,concordant
cohort1,cohort1,BWA-MEM,NA18906,HG03486,1,*1/*17,*1/*17,*1/*17,*1/*17,*1/*17,concordant
cohort1,cohort1,BWA-MEM,NA18906,HG03492,1,*2/*41,*2/*41,*2/*41,*2/*41,*2/*41,concordant
cohort1,cohort1,BWA-MEM,NA18906,HG03516,1,*2+rs61737946+rs61745683/*17,*2/*17,*2/*17,*17/*2,*2/*17,concordant
cohort1,cohort1,BWA-MEM,NA18906,HG03540,1,*2+*2+rs61745683/*17+rs61737946,*2+*2/*17,*2+*2/*17,*17/*2+*2,*2+*2/*17,concordant
cohort1,cohort1,BWA-MEM,NA18906,HG03579,1,*1/*2,*1/*2,*1/*2,*2/*1,*1/*2,concordant
cohort1,cohort1,BWA-MEM,NA18906,NA19240,1,*15/*17,*15/*17,*15/*17,*17/*15,*15/*17,concordant
cohort1,cohort1,BWA-MEM,NA18906,NA20129,1,*4C/*4C,*4/*4,*4/*4,*5/*4+*4,*4+*4/*5,discordant
cohort1,cohort1,BWA-MEM,NA18906,NA21309,1,*5/*29,*5/*29,*5/*29,*29/*5,*5/*29,concordant
cohort1,cohort1,BWA-MEM,NA18906,NA24385,1,*2/*4,*2/*4,*2/*4,*2/*4,*2/*4,concordant
cohort1,cohort1,BWA-MEM,NA18906,NA24631,1,*36.ALDY+*10/*49,*36+*10/*49,*10+*36/*49,*49/*10+*36,*10+*36/*49,concordant
cohort1,cohort1,BWA-MEM,NA19240,HG00438,1,*36.ALDY+*10/*36.ALDY+*10+*71,*36+*10/*36+*10+*71,*10+*36/*10+*36+*71,*10+*36+*36/*71,*10+*36+*36/*71,discordant
cohort1,cohort1,BWA-MEM,NA19240,HG00621,1,*5/*49,*5/*49,*5/*49,*5/*49,*5/*49,concordant
cohort1,cohort1,BWA-MEM,NA19240,HG00673,1,*1/*10,*1/*10,*1/*10,*1/*10,*1/*10,concordant
cohort1,cohort1,BWA-MEM,NA19240,HG00733,1,*41/*68+*4.021,*41/*68+*4,*4+*68/*41,*41/*4+*68,*4+*68/*41,concordant
cohort1,cohort1,BWA-MEM,NA19240,HG00735,1,*1/*4,*1/*4,*1/*4,*4/*1,*1/*4,concordant
cohort1,cohort1,BWA-MEM,NA19240,HG00741,1,*1/*2,*1/*2,*1/*2,*2/*1,*1/*2,concordant
cohort1,cohort1,BWA-MEM,NA19240,HG01071,1,*4/*41,*4/*41,*4/*41,*41/*4,*4/*41,concordant
cohort1,cohort1,BWA-MEM,NA19240,HG01106,1,*4.028/*35,*4/*35,*4/*35,*35/*4,*4/*35,concordant
cohort1,cohort1,BWA-MEM,NA19240,HG01109,1,*41/*106,*41/*106,*41/*106,*106/*41,*41/*106,concordant
cohort1,cohort1,BWA-MEM,NA19240,HG01175,1,*41/*41,*41/*41,*41/*41,*41/*41,*41/*41,concordant
cohort1,cohort1,BWA-MEM,NA19240,HG01243,1,*1/*5,*1/*5,*1/*5,*5/*1,*1/*5,concordant
cohort1,cohort1,BWA-MEM,NA19240,HG01258,1,*65+*68:2/*68+*4.021,*65+*68/*68+*4,*4+*68/*65+*68,*2/*4+*68+*68,*2/*4+*68+*68,discordant
cohort1,cohort1,BWA-MEM,NA19240,HG01358,1,*1/*1,*1/*1,*1/*1,*1/*1,*1/*1,concordant
cohort1,cohort1,BWA-MEM,NA19240,HG01361,1,*1/*4.028,*1/*4,*1/*4,*1/*4,*1/*4,concordant
cohort1,cohort1,BWA-MEM,NA19240,HG01891,1,*5/*29,*5/*29,*5/*29,*29/*5,*5/*29,concordant
cohort1,cohort1,BWA-MEM,NA19240,HG01928,1,*1/*1,*1/*1,*1/*1,*1/*1,*1/*1,concordant
cohort1,cohort1,BWA-MEM,NA19240,HG01952,1,*1/*4.028,*1/*4,*1/*4,*1/*4,*1/*4,concordant
cohort1,cohort1,BWA-MEM,NA19240,HG01978,1,*1/*1,*1/*1,*1/*1,*1/*1,*1/*1,concordant
cohort1,cohort1,BWA-MEM,NA19240,HG02055,1,*1/*1,*1/*1,*1/*1,*1/*1,*1/*1,concordant
cohort1,cohort1,BWA-MEM,NA19240,HG02080,1,*2/*10,*2/*10,*2/*10,*10/*2,*2/*10,concordant
cohort1,cohort1,BWA-MEM,NA19240,HG02109,1,*45/*122+rs61737946,*45/*122,*45/*122,*45/*1,*1/*45,discordant
cohort1,cohort1,BWA-MEM,NA19240,HG02145,1,*5/*84,*5/*84,*5/*84,*5/*84,*5/*84,concordant
cohort1,cohort1,BWA-MEM,NA19240,HG02148,1,*1/*2,*1/*2,*1/*2,*1/*2,*1/*2,concordant
cohort1,cohort1,BWA-MEM,NA19240,HG02257,1,*2/*35,*2/*35,*2/*35,*35/*2,*2/*35,concordant
cohort1,cohort1,BWA-MEM,NA19240,HG02572,1,*1/*152,*1/*152,*1/*152,*1/*152,*1/*152,concordant
cohort1,cohort1,BWA-MEM,NA19240,HG02622,1,*17+rs61737946+rs61745683/*46,*17/*46,*17/*46,*46/*17,*17/*46,concordant
cohort1,cohort1,BWA-MEM,NA19240,HG02630,1,*1/*46,*1/*46,*1/*46,*1/*46,*1/*46,concordant
cohort1,cohort1,BWA-MEM,NA19240,HG02717,1,*1/*1,*1/*1,*1/*1,*1/*1,*1/*1,concordant
cohort1,cohort1,BWA-MEM,NA19240,HG02723,1,*2/*17+rs61737946+rs61745683,*2/*17,*2/*17,*2/*17,*2/*17,concordant
cohort1,cohort1,BWA-MEM,NA19240,HG02818,1,*1/*2,*1/*2,*1/*2,*2/*1,*1/*2,concordant
cohort1,cohort1,BWA-MEM,NA19240,HG02886,1,*1/*4,*1/*4,*1/*4,*4/*1,*1/*4,concordant
cohort1,cohort1,BWA-MEM,NA19240,HG03098,1,*2/*29,*2/*29,*2/*29,*2/*29,*2/*29,concordant
cohort1,cohort1,BWA-MEM,NA19240,HG03453,1,*1/*29,*1/*29,*1/*29,*29/*1,*1/*29,concordant
cohort1,cohort1,BWA-MEM,NA19240,HG03486,1,*1/*17,*1/*17,*1/*17,*1/*17,*1/*17,concordant
cohort1,cohort1,BWA-MEM,NA19240,HG03492,1,*2/*41,*2/*41,*2/*41,*2/*41,*2/*41,concordant
cohort1,cohort1,BWA-MEM,NA19240,HG03516,1,*2+rs61737946+rs61745683/*17,*2/*17,*2/*17,*17/*2,*2/*17,concordant
cohort1,cohort1,BWA-MEM,NA19240,HG03540,1,*2+*2+rs61745683/*17+rs61737946,*2+*2/*17,*2+*2/*17,*17/*2+*2,*2+*2/*17,concordant
cohort1,cohort1,BWA-MEM,NA19240,HG03579,1,*1/*2,*1/*2,*1/*2,*2/*1,*1/*2,concordant
cohort1,cohort1,BWA-MEM,NA19240,NA18906,1,*17+rs61737946+rs61745683/*125,*17/*125,*17/*125,*17/*125,*17/*125,concordant
cohort1,cohort1,BWA-MEM,NA19240,NA20129,1,*4C/*4C,*4/*4,*4/*4,*5/*4+*4,*4+*4/*5,discordant
cohort1,cohort1,BWA-MEM,NA19240,NA21309,1,*5/*29,*5/*29,*5/*29,*29/*5,*5/*29,concordant
cohort1,cohort1,BWA-MEM,NA19240,NA24385,1,*2/*4,*2/*4,*2/*4,*2/*4,*2/*4,concordant
cohort1,cohort1,BWA-MEM,NA19240,NA24631,1,*36.ALDY+*10/*49,*36+*10/*49,*10+*36/*49,*49/*10+*36,*10+*36/*49,concordant
cohort1,cohort1,BWA-MEM,NA24385,HG00438,1,*36.ALDY+*10/*36.ALDY+*71,*36+*10/*36+*71,*10+*36/*36+*71,*10+*36+*36/*71,*10+*36+*36/*71,discordant
cohort1,cohort1,BWA-MEM,NA24385,HG00621,1,*5/*49,*5/*49,*5/*49,*5/*49,*5/*49,concordant
cohort1,cohort1,BWA-MEM,NA24385,HG00673,1,*1/*10,*1/*10,*1/*10,*1/*10,*1/*10,concordant
cohort1,cohort1,BWA-MEM,NA24385,HG00733,1,*41/*68+*4.021,*41/*68+*4,*4+*68/*41,*41/*4+*68,*4+*68/*41,concordant
cohort1,cohort1,BWA-MEM,NA24385,HG00735,1,*1/*4,*1/*4,*1/*4,*4/*1,*1/*4,concordant
cohort1,cohort1,BWA-MEM,NA24385,HG00741,1,*1/*2,*1/*2,*1/*2,*2/*1,*1/*2,concordant
cohort1,cohort1,BWA-MEM,NA24385,HG01071,1,*4/*41,*4/*41,*4/*41,*41/*4,*4/*41,concordant
cohort1,cohort1,BWA-MEM,NA24385,HG01106,1,*4.028/*35,*4/*35,*4/*35,*35/*4,*4/*35,concordant
cohort1,cohort1,BWA-MEM,NA24385,HG01109,1,*41/*106,*41/*106,*41/*106,*106/*41,*41/*106,concordant
cohort1,cohort1,BWA-MEM,NA24385,HG01175,1,*41/*41,*41/*41,*41/*41,*41/*41,*41/*41,concordant
cohort1,cohort1,BWA-MEM,NA24385,HG01243,1,*1/*5,*1/*5,*1/*5,*5/*1,*1/*5,concordant
cohort1,cohort1,BWA-MEM,NA24385,HG01258,1,*2/*68+*4.021,*2/*68+*4,*2/*4+*68,*2/*4+*68+*68,*2/*4+*68+*68,discordant
cohort1,cohort1,BWA-MEM,NA24385,HG01358,1,*1/*1,*1/*1,*1/*1,*1/*1,*1/*1,concordant
cohort1,cohort1,BWA-MEM,NA24385,HG01361,1,*1/*4.028,*1/*4,*1/*4,*1/*4,*1/*4,concordant
cohort1,cohort1,BWA-MEM,NA24385,HG01891,1,*5/*29,*5/*29,*5/*29,*29/*5,*5/*29,concordant
cohort1,cohort1,BWA-MEM,NA24385,HG01928,1,*1/*1,*1/*1,*1/*1,*1/*1,*1/*1,concordant
cohort1,cohort1,BWA-MEM,NA24385,HG01952,1,*1/*4.028,*1/*4,*1/*4,*1/*4,*1/*4,concordant
cohort1,cohort1,BWA-MEM,NA24385,HG01978,1,*1/*1,*1/*1,*1/*1,*1/*1,*1/*1,concordant
cohort1,cohort1,BWA-MEM,NA24385,HG02055,1,*1/*1,*1/*1,*1/*1,*1/*1,*1/*1,concordant
cohort1,cohort1,BWA-MEM,NA24385,HG02080,1,*2/*10,*2/*10,*2/*10,*10/*2,*2/*10,concordant
cohort1,cohort1,BWA-MEM,NA24385,HG02109,1,*45/*122+rs61737946,*45/*122,*45/*122,*45/*1,*1/*45,discordant
cohort1,cohort1,BWA-MEM,NA24385,HG02145,1,*5/*84,*5/*84,*5/*84,*5/*84,*5/*84,concordant
cohort1,cohort1,BWA-MEM,NA24385,HG02148,1,*1/*2,*1/*2,*1/*2,*1/*2,*1/*2,concordant
cohort1,cohort1,BWA-MEM,NA24385,HG02257,1,*2/*35,*2/*35,*2/*35,*35/*2,*2/*35,concordant
cohort1,cohort1,BWA-MEM,NA24385,HG02572,1,*1/*152,*1/*152,*1/*152,*1/*152,*1/*152,concordant
cohort1,cohort1,BWA-MEM,NA24385,HG02622,1,*17+rs61737946+rs61745683/*46,*17/*46,*17/*46,*46/*17,*17/*46,concordant
cohort1,cohort1,BWA-MEM,NA24385,HG02630,1,*1/*46,*1/*46,*1/*46,*1/*46,*1/*46,concordant
cohort1,cohort1,BWA-MEM,NA24385,HG02717,1,*1/*1,*1/*1,*1/*1,*1/*1,*1/*1,concordant
cohort1,cohort1,BWA-MEM,NA24385,HG02723,1,*2/*17+rs61737946+rs61745683,*2/*17,*2/*17,*2/*17,*2/*17,concordant
cohort1,cohort1,BWA-MEM,NA24385,HG02818,1,*1/*2,*1/*2,*1/*2,*2/*1,*1/*2,concordant
cohort1,cohort1,BWA-MEM,NA24385,HG02886,1,*1/*4,*1/*4,*1/*4,*4/*1,*1/*4,concordant
cohort1,cohort1,BWA-MEM,NA24385,HG03098,1,*2/*29,*2/*29,*2/*29,*2/*29,*2/*29,concordant
cohort1,cohort1,BWA-MEM,NA24385,HG03453,1,*1/*29,*1/*29,*1/*29,*29/*1,*1/*29,concordant
cohort1,cohort1,BWA-MEM,NA24385,HG03486,1,*1/*17,*1/*17,*1/*17,*1/*17,*1/*17,concordant
cohort1,cohort1,BWA-MEM,NA24385,HG03492,1,*2/*41,*2/*41,*2/*41,*2/*41,*2/*41,concordant
cohort1,cohort1,BWA-MEM,NA24385,HG03516,1,*2+rs61737946+rs61745683/*17,*2/*17,*2/*17,*17/*2,*2/*17,concordant
cohort1,cohort1,BWA-MEM,NA24385,HG03540,1,*2+*2+rs61737946/*17+rs61745683,*2+*2/*17,*2+*2/*17,*17/*2+*2,*2+*2/*17,concordant
cohort1,cohort1,BWA-MEM,NA24385,HG03579,1,*1/*2,*1/*2,*1/*2,*2/*1,*1/*2,concordant
cohort1,cohort1,BWA-MEM,NA24385,NA18906,1,*17+rs61737946+rs61745683/*125,*17/*125,*17/*125,*17/*125,*17/*125,concordant
cohort1,cohort1,BWA-MEM,NA24385,NA19240,1,*15/*17,*15/*17,*15/*17,*17/*15,*15/*17,concordant
cohort1,cohort1,BWA-MEM,NA24385,NA20129,1,*4C/*4C,*4/*4,*4/*4,*5/*4+*4,*4+*4/*5,discordant
cohort1,cohort1,BWA-MEM,NA24385,NA21309,1,*5/*29,*5/*29,*5/*29,*29/*5,*5/*29,concordant
cohort1,cohort1,BWA-MEM,NA24385,NA24631,1,*36.ALDY+*10/*49,*36+*10/*49,*10+*36/*49,*49/*10+*36,*10+*36/*49,concordant
cohort2,cohort2,BWA-MEM,HG00133,HG00099,1,*1/*5,*1/*5,*1/*5,*1/*5,*1/*5,concordant
cohort2,cohort2,BWA-MEM,HG00133,HG00232,1,*1+rs769258/*35,*1/*35,*1/*35,*1/*35,*1/*35,concordant
cohort2,cohort2,BWA-MEM,HG00133,HG00253,1,*1/*1,*1/*1,*1/*1,*1/*1,*1/*1,concordant
cohort2,cohort2,BWA-MEM,HG00133,HG00280,1,*2/*41,*2/*41,*2/*41,*2/*41,*2/*41,concordant
cohort2,cohort2,BWA-MEM,HG00133,HG00320,1,*2/*2+*2,*2/*2+*2,*2/*2+*2,*2+*2/*2,*2/*2+*2,concordant
cohort2,cohort2,BWA-MEM,HG00133,HG00350,1,*1/*1,*1/*1,*1/*1,*1/*1,*1/*1,concordant
cohort2,cohort2,BWA-MEM,HG00133,HG00408,1,*10/*36.ALDY+*10,*10/*36+*10,*10/*10+*36,*10+*36/*10,*10/*10+*36,concordant
cohort2,cohort2,BWA-MEM,HG00133,HG00423,1,*10/*10+*10,*10/*10+*10,*10/*10+*10,*10/*10+*10,*10/*10+*10,concordant
cohort2,cohort2,BWA-MEM,HG00133,HG00544,1,*1/*36.ALDY+*10,*1/*36+*10,*1/*10+*36,*1/*10+*36,*1/*10+*36,concordant
cohort2,cohort2,BWA-MEM,HG00133,HG00558,1,*1/*36.ALDY+*10,*1/*36+*10,*1/*10+*36,*10+*36/*1,*1/*10+*36,concordant
cohort2,cohort2,BWA-MEM,HG00133,HG00597,1,*36.ALDY+*10+*49/*36.ALDY+*39,*36+*10+*49/*36+*39,*10+*36+*49/*36+*39,*49/*10+*36+*36+*83,*10+*36+*36+*83/*49,discordant
cohort2,cohort2,BWA-MEM,HG00133,HG00609,1,*36.ALDY+*10+rs1135822/*49,*36+*10/*49,*10+*36/*49,*10+*36/*49,*10+*36/*49,concordant
cohort2,cohort2,BWA-MEM,HG00133,HG00639,1,*1/*1,*1/*1,*1/*1,*1/*1,*1/*1,concordant
cohort2,cohort2,BWA-MEM,HG00133,HG00658,1,*10+*36.ALDY+*10/*36.ALDY+*10,*10+*36+*10/*36+*10,*10+*10+*36/*10+*36,*10+*36/*10+*36+*36,*10+*36/*10+*36+*36,discordant
cohort2,cohort2,BWA-MEM,HG00133,HG01123,1,*1/*2,*1/*2,*1/*2,*2/*1,*1/*2,concordant
cohort2,cohort2,BWA-MEM,HG00133,HG01167,1,*2/*119,*2/*119,*2/*119,*41/*1,*1/*41,discordant
cohort2,cohort2,BWA-MEM,HG00133,HG01192,1,*5/*41,*5/*41,*5/*41,*41/*5,*5/*41,concordant
cohort2,cohort2,BWA-MEM,HG00133,HG01261,1,*1/*5,*1/*5,*1/*5,*1/*5,*1/*5,concordant
cohort2,cohort2,BWA-MEM,HG00133,HG01496,1,*2/*43+*43,*2/*43+*43,*2/*43+*43,*2/*43+*43,*2/*43+*43,concordant
cohort2,cohort2,BWA-MEM,HG00133,HG01530,1,*2/*10,*2/*10,*2/*10,*2/*10,*2/*10,concordant
cohort2,cohort2,BWA-MEM,HG00133,HG01784,1,*1/*68+*4.021,*1/*68+*4,*1/*4+*68,*4+*68/*1,*1/*4+*68,concordant
cohort2,cohort2,BWA-MEM,HG00133,HG01884,1,*1/*2,*1/*2,*1/*2,*1/*2,*1/*2,concordant
cohort2,cohort2,BWA-MEM,HG00133,HG01940,1,*1/*1,*1/*1,*1/*1,*1/*1,*1/*1,concordant
cohort2,cohort2,BWA-MEM,HG00133,HG01969,1,*1/*2,*1/*2,*1/*2,*1/*2,*1/*2,concordant
cohort2,cohort2,BWA-MEM,HG00133,HG01975,1,*1/*1,*1/*1,*1/*1,*1/*1,*1/*1,concordant
cohort2,cohort2,BWA-MEM,HG00133,HG02015,1,*10/*36.ALDY+*10,*10/*36+*10,*10/*10+*36,*10/*10+*36,*10/*10+*36,concordant
cohort2,cohort2,BWA-MEM,HG00133,HG02027,1,*14/*36.ALDY+*10,*14/*36+*10,*10+*36/*14,*10+*36/*14,*10+*36/*14,concordant
cohort2,cohort2,BWA-MEM,HG00133,HG02040,1,*36.ALDY+*10/*36.ALDY+*10,*36+*10/*36+*10,*10+*36/*10+*36,*10+*36/*10+*36,*10+*36/*10+*36,concordant
cohort2,cohort2,BWA-MEM,HG00133,HG02056,1,*36.ALDY+*10/*36.ALDY+*10,*36+*10/*36+*10,*10+*36/*10+*36,*10+*36/*10+*36,*10+*36/*10+*36,concordant
cohort2,cohort2,BWA-MEM,HG00133,HG02071,1,*10+*10/*63,*10+*10/*63,*10+*10/*63,*10+*36/*2,*2/*10+*36,discordant
cohort2,cohort2,BWA-MEM,HG00133,HG02074,1,*36.ALDY+*10/*36.ALDY+*10,*36+*10/*36+*10,*10+*36/*10+*36,*10+*36/*10+*36,*10+*36/*10+*36,concordant
cohort2,cohort2,BWA-MEM,HG00133,HG02083,1,*10+*36.ALDY+*10/*36.ALDY+*10,*10+*36+*10/*36+*10,*10+*10+*36/*10+*36,*10+*36+*36/*10+*36,*10+*36/*10+*36+*36,discordant
cohort2,cohort2,BWA-MEM,HG00133,HG02129,1,*1/*36.ALDY+*10,*1/*36+*10,*1/*10+*36,*1/*10+*36,*1/*10+*36,concordant
cohort2,cohort2,BWA-MEM,HG00133,HG02132,1,*36.ALDY+*10/*36.ALDY+*10,*36+*10/*36+*10,*10+*36/*10+*36,*10+*36/*10+*36,*10+*36/*10+*36,concordant
cohort2,cohort2,BWA-MEM,HG00133,HG02135,1,*36.ALDY+*10/*36.ALDY+*10,*36+*10/*36+*10,*10+*36/*10+*36,*10+*36/*10+*36,*10+*36/*10+*36,concordant
cohort2,cohort2,BWA-MEM,HG00133,HG02155,1,*10+*36.ALDY+*10/*36.ALDY+*10,*10+*36+*10/*36+*10,*10+*10+*36/*10+*36,*10+*36/*10+*36+*36,*10+*36/*10+*36+*36,discordant
cohort2,cohort2,BWA-MEM,HG00133,HG02178,1,*1+*36.ALDY/*36.ALDY+*10,*1+*36/*36+*10,*1+*36/*10+*36,*10+*36+*36/*1,*1/*10+*36+*36,discordant
cohort2,cohort2,BWA-MEM,HG00133,HG02258,1,*1/*17+*17,*1/*17+*17,*1/*17+*17,*17+*17/*1,*1/*17+*17,concordant
cohort2,cohort2,BWA-MEM,HG00133,HG02300,1,*2/*5,*2/*5,*2/*5,*2/*5,*2/*5,concordant
cohort2,cohort2,BWA-MEM,HG00133,HG02486,1,*2/*29,*2/*29,*2/*29,*2/*29,*2/*29,concordant
cohort2,cohort2,BWA-MEM,HG00133,HG02523,1,*1/*5,*1/*5,*1/*5,*5/*1,*1/*5,concordant
cohort2,cohort2,BWA-MEM,HG00133,HG02559,1,*2/*27,*2/*27,*2/*27,*27/*2,*2/*27,concordant
cohort2,cohort2,BWA-MEM,HG00133,HG02602,1,*2/*5,*2/*5,*2/*5,*2/*5,*2/*5,concordant
cohort2,cohort2,BWA-MEM,HG00133,HG02647,1,*4C+*4C/*17,*4+*4/*17,*4+*4/*17,*4+*4/*17,*4+*4/*17,concordant
cohort2,cohort2,BWA-MEM,HG00133,HG02965,1,*4C+*4C/*17,*4+*4/*17,*4+*4/*17,*17/*4+*4,*4+*4/*17,concordant
cohort2,cohort2,BWA-MEM,HG00133,HG03017,1,*1/*2,*1/*2,*1/*2,*1/*2,*1/*2,concordant
cohort2,cohort2,BWA-MEM,HG00133,HG03139,1,*2+*122+rs1135840+rs16947/*17,*2+*122/*17,*2+*122/*17,*17/*2+*2,*2+*2/*17,discordant
cohort2,cohort2,BWA-MEM,HG00133,HG03225,1,*5/*56B,*5/*56,*5/*56,*56/*5,*5/*56,concordant
cohort2,cohort2,BWA-MEM,HG00133,HG03239,1,*1/*5,*1/*5,*1/*5,*5/*1,*1/*5,concordant
cohort2,cohort2,BWA-MEM,HG00133,HG03471,1,*29/*162,*29/*162,*29/*162,*162/*29,*29/*162,concordant
cohort2,cohort2,BWA-MEM,HG00133,HG03654,1,*2/*2,*2/*2,*2/*2,*2/*2,*2/*2,concordant
cohort2,cohort2,BWA-MEM,HG00133,HG03834,1,*1+*1/*4,*1+*1/*4,*1+*1/*4,*1+*1/*4,*1+*1/*4,concordant
cohort2,cohort2,BWA-MEM,HG00133,HG04184,1,*10/*41,*10/*41,*10/*41,*10/*41,*10/*41,concordant
cohort2,cohort2,BWA-MEM,HG00133,HG04228,1,*1/*43,*1/*43,*1/*43,*43/*1,*1/*43,concordant
cohort2,cohort2,BWA-MEM,HG00133,HG06807,1,*2/*4C+*4C,*2/*4+*4,*2/*4+*4,*2/*4+*4,*2/*4+*4,concordant
cohort2,cohort2,BWA-MEM,HG00133,NA18522,1,*1/*106,*1/*106,*1/*106,*106/*1,*1/*106,concordant
cohort2,cohort2,BWA-MEM,HG00133,NA18565,1,*10/*36.ALDY+*10,*10/*36+*10,*10/*10+*36,*10+*36/*36,*10+*36/*36,discordant
cohort2,cohort2,BWA-MEM,HG00133,NA18747,1,*1/*36.ALDY+*10,*1/*36+*10,*1/*10+*36,*1/*10+*36,*1/*10+*36,concordant
cohort2,cohort2,BWA-MEM,HG00133,NA18952,1,*2/*2,*2/*2,*2/*2,*2/*2,*2/*2,concordant
cohort2,cohort2,BWA-MEM,HG00133,NA18974,1,*2/*5,*2/*5,*2/*5,*2/*5,*2/*5,concordant
cohort2,cohort2,BWA-MEM,HG00133,NA18976,1,*1/*36.ALDY+*10,*1/*36+*10,*1/*10+*36,*10+*36/*1,*1/*10+*36,concordant
cohort2,cohort2,BWA-MEM,HG00133,NA18983,1,*1/*1,*1/*1,*1/*1,*1/*1,*1/*1,concordant
cohort2,cohort2,BWA-MEM,HG00133,NA19043,1,*1/*1,*1/*1,*1/*1,*1/*1,*1/*1,concordant
cohort2,cohort2,BWA-MEM,HG00133,NA19087,1,*1/*5,*1/*5,*1/*5,*5/*1,*1/*5,concordant
cohort2,cohort2,BWA-MEM,HG00133,NA19776,1,*1/*36.ALDY+*10,*1/*36+*10,*1/*10+*36,*1/*10+*36,*1/*10+*36,concordant
cohort2,cohort2,BWA-MEM,HG00133,NA19909,1,*1/*4C+*4C,*1/*4+*4,*1/*4+*4,*4+*4/*1,*1/*4+*4,concordant
cohort2,cohort2,BWA-MEM,HG00133,NA20282,1,*2/*4,*2/*4,*2/*4,*2/*4,*2/*4,concordant
cohort2,cohort2,BWA-MEM,HG00133,NA20752,1,*1/*4,*1/*4,*1/*4,*1/*4,*1/*4,concordant
cohort2,cohort2,BWA-MEM,HG00133,NA20805,1,*35/*68+*4.021,*35/*68+*4,*4+*68/*35,*35/*4+*68,*4+*68/*35,concordant
cohort2,cohort2,BWA-MEM,HG00133,NA20905,1,*1/*1,*1/*1,*1/*1,*1/*1,*1/*1,concordant
cohort2,cohort2,BWA-MEM,HG00133,NA21102,1,*1/*1,*1/*1,*1/*1,*1/*1,*1/*1,concordant
cohort2,cohort2,BWA-MEM,HG00232,HG00099,1,*1/*5,*1/*5,*1/*5,*1/*5,*1/*5,concordant
cohort2,cohort2,BWA-MEM,HG00232,HG00133,1,*1/*1,*1/*1,*1/*1,*1/*1,*1/*1,concordant
cohort2,cohort2,BWA-MEM,HG00232,HG00253,1,*1/*1,*1/*1,*1/*1,*1/*1,*1/*1,concordant
cohort2,cohort2,BWA-MEM,HG00232,HG00280,1,*2/*41,*2/*41,*2/*41,*2/*41,*2/*41,concordant
cohort2,cohort2,BWA-MEM,HG00232,HG00320,1,*2/*2+*2,*2/*2+*2,*2/*2+*2,*2+*2/*2,*2/*2+*2,concordant
cohort2,cohort2,BWA-MEM,HG00232,HG00350,1,*1/*1,*1/*1,*1/*1,*1/*1,*1/*1,concordant
cohort2,cohort2,BWA-MEM,HG00232,HG00408,1,*10/*36.ALDY+*10,*10/*36+*10,*10/*10+*36,*10+*36/*10,*10/*10+*36,concordant
cohort2,cohort2,BWA-MEM,HG00232,HG00423,1,*10/*10+*10,*10/*10+*10,*10/*10+*10,*10/*10+*10,*10/*10+*10,concordant
cohort2,cohort2,BWA-MEM,HG00232,HG00544,1,*1/*36.ALDY+*10,*1/*36+*10,*1/*10+*36,*1/*10+*36,*1/*10+*36,concordant
cohort2,cohort2,BWA-MEM,HG00232,HG00558,1,*1/*36.ALDY+*10,*1/*36+*10,*1/*10+*36,*10+*36/*1,*1/*10+*36,concordant
cohort2,cohort2,BWA-MEM,HG00232,HG00597,1,*36.ALDY+*10+*49/*36.ALDY+*39,*36+*10+*49/*36+*39,*10+*36+*49/*36+*39,*49/*10+*36+*36+*83,*10+*36+*36+*83/*49,discordant
cohort2,cohort2,BWA-MEM,HG00232,HG00609,1,*36.ALDY+*10+rs1135822/*49,*36+*10/*49,*10+*36/*49,*10+*36/*49,*10+*36/*49,concordant
cohort2,cohort2,BWA-MEM,HG00232,HG00639,1,*1/*1,*1/*1,*1/*1,*1/*1,*1/*1,concordant
cohort2,cohort2,BWA-MEM,HG00232,HG00658,1,*10+*36.ALDY+*10/*36.ALDY+*10,*10+*36+*10/*36+*10,*10+*10+*36/*10+*36,*10+*36/*10+*36+*36,*10+*36/*10+*36+*36,discordant
cohort2,cohort2,BWA-MEM,HG00232,HG01123,1,*1/*2,*1/*2,*1/*2,*2/*1,*1/*2,concordant
cohort2,cohort2,BWA-MEM,HG00232,HG01167,1,*2/*119,*2/*119,*2/*119,*41/*1,*1/*41,discordant
cohort2,cohort2,BWA-MEM,HG00232,HG01192,1,*5/*41,*5/*41,*5/*41,*41/*5,*5/*41,concordant
cohort2,cohort2,BWA-MEM,HG00232,HG01261,1,*1/*5,*1/*5,*1/*5,*1/*5,*1/*5,concordant
cohort2,cohort2,BWA-MEM,HG00232,HG01496,1,*2/*43+*43,*2/*43+*43,*2/*43+*43,*2/*43+*43,*2/*43+*43,concordant
cohort2,cohort2,BWA-MEM,HG00232,HG01530,1,*2/*10,*2/*10,*2/*10,*2/*10,*2/*10,concordant
cohort2,cohort2,BWA-MEM,HG00232,HG01784,1,*1/*68+*4.021,*1/*68+*4,*1/*4+*68,*4+*68/*1,*1/*4+*68,concordant
cohort2,cohort2,BWA-MEM,HG00232,HG01884,1,*1/*2,*1/*2,*1/*2,*1/*2,*1/*2,concordant
cohort2,cohort2,BWA-MEM,HG00232,HG01940,1,*1/*1,*1/*1,*1/*1,*1/*1,*1/*1,concordant
cohort2,cohort2,BWA-MEM,HG00232,HG01969,1,*1/*2,*1/*2,*1/*2,*1/*2,*1/*2,concordant
cohort2,cohort2,BWA-MEM,HG00232,HG01975,1,*1/*1,*1/*1,*1/*1,*1/*1,*1/*1,concordant
cohort2,cohort2,BWA-MEM,HG00232,HG02015,1,*10/*36.ALDY+*10,*10/*36+*10,*10/*10+*36,*10/*10+*36,*10/*10+*36,concordant
cohort2,cohort2,BWA-MEM,HG00232,HG02027,1,*14/*36.ALDY+*10,*14/*36+*10,*10+*36/*14,*10+*36/*14,*10+*36/*14,concordant
cohort2,cohort2,BWA-MEM,HG00232,HG02040,1,*36.ALDY+*10/*36.ALDY+*10,*36+*10/*36+*10,*10+*36/*10+*36,*10+*36/*10+*36,*10+*36/*10+*36,concordant
cohort2,cohort2,BWA-MEM,HG00232,HG02056,1,*36.ALDY+*10/*36.ALDY+*10,*36+*10/*36+*10,*10+*36/*10+*36,*10+*36/*10+*36,*10+*36/*10+*36,concordant
cohort2,cohort2,BWA-MEM,HG00232,HG02071,1,*10+*10/*63,*10+*10/*63,*10+*10/*63,*10+*36/*2,*2/*10+*36,discordant
cohort2,cohort2,BWA-MEM,HG00232,HG02074,1,*36.ALDY+*10/*36.ALDY+*10,*36+*10/*36+*10,*10+*36/*10+*36,*10+*36/*10+*36,*10+*36/*10+*36,concordant
cohort2,cohort2,BWA-MEM,HG00232,HG02083,1,*10+*36.ALDY+*10/*36.ALDY+*10,*10+*36+*10/*36+*10,*10+*10+*36/*10+*36,*10+*36+*36/*10+*36,*10+*36/*10+*36+*36,discordant
cohort2,cohort2,BWA-MEM,HG00232,HG02129,1,*1/*36.ALDY+*10,*1/*36+*10,*1/*10+*36,*1/*10+*36,*1/*10+*36,concordant
cohort2,cohort2,BWA-MEM,HG00232,HG02132,1,*36.ALDY+*10/*36.ALDY+*10,*36+*10/*36+*10,*10+*36/*10+*36,*10+*36/*10+*36,*10+*36/*10+*36,concordant
cohort2,cohort2,BWA-MEM,HG00232,HG02135,1,*36.ALDY+*10/*36.ALDY+*10,*36+*10/*36+*10,*10+*36/*10+*36,*10+*36/*10+*36,*10+*36/*10+*36,concordant
cohort2,cohort2,BWA-MEM,HG00232,HG02155,1,*10+*36.ALDY+*10/*36.ALDY+*10,*10+*36+*10/*36+*10,*10+*10+*36/*10+*36,*10+*36/*10+*36+*36,*10+*36/*10+*36+*36,discordant
cohort2,cohort2,BWA-MEM,HG00232,HG02178,1,*1+*36.ALDY/*36.ALDY+*10,*1+*36/*36+*10,*1+*36/*10+*36,*10+*36+*36/*1,*1/*10+*36+*36,discordant
cohort2,cohort2,BWA-MEM,HG00232,HG02258,1,*1/*17+*17,*1/*17+*17,*1/*17+*17,*17+*17/*1,*1/*17+*17,concordant
cohort2,cohort2,BWA-MEM,HG00232,HG02300,1,*2/*5,*2/*5,*2/*5,*2/*5,*2/*5,concordant
cohort2,cohort2,BWA-MEM,HG00232,HG02486,1,*2/*29,*2/*29,*2/*29,*2/*29,*2/*29,concordant
cohort2,cohort2,BWA-MEM,HG00232,HG02523,1,*1/*5,*1/*5,*1/*5,*5/*1,*1/*5,concordant
cohort2,cohort2,BWA-MEM,HG00232,HG02559,1,*2/*27,*2/*27,*2/*27,*27/*2,*2/*27,concordant
cohort2,cohort2,BWA-MEM,HG00232,HG02602,1,*2/*5,*2/*5,*2/*5,*2/*5,*2/*5,concordant
cohort2,cohort2,BWA-MEM,HG00232,HG02647,1,*4C+*4C/*17,*4+*4/*17,*4+*4/*17,*4+*4/*17,*4+*4/*17,concordant
cohort2,cohort2,BWA-MEM,HG00232,HG02965,1,*4C+*4C/*17,*4+*4/*17,*4+*4/*17,*17/*4+*4,*4+*4/*17,concordant
cohort2,cohort2,BWA-MEM,HG00232,HG03017,1,*1/*2,*1/*2,*1/*2,*1/*2,*1/*2,concordant
cohort2,cohort2,BWA-MEM,HG00232,HG03139,1,*2+*122+rs1135840+rs16947/*17,*2+*122/*17,*2+*122/*17,*17/*2+*2,*2+*2/*17,discordant
cohort2,cohort2,BWA-MEM,HG00232,HG03225,1,*5/*56B,*5/*56,*5/*56,*56/*5,*5/*56,concordant
cohort2,cohort2,BWA-MEM,HG00232,HG03239,1,*1/*5,*1/*5,*1/*5,*5/*1,*1/*5,concordant
cohort2,cohort2,BWA-MEM,HG00232,HG03471,1,*29/*162,*29/*162,*29/*162,*162/*29,*29/*162,concordant
cohort2,cohort2,BWA-MEM,HG00232,HG03654,1,*2/*2,*2/*2,*2/*2,*2/*2,*2/*2,concordant
cohort2,cohort2,BWA-MEM,HG00232,HG03834,1,*1+*1/*4,*1+*1/*4,*1+*1/*4,*1+*1/*4,*1+*1/*4,concordant
cohort2,cohort2,BWA-MEM,HG00232,HG04184,1,*10/*41,*10/*41,*10/*41,*10/*41,*10/*41,concordant
cohort2,cohort2,BWA-MEM,HG00232,HG04228,1,*1/*43,*1/*43,*1/*43,*43/*1,*1/*43,concordant
cohort2,cohort2,BWA-MEM,HG00232,HG06807,1,*2/*4C+*4C,*2/*4+*4,*2/*4+*4,*2/*4+*4,*2/*4+*4,concordant
cohort2,cohort2,BWA-MEM,HG00232,NA18522,1,*1/*106,*1/*106,*1/*106,*106/*1,*1/*106,concordant
cohort2,cohort2,BWA-MEM,HG00232,NA18565,1,*10/*36.ALDY+*10,*10/*36+*10,*10/*10+*36,*10+*36/*36,*10+*36/*36,discordant
cohort2,cohort2,BWA-MEM,HG00232,NA18747,1,*1/*36.ALDY+*10,*1/*36+*10,*1/*10+*36,*1/*10+*36,*1/*10+*36,concordant
cohort2,cohort2,BWA-MEM,HG00232,NA18952,1,*2/*2,*2/*2,*2/*2,*2/*2,*2/*2,concordant
cohort2,cohort2,BWA-MEM,HG00232,NA18974,1,*2/*5,*2/*5,*2/*5,*2/*5,*2/*5,concordant
cohort2,cohort2,BWA-MEM,HG00232,NA18976,1,*1/*36.ALDY+*10,*1/*36+*10,*1/*10+*36,*10+*36/*1,*1/*10+*36,concordant
cohort2,cohort2,BWA-MEM,HG00232,NA18983,1,*1/*1,*1/*1,*1/*1,*1/*1,*1/*1,concordant
cohort2,cohort2,BWA-MEM,HG00232,NA19043,1,*1/*1,*1/*1,*1/*1,*1/*1,*1/*1,concordant
cohort2,cohort2,BWA-MEM,HG00232,NA19087,1,*1/*5,*1/*5,*1/*5,*5/*1,*1/*5,concordant
cohort2,cohort2,BWA-MEM,HG00232,NA19776,1,*1/*36.ALDY+*10,*1/*36+*10,*1/*10+*36,*1/*10+*36,*1/*10+*36,concordant
cohort2,cohort2,BWA-MEM,HG00232,NA19909,1,*1/*4C+*4C,*1/*4+*4,*1/*4+*4,*4+*4/*1,*1/*4+*4,concordant
cohort2,cohort2,BWA-MEM,HG00232,NA20282,1,*2/*4,*2/*4,*2/*4,*2/*4,*2/*4,concordant
cohort2,cohort2,BWA-MEM,HG00232,NA20752,1,*1/*4,*1/*4,*1/*4,*1/*4,*1/*4,concordant
cohort2,cohort2,BWA-MEM,HG00232,NA20805,1,*35/*68+*4.021,*35/*68+*4,*4+*68/*35,*35/*4+*68,*4+*68/*35,concordant
cohort2,cohort2,BWA-MEM,HG00232,NA20905,1,*1/*1,*1/*1,*1/*1,*1/*1,*1/*1,concordant
cohort2,cohort2,BWA-MEM,HG00232,NA21102,1,*1/*1,*1/*1,*1/*1,*1/*1,*1/*1,concordant
cohort2,cohort2,BWA-MEM,HG00253,HG00099,1,*1/*5,*1/*5,*1/*5,*1/*5,*1/*5,concordant
cohort2,cohort2,BWA-MEM,HG00253,HG00133,1,*1/*1,*1/*1,*1/*1,*1/*1,*1/*1,concordant
cohort2,cohort2,BWA-MEM,HG00253,HG00232,1,*1+rs769258/*35,*1/*35,*1/*35,*1/*35,*1/*35,concordant
cohort2,cohort2,BWA-MEM,HG00253,HG00280,1,*2/*41,*2/*41,*2/*41,*2/*41,*2/*41,concordant
cohort2,cohort2,BWA-MEM,HG00253,HG00320,1,*2/*2+*2,*2/*2+*2,*2/*2+*2,*2+*2/*2,*2/*2+*2,concordant
cohort2,cohort2,BWA-MEM,HG00253,HG00350,1,*1/*1,*1/*1,*1/*1,*1/*1,*1/*1,concordant
cohort2,cohort2,BWA-MEM,HG00253,HG00408,1,*10/*36.ALDY+*10,*10/*36+*10,*10/*10+*36,*10+*36/*10,*10/*10+*36,concordant
cohort2,cohort2,BWA-MEM,HG00253,HG00423,1,*10/*10+*10,*10/*10+*10,*10/*10+*10,*10/*10+*10,*10/*10+*10,concordant
cohort2,cohort2,BWA-MEM,HG00253,HG00544,1,*1/*36.ALDY+*10,*1/*36+*10,*1/*10+*36,*1/*10+*36,*1/*10+*36,concordant
cohort2,cohort2,BWA-MEM,HG00253,HG00558,1,*1/*36.ALDY+*10,*1/*36+*10,*1/*10+*36,*10+*36/*1,*1/*10+*36,concordant
cohort2,cohort2,BWA-MEM,HG00253,HG00597,1,*36.ALDY+*10+*49/*36.ALDY+*39,*36+*10+*49/*36+*39,*10+*36+*49/*36+*39,*49/*10+*36+*36+*83,*10+*36+*36+*83/*49,discordant
cohort2,cohort2,BWA-MEM,HG00253,HG00609,1,*36.ALDY+*10+rs1135822/*49,*36+*10/*49,*10+*36/*49,*10+*36/*49,*10+*36/*49,concordant
cohort2,cohort2,BWA-MEM,HG00253,HG00639,1,*1/*1,*1/*1,*1/*1,*1/*1,*1/*1,concordant
cohort2,cohort2,BWA-MEM,HG00253,HG00658,1,*10+*36.ALDY+*10/*36.ALDY+*10,*10+*36+*10/*36+*10,*10+*10+*36/*10+*36,*10+*36/*10+*36+*36,*10+*36/*10+*36+*36,discordant
cohort2,cohort2,BWA-MEM,HG00253,HG01123,1,*1/*2,*1/*2,*1/*2,*2/*1,*1/*2,concordant
cohort2,cohort2,BWA-MEM,HG00253,HG01167,1,*2/*119,*2/*119,*2/*119,*41/*1,*1/*41,discordant
cohort2,cohort2,BWA-MEM,HG00253,HG01192,1,*5/*41,*5/*41,*5/*41,*41/*5,*5/*41,concordant
cohort2,cohort2,BWA-MEM,HG00253,HG01261,1,*1/*5,*1/*5,*1/*5,*1/*5,*1/*5,concordant
cohort2,cohort2,BWA-MEM,HG00253,HG01496,1,*2/*43+*43,*2/*43+*43,*2/*43+*43,*2/*43+*43,*2/*43+*43,concordant
cohort2,cohort2,BWA-MEM,HG00253,HG01530,1,*2/*10,*2/*10,*2/*10,*2/*10,*2/*10,concordant
cohort2,cohort2,BWA-MEM,HG00253,HG01784,1,*1/*68+*4.021,*1/*68+*4,*1/*4+*68,*4+*68/*1,*1/*4+*68,concordant
cohort2,cohort2,BWA-MEM,HG00253,HG01884,1,*1/*2,*1/*2,*1/*2,*1/*2,*1/*2,concordant
cohort2,cohort2,BWA-MEM,HG00253,HG01940,1,*1/*1,*1/*1,*1/*1,*1/*1,*1/*1,concordant
cohort2,cohort2,BWA-MEM,HG00253,HG01969,1,*1/*2,*1/*2,*1/*2,*1/*2,*1/*2,concordant
cohort2,cohort2,BWA-MEM,HG00253,HG01975,1,*1/*1,*1/*1,*1/*1,*1/*1,*1/*1,concordant
cohort2,cohort2,BWA-MEM,HG00253,HG02015,1,*10/*36.ALDY+*10,*10/*36+*10,*10/*10+*36,*10/*10+*36,*10/*10+*36,concordant
cohort2,cohort2,BWA-MEM,HG00253,HG02027,1,*14/*36.ALDY+*10,*14/*36+*10,*10+*36/*14,*10+*36/*14,*10+*36/*14,concordant
cohort2,cohort2,BWA-MEM,HG00253,HG02040,1,*36.ALDY+*10/*36.ALDY+*10,*36+*10/*36+*10,*10+*36/*10+*36,*10+*36/*10+*36,*10+*36/*10+*36,concordant
cohort2,cohort2,BWA-MEM,HG00253,HG02056,1,*36.ALDY+*10/*36.ALDY+*10,*36+*10/*36+*10,*10+*36/*10+*36,*10+*36/*10+*36,*10+*36/*10+*36,concordant
cohort2,cohort2,BWA-MEM,HG00253,HG02071,1,*10+*10/*63,*10+*10/*63,*10+*10/*63,*10+*36/*2,*2/*10+*36,discordant
cohort2,cohort2,BWA-MEM,HG00253,HG02074,1,*36.ALDY+*10/*36.ALDY+*10,*36+*10/*36+*10,*10+*36/*10+*36,*10+*36/*10+*36,*10+*36/*10+*36,concordant
cohort2,cohort2,BWA-MEM,HG00253,HG02083,1,*10+*36.ALDY+*10/*36.ALDY+*10,*10+*36+*10/*36+*10,*10+*10+*36/*10+*36,*10+*36+*36/*10+*36,*10+*36/*10+*36+*36,discordant
cohort2,cohort2,BWA-MEM,HG00253,HG02129,1,*1/*36.ALDY+*10,*1/*36+*10,*1/*10+*36,*1/*10+*36,*1/*10+*36,concordant
cohort2,cohort2,BWA-MEM,HG00253,HG02132,1,*36.ALDY+*10/*36.ALDY+*10,*36+*10/*36+*10,*10+*36/*10+*36,*10+*36/*10+*36,*10+*36/*10+*36,concordant
cohort2,cohort2,BWA-MEM,HG00253,HG02135,1,*36.ALDY+*10/*36.ALDY+*10,*36+*10/*36+*10,*10+*36/*10+*36,*10+*36/*10+*36,*10+*36/*10+*36,concordant
cohort2,cohort2,BWA-MEM,HG00253,HG02155,1,*10+*36.ALDY+*10/*36.ALDY+*10,*10+*36+*10/*36+*10,*10+*10+*36/*10+*36,*10+*36/*10+*36+*36,*10+*36/*10+*36+*36,discordant
cohort2,cohort2,BWA-MEM,HG00253,HG02178,1,*1+*36.ALDY/*36.ALDY+*10,*1+*36/*36+*10,*1+*36/*10+*36,*10+*36+*36/*1,*1/*10+*36+*36,discordant
cohort2,cohort2,BWA-MEM,HG00253,HG02258,1,*1/*17+*17,*1/*17+*17,*1/*17+*17,*17+*17/*1,*1/*17+*17,concordant
cohort2,cohort2,BWA-MEM,HG00253,HG02300,1,*2/*5,*2/*5,*2/*5,*2/*5,*2/*5,concordant
cohort2,cohort2,BWA-MEM,HG00253,HG02486,1,*2/*29,*2/*29,*2/*29,*2/*29,*2/*29,concordant
cohort2,cohort2,BWA-MEM,HG00253,HG02523,1,*1/*5,*1/*5,*1/*5,*5/*1,*1/*5,concordant
cohort2,cohort2,BWA-MEM,HG00253,HG02559,1,*2/*27,*2/*27,*2/*27,*27/*2,*2/*27,concordant
cohort2,cohort2,BWA-MEM,HG00253,HG02602,1,*2/*5,*2/*5,*2/*5,*2/*5,*2/*5,concordant
cohort2,cohort2,BWA-MEM,HG00253,HG02647,1,*4C+*4C/*17,*4+*4/*17,*4+*4/*17,*4+*4/*17,*4+*4/*17,concordant
cohort2,cohort2,BWA-MEM,HG00253,HG02965,1,*4C+*4C/*17,*4+*4/*17,*4+*4/*17,*17/*4+*4,*4+*4/*17,concordant
cohort2,cohort2,BWA-MEM,HG00253,HG03017,1,*1/*2,*1/*2,*1/*2,*1/*2,*1/*2,concordant
cohort2,cohort2,BWA-MEM,HG00253,HG03139,1,*2+*122+rs1135840+rs16947/*17,*2+*122/*17,*2+*122/*17,*17/*2+*2,*2+*2/*17,discordant
cohort2,cohort2,BWA-MEM,HG00253,HG03225,1,*5/*56B,*5/*56,*5/*56,*56/*5,*5/*56,concordant
cohort2,cohort2,BWA-MEM,HG00253,HG03239,1,*1/*5,*1/*5,*1/*5,*5/*1,*1/*5,concordant
cohort2,cohort2,BWA-MEM,HG00253,HG03471,1,*29/*162,*29/*162,*29/*162,*162/*29,*29/*162,concordant
cohort2,cohort2,BWA-MEM,HG00253,HG03654,1,*2/*2,*2/*2,*2/*2,*2/*2,*2/*2,concordant
cohort2,cohort2,BWA-MEM,HG00253,HG03834,1,*1+*1/*4,*1+*1/*4,*1+*1/*4,*1+*1/*4,*1+*1/*4,concordant
cohort2,cohort2,BWA-MEM,HG00253,HG04184,1,*10/*41,*10/*41,*10/*41,*10/*41,*10/*41,concordant
cohort2,cohort2,BWA-MEM,HG00253,HG04228,1,*1/*43,*1/*43,*1/*43,*43/*1,*1/*43,concordant
cohort2,cohort2,BWA-MEM,HG00253,HG06807,1,*2/*4C+*4C,*2/*4+*4,*2/*4+*4,*2/*4+*4,*2/*4+*4,concordant
cohort2,cohort2,BWA-MEM,HG00253,NA18522,1,*1/*106,*1/*106,*1/*106,*106/*1,*1/*106,concordant
cohort2,cohort2,BWA-MEM,HG00253,NA18565,1,*10/*36.ALDY+*10,*10/*36+*10,*10/*10+*36,*10+*36/*36,*10+*36/*36,discordant
cohort2,cohort2,BWA-MEM,HG00253,NA18747,1,*1/*36.ALDY+*10,*1/*36+*10,*1/*10+*36,*1/*10+*36,*1/*10+*36,concordant
cohort2,cohort2,BWA-MEM,HG00253,NA18952,1,*2/*2,*2/*2,*2/*2,*2/*2,*2/*2,concordant
cohort2,cohort2,BWA-MEM,HG00253,NA18974,1,*2/*5,*2/*5,*2/*5,*2/*5,*2/*5,concordant
cohort2,cohort2,BWA-MEM,HG00253,NA18976,1,*1/*36.ALDY+*10,*1/*36+*10,*1/*10+*36,*10+*36/*1,*1/*10+*36,concordant
cohort2,cohort2,BWA-MEM,HG00253,NA18983,1,*1/*1,*1/*1,*1/*1,*1/*1,*1/*1,concordant
cohort2,cohort2,BWA-MEM,HG00253,NA19043,1,*1/*1,*1/*1,*1/*1,*1/*1,*1/*1,concordant
cohort2,cohort2,BWA-MEM,HG00253,NA19087,1,*1/*5,*1/*5,*1/*5,*5/*1,*1/*5,concordant
cohort2,cohort2,BWA-MEM,HG00253,NA19776,1,*1/*36.ALDY+*10,*1/*36+*10,*1/*10+*36,*1/*10+*36,*1/*10+*36,concordant
cohort2,cohort2,BWA-MEM,HG00253,NA19909,1,*1/*4C+*4C,*1/*4+*4,*1/*4+*4,*4+*4/*1,*1/*4+*4,concordant
cohort2,cohort2,BWA-MEM,HG00253,NA20282,1,*2/*4,*2/*4,*2/*4,*2/*4,*2/*4,concordant
cohort2,cohort2,BWA-MEM,HG00253,NA20752,1,*1/*4,*1/*4,*1/*4,*1/*4,*1/*4,concordant
cohort2,cohort2,BWA-MEM,HG00253,NA20805,1,*35/*68+*4.021,*35/*68+*4,*4+*68/*35,*35/*4+*68,*4+*68/*35,concordant
cohort2,cohort2,BWA-MEM,HG00253,NA20905,1,*1/*1,*1/*1,*1/*1,*1/*1,*1/*1,concordant
cohort2,cohort2,BWA-MEM,HG00253,NA21102,1,*1/*1,*1/*1,*1/*1,*1/*1,*1/*1,concordant
cohort2,cohort2,BWA-MEM,HG00280,HG00099,1,*1/*5,*1/*5,*1/*5,*1/*5,*1/*5,concordant
cohort2,cohort2,BWA-MEM,HG00280,HG00133,1,*1/*1,*1/*1,*1/*1,*1/*1,*1/*1,concordant
cohort2,cohort2,BWA-MEM,HG00280,HG00232,1,*1+rs769258/*35,*1/*35,*1/*35,*1/*35,*1/*35,concordant
cohort2,cohort2,BWA-MEM,HG00280,HG00253,1,*1/*1,*1/*1,*1/*1,*1/*1,*1/*1,concordant
cohort2,cohort2,BWA-MEM,HG00280,HG00320,1,*2/*2+*2,*2/*2+*2,*2/*2+*2,*2+*2/*2,*2/*2+*2,concordant
cohort2,cohort2,BWA-MEM,HG00280,HG00350,1,*1/*1,*1/*1,*1/*1,*1/*1,*1/*1,concordant
cohort2,cohort2,BWA-MEM,HG00280,HG00408,1,*10/*36.ALDY+*10,*10/*36+*10,*10/*10+*36,*10+*36/*10,*10/*10+*36,concordant
cohort2,cohort2,BWA-MEM,HG00280,HG00423,1,*10/*10+*10,*10/*10+*10,*10/*10+*10,*10/*10+*10,*10/*10+*10,concordant
cohort2,cohort2,BWA-MEM,HG00280,HG00544,1,*1/*36.ALDY+*10,*1/*36+*10,*1/*10+*36,*1/*10+*36,*1/*10+*36,concordant
cohort2,cohort2,BWA-MEM,HG00280,HG00558,1,*1/*36.ALDY+*10,*1/*36+*10,*1/*10+*36,*10+*36/*1,*1/*10+*36,concordant
cohort2,cohort2,BWA-MEM,HG00280,HG00597,1,*36.ALDY+*10+*49/*36.ALDY+*39,*36+*10+*49/*36+*39,*10+*36+*49/*36+*39,*49/*10+*36+*36+*83,*10+*36+*36+*83/*49,discordant
cohort2,cohort2,BWA-MEM,HG00280,HG00609,1,*36.ALDY+*10+rs1135822/*49,*36+*10/*49,*10+*36/*49,*10+*36/*49,*10+*36/*49,concordant
cohort2,cohort2,BWA-MEM,HG00280,HG00639,1,*1/*1,*1/*1,*1/*1,*1/*1,*1/*1,concordant
cohort2,cohort2,BWA-MEM,HG00280,HG00658,1,*10+*36.ALDY+*10/*36.ALDY+*10,*10+*36+*10/*36+*10,*10+*10+*36/*10+*36,*10+*36/*10+*36+*36,*10+*36/*10+*36+*36,discordant
cohort2,cohort2,BWA-MEM,HG00280,HG01123,1,*1/*2,*1/*2,*1/*2,*2/*1,*1/*2,concordant
cohort2,cohort2,BWA-MEM,HG00280,HG01167,1,*2/*119,*2/*119,*2/*119,*41/*1,*1/*41,discordant
cohort2,cohort2,BWA-MEM,HG00280,HG01192,1,*5/*41,*5/*41,*5/*41,*41/*5,*5/*41,concordant
cohort2,cohort2,BWA-MEM,HG00280,HG01261,1,*1/*5,*1/*5,*1/*5,*1/*5,*1/*5,concordant
cohort2,cohort2,BWA-MEM,HG00280,HG01496,1,*2/*43+*43,*2/*43+*43,*2/*43+*43,*2/*43+*43,*2/*43+*43,concordant
cohort2,cohort2,BWA-MEM,HG00280,HG01530,1,*2/*10,*2/*10,*2/*10,*2/*10,*2/*10,concordant
cohort2,cohort2,BWA-MEM,HG00280,HG01784,1,*1/*68+*4.021,*1/*68+*4,*1/*4+*68,*4+*68/*1,*1/*4+*68,concordant
cohort2,cohort2,BWA-MEM,HG00280,HG01884,1,*1/*2,*1/*2,*1/*2,*1/*2,*1/*2,concordant
cohort2,cohort2,BWA-MEM,HG00280,HG01940,1,*1/*1,*1/*1,*1/*1,*1/*1,*1/*1,concordant
cohort2,cohort2,BWA-MEM,HG00280,HG01969,1,*1/*2,*1/*2,*1/*2,*1/*2,*1/*2,concordant
cohort2,cohort2,BWA-MEM,HG00280,HG01975,1,*1/*1,*1/*1,*1/*1,*1/*1,*1/*1,concordant
cohort2,cohort2,BWA-MEM,HG00280,HG02015,1,*10/*36.ALDY+*10,*10/*36+*10,*10/*10+*36,*10/*10+*36,*10/*10+*36,concordant
cohort2,cohort2,BWA-MEM,HG00280,HG02027,1,*14/*36.ALDY+*10,*14/*36+*10,*10+*36/*14,*10+*36/*14,*10+*36/*14,concordant
cohort2,cohort2,BWA-MEM,HG00280,HG02040,1,*36.ALDY+*10/*36.ALDY+*10,*36+*10/*36+*10,*10+*36/*10+*36,*10+*36/*10+*36,*10+*36/*10+*36,concordant
cohort2,cohort2,BWA-MEM,HG00280,HG02056,1,*36.ALDY+*10/*36.ALDY+*10,*36+*10/*36+*10,*10+*36/*10+*36,*10+*36/*10+*36,*10+*36/*10+*36,concordant
cohort2,cohort2,BWA-MEM,HG00280,HG02071,1,*10+*10/*63,*10+*10/*63,*10+*10/*63,*10+*36/*2,*2/*10+*36,discordant
cohort2,cohort2,BWA-MEM,HG00280,HG02074,1,*36.ALDY+*10/*36.ALDY+*10,*36+*10/*36+*10,*10+*36/*10+*36,*10+*36/*10+*36,*10+*36/*10+*36,concordant
cohort2,cohort2,BWA-MEM,HG00280,HG02083,1,*10+*36.ALDY+*10/*36.ALDY+*10,*10+*36+*10/*36+*10,*10+*10+*36/*10+*36,*10+*36+*36/*10+*36,*10+*36/*10+*36+*36,discordant
cohort2,cohort2,BWA-MEM,HG00280,HG02129,1,*1/*36.ALDY+*10,*1/*36+*10,*1/*10+*36,*1/*10+*36,*1/*10+*36,concordant
cohort2,cohort2,BWA-MEM,HG00280,HG02132,1,*36.ALDY+*10/*36.ALDY+*10,*36+*10/*36+*10,*10+*36/*10+*36,*10+*36/*10+*36,*10+*36/*10+*36,concordant
cohort2,cohort2,BWA-MEM,HG00280,HG02135,1,*36.ALDY+*10/*36.ALDY+*10,*36+*10/*36+*10,*10+*36/*10+*36,*10+*36/*10+*36,*10+*36/*10+*36,concordant
cohort2,cohort2,BWA-MEM,HG00280,HG02155,1,*10+*36.ALDY+*10/*36.ALDY+*10,*10+*36+*10/*36+*10,*10+*10+*36/*10+*36,*10+*36/*10+*36+*36,*10+*36/*10+*36+*36,discordant
cohort2,cohort2,BWA-MEM,HG00280,HG02178,1,*1+*36.ALDY/*36.ALDY+*10,*1+*36/*36+*10,*1+*36/*10+*36,*10+*36+*36/*1,*1/*10+*36+*36,discordant
cohort2,cohort2,BWA-MEM,HG00280,HG02258,1,*1/*17+*17,*1/*17+*17,*1/*17+*17,*17+*17/*1,*1/*17+*17,concordant
cohort2,cohort2,BWA-MEM,HG00280,HG02300,1,*2/*5,*2/*5,*2/*5,*2/*5,*2/*5,concordant
cohort2,cohort2,BWA-MEM,HG00280,HG02486,1,*2/*29,*2/*29,*2/*29,*2/*29,*2/*29,concordant
cohort2,cohort2,BWA-MEM,HG00280,HG02523,1,*1/*5,*1/*5,*1/*5,*5/*1,*1/*5,concordant
cohort2,cohort2,BWA-MEM,HG00280,HG02559,1,*2/*27,*2/*27,*2/*27,*27/*2,*2/*27,concordant
cohort2,cohort2,BWA-MEM,HG00280,HG02602,1,*2/*5,*2/*5,*2/*5,*2/*5,*2/*5,concordant
cohort2,cohort2,BWA-MEM,HG00280,HG02647,1,*4C+*4C/*17,*4+*4/*17,*4+*4/*17,*4+*4/*17,*4+*4/*17,concordant
cohort2,cohort2,BWA-MEM,HG00280,HG02965,1,*4C+*4C/*17,*4+*4/*17,*4+*4/*17,*17/*4+*4,*4+*4/*17,concordant
cohort2,cohort2,BWA-MEM,HG00280,HG03017,1,*1/*2,*1/*2,*1/*2,*1/*2,*1/*2,concordant
cohort2,cohort2,BWA-MEM,HG00280,HG03139,1,*2+*122+rs1135840+rs16947/*17,*2+*122/*17,*2+*122/*17,*17/*2+*2,*2+*2/*17,discordant
cohort2,cohort2,BWA-MEM,HG00280,HG03225,1,*5/*56B,*5/*56,*5/*56,*56/*5,*5/*56,concordant
cohort2,cohort2,BWA-MEM,HG00280,HG03239,1,*1/*5,*1/*5,*1/*5,*5/*1,*1/*5,concordant
cohort2,cohort2,BWA-MEM,HG00280,HG03471,1,*29/*162,*29/*162,*29/*162,*162/*29,*29/*162,concordant
cohort2,cohort2,BWA-MEM,HG00280,HG03654,1,*2/*2,*2/*2,*2/*2,*2/*2,*2/*2,concordant
cohort2,cohort2,BWA-MEM,HG00280,HG03834,1,*1+*1/*4,*1+*1/*4,*1+*1/*4,*1+*1/*4,*1+*1/*4,concordant
cohort2,cohort2,BWA-MEM,HG00280,HG04184,1,*10/*41,*10/*41,*10/*41,*10/*41,*10/*41,concordant
cohort2,cohort2,BWA-MEM,HG00280,HG04228,1,*1/*43,*1/*43,*1/*43,*43/*1,*1/*43,concordant
cohort2,cohort2,BWA-MEM,HG00280,HG06807,1,*2/*4C+*4C,*2/*4+*4,*2/*4+*4,*2/*4+*4,*2/*4+*4,concordant
cohort2,cohort2,BWA-MEM,HG00280,NA18522,1,*1/*106,*1/*106,*1/*106,*106/*1,*1/*106,concordant
cohort2,cohort2,BWA-MEM,HG00280,NA18565,1,*10/*36.ALDY+*10,*10/*36+*10,*10/*10+*36,*10+*36/*36,*10+*36/*36,discordant
cohort2,cohort2,BWA-MEM,HG00280,NA18747,1,*1/*36.ALDY+*10,*1/*36+*10,*1/*10+*36,*1/*10+*36,*1/*10+*36,concordant
cohort2,cohort2,BWA-MEM,HG00280,NA18952,1,*2/*2,*2/*2,*2/*2,*2/*2,*2/*2,concordant
cohort2,cohort2,BWA-MEM,HG00280,NA18974,1,*2/*5,*2/*5,*2/*5,*2/*5,*2/*5,concordant
cohort2,cohort2,BWA-MEM,HG00280,NA18976,1,*1/*36.ALDY+*10,*1/*36+*10,*1/*10+*36,*10+*36/*1,*1/*10+*36,concordant
cohort2,cohort2,BWA-MEM,HG00280,NA18983,1,*1/*1,*1/*1,*1/*1,*1/*1,*1/*1,concordant
cohort2,cohort2,BWA-MEM,HG00280,NA19043,1,*1/*1,*1/*1,*1/*1,*1/*1,*1/*1,concordant
cohort2,cohort2,BWA-MEM,HG00280,NA19087,1,*1/*5,*1/*5,*1/*5,*5/*1,*1/*5,concordant
cohort2,cohort2,BWA-MEM,HG00280,NA19776,1,*1/*36.ALDY+*10,*1/*36+*10,*1/*10+*36,*1/*10+*36,*1/*10+*36,concordant
cohort2,cohort2,BWA-MEM,HG00280,NA19909,1,*1/*4C+*4C,*1/*4+*4,*1/*4+*4,*4+*4/*1,*1/*4+*4,concordant
cohort2,cohort2,BWA-MEM,HG00280,NA20282,1,*2/*4,*2/*4,*2/*4,*2/*4,*2/*4,concordant
cohort2,cohort2,BWA-MEM,HG00280,NA20752,1,*1/*4,*1/*4,*1/*4,*1/*4,*1/*4,concordant
cohort2,cohort2,BWA-MEM,HG00280,NA20805,1,*35/*68+*4.021,*35/*68+*4,*4+*68/*35,*35/*4+*68,*4+*68/*35,concordant
cohort2,cohort2,BWA-MEM,HG00280,NA20905,1,*1/*1,*1/*1,*1/*1,*1/*1,*1/*1,concordant
cohort2,cohort2,BWA-MEM,HG00280,NA21102,1,*1/*1,*1/*1,*1/*1,*1/*1,*1/*1,concordant
cohort2,cohort2,BWA-MEM,HG00350,HG00099,1,*1/*5,*1/*5,*1/*5,*1/*5,*1/*5,concordant
cohort2,cohort2,BWA-MEM,HG00350,HG00133,1,*1/*1,*1/*1,*1/*1,*1/*1,*1/*1,concordant
cohort2,cohort2,BWA-MEM,HG00350,HG00232,1,*1+rs769258/*35,*1/*35,*1/*35,*1/*35,*1/*35,concordant
cohort2,cohort2,BWA-MEM,HG00350,HG00253,1,*1/*1,*1/*1,*1/*1,*1/*1,*1/*1,concordant
cohort2,cohort2,BWA-MEM,HG00350,HG00280,1,*2/*41,*2/*41,*2/*41,*2/*41,*2/*41,concordant
cohort2,cohort2,BWA-MEM,HG00350,HG00320,1,*2/*2+*2,*2/*2+*2,*2/*2+*2,*2+*2/*2,*2/*2+*2,concordant
cohort2,cohort2,BWA-MEM,HG00350,HG00408,1,*10/*36.ALDY+*10,*10/*36+*10,*10/*10+*36,*10+*36/*10,*10/*10+*36,concordant
cohort2,cohort2,BWA-MEM,HG00350,HG00423,1,*10/*10+*10,*10/*10+*10,*10/*10+*10,*10/*10+*10,*10/*10+*10,concordant
cohort2,cohort2,BWA-MEM,HG00350,HG00544,1,*1/*36.ALDY+*10,*1/*36+*10,*1/*10+*36,*1/*10+*36,*1/*10+*36,concordant
cohort2,cohort2,BWA-MEM,HG00350,HG00558,1,*1/*36.ALDY+*10,*1/*36+*10,*1/*10+*36,*10+*36/*1,*1/*10+*36,concordant
cohort2,cohort2,BWA-MEM,HG00350,HG00597,1,*36.ALDY+*10+*49/*36.ALDY+*39,*36+*10+*49/*36+*39,*10+*36+*49/*36+*39,*49/*10+*36+*36+*83,*10+*36+*36+*83/*49,discordant
cohort2,cohort2,BWA-MEM,HG00350,HG00609,1,*36.ALDY+*10+rs1135822/*49,*36+*10/*49,*10+*36/*49,*10+*36/*49,*10+*36/*49,concordant
cohort2,cohort2,BWA-MEM,HG00350,HG00639,1,*1/*1,*1/*1,*1/*1,*1/*1,*1/*1,concordant
cohort2,cohort2,BWA-MEM,HG00350,HG00658,1,*10+*36.ALDY+*10/*36.ALDY+*10,*10+*36+*10/*36+*10,*10+*10+*36/*10+*36,*10+*36/*10+*36+*36,*10+*36/*10+*36+*36,discordant
cohort2,cohort2,BWA-MEM,HG00350,HG01123,1,*1/*2,*1/*2,*1/*2,*2/*1,*1/*2,concordant
cohort2,cohort2,BWA-MEM,HG00350,HG01167,1,*2/*119,*2/*119,*2/*119,*41/*1,*1/*41,discordant
cohort2,cohort2,BWA-MEM,HG00350,HG01192,1,*5/*41,*5/*41,*5/*41,*41/*5,*5/*41,concordant
cohort2,cohort2,BWA-MEM,HG00350,HG01261,1,*1/*5,*1/*5,*1/*5,*1/*5,*1/*5,concordant
cohort2,cohort2,BWA-MEM,HG00350,HG01496,1,*2/*43+*43,*2/*43+*43,*2/*43+*43,*2/*43+*43,*2/*43+*43,concordant
cohort2,cohort2,BWA-MEM,HG00350,HG01530,1,*2/*10,*2/*10,*2/*10,*2/*10,*2/*10,concordant
cohort2,cohort2,BWA-MEM,HG00350,HG01784,1,*1/*68+*4.021,*1/*68+*4,*1/*4+*68,*4+*68/*1,*1/*4+*68,concordant
cohort2,cohort2,BWA-MEM,HG00350,HG01884,1,*1/*2,*1/*2,*1/*2,*1/*2,*1/*2,concordant
cohort2,cohort2,BWA-MEM,HG00350,HG01940,1,*1/*1,*1/*1,*1/*1,*1/*1,*1/*1,concordant
cohort2,cohort2,BWA-MEM,HG00350,HG01969,1,*1/*2,*1/*2,*1/*2,*1/*2,*1/*2,concordant
cohort2,cohort2,BWA-MEM,HG00350,HG01975,1,*1/*1,*1/*1,*1/*1,*1/*1,*1/*1,concordant
cohort2,cohort2,BWA-MEM,HG00350,HG02015,1,*10/*36.ALDY+*10,*10/*36+*10,*10/*10+*36,*10/*10+*36,*10/*10+*36,concordant
cohort2,cohort2,BWA-MEM,HG00350,HG02027,1,*14/*36.ALDY+*10,*14/*36+*10,*10+*36/*14,*10+*36/*14,*10+*36/*14,concordant
cohort2,cohort2,BWA-MEM,HG00350,HG02040,1,*36.ALDY+*10/*36.ALDY+*10,*36+*10/*36+*10,*10+*36/*10+*36,*10+*36/*10+*36,*10+*36/*10+*36,concordant
cohort2,cohort2,BWA-MEM,HG00350,HG02056,1,*36.ALDY+*10/*36.ALDY+*10,*36+*10/*36+*10,*10+*36/*10+*36,*10+*36/*10+*36,*10+*36/*10+*36,concordant
cohort2,cohort2,BWA-MEM,HG00350,HG02071,1,*10+*10/*63,*10+*10/*63,*10+*10/*63,*10+*36/*2,*2/*10+*36,discordant
cohort2,cohort2,BWA-MEM,HG00350,HG02074,1,*36.ALDY+*10/*36.ALDY+*10,*36+*10/*36+*10,*10+*36/*10+*36,*10+*36/*10+*36,*10+*36/*10+*36,concordant
cohort2,cohort2,BWA-MEM,HG00350,HG02083,1,*10+*36.ALDY+*10/*36.ALDY+*10,*10+*36+*10/*36+*10,*10+*10+*36/*10+*36,*10+*36+*36/*10+*36,*10+*36/*10+*36+*36,discordant
cohort2,cohort2,BWA-MEM,HG00350,HG02129,1,*1/*36.ALDY+*10,*1/*36+*10,*1/*10+*36,*1/*10+*36,*1/*10+*36,concordant
cohort2,cohort2,BWA-MEM,HG00350,HG02132,1,*36.ALDY+*10/*36.ALDY+*10,*36+*10/*36+*10,*10+*36/*10+*36,*10+*36/*10+*36,*10+*36/*10+*36,concordant
cohort2,cohort2,BWA-MEM,HG00350,HG02135,1,*36.ALDY+*10/*36.ALDY+*10,*36+*10/*36+*10,*10+*36/*10+*36,*10+*36/*10+*36,*10+*36/*10+*36,concordant
cohort2,cohort2,BWA-MEM,HG00350,HG02155,1,*10+*36.ALDY+*10/*36.ALDY+*10,*10+*36+*10/*36+*10,*10+*10+*36/*10+*36,*10+*36/*10+*36+*36,*10+*36/*10+*36+*36,discordant
cohort2,cohort2,BWA-MEM,HG00350,HG02178,1,*1+*36.ALDY/*36.ALDY+*10,*1+*36/*36+*10,*1+*36/*10+*36,*10+*36+*36/*1,*1/*10+*36+*36,discordant
cohort2,cohort2,BWA-MEM,HG00350,HG02258,1,*1/*17+*17,*1/*17+*17,*1/*17+*17,*17+*17/*1,*1/*17+*17,concordant
cohort2,cohort2,BWA-MEM,HG00350,HG02300,1,*2/*5,*2/*5,*2/*5,*2/*5,*2/*5,concordant
cohort2,cohort2,BWA-MEM,HG00350,HG02486,1,*2/*29,*2/*29,*2/*29,*2/*29,*2/*29,concordant
cohort2,cohort2,BWA-MEM,HG00350,HG02523,1,*1/*5,*1/*5,*1/*5,*5/*1,*1/*5,concordant
cohort2,cohort2,BWA-MEM,HG00350,HG02559,1,*2/*27,*2/*27,*2/*27,*27/*2,*2/*27,concordant
cohort2,cohort2,BWA-MEM,HG00350,HG02602,1,*2/*5,*2/*5,*2/*5,*2/*5,*2/*5,concordant
cohort2,cohort2,BWA-MEM,HG00350,HG02647,1,*4C+*4C/*17,*4+*4/*17,*4+*4/*17,*4+*4/*17,*4+*4/*17,concordant
cohort2,cohort2,BWA-MEM,HG00350,HG02965,1,*4C+*4C/*17,*4+*4/*17,*4+*4/*17,*17/*4+*4,*4+*4/*17,concordant
cohort2,cohort2,BWA-MEM,HG00350,HG03017,1,*1/*2,*1/*2,*1/*2,*1/*2,*1/*2,concordant
cohort2,cohort2,BWA-MEM,HG00350,HG03139,1,*2+*122+rs1135840+rs16947/*17,*2+*122/*17,*2+*122/*17,*17/*2+*2,*2+*2/*17,discordant
cohort2,cohort2,BWA-MEM,HG00350,HG03225,1,*5/*56B,*5/*56,*5/*56,*56/*5,*5/*56,concordant
cohort2,cohort2,BWA-MEM,HG00350,HG03239,1,*1/*5,*1/*5,*1/*5,*5/*1,*1/*5,concordant
cohort2,cohort2,BWA-MEM,HG00350,HG03471,1,*29/*162,*29/*162,*29/*162,*162/*29,*29/*162,concordant
cohort2,cohort2,BWA-MEM,HG00350,HG03654,1,*2/*2,*2/*2,*2/*2,*2/*2,*2/*2,concordant
cohort2,cohort2,BWA-MEM,HG00350,HG03834,1,*1+*1/*4,*1+*1/*4,*1+*1/*4,*1+*1/*4,*1+*1/*4,concordant
cohort2,cohort2,BWA-MEM,HG00350,HG04184,1,*10/*41,*10/*41,*10/*41,*10/*41,*10/*41,concordant
cohort2,cohort2,BWA-MEM,HG00350,HG04228,1,*1/*43,*1/*43,*1/*43,*43/*1,*1/*43,concordant
cohort2,cohort2,BWA-MEM,HG00350,HG06807,1,*2/*4C+*4C,*2/*4+*4,*2/*4+*4,*2/*4+*4,*2/*4+*4,concordant
cohort2,cohort2,BWA-MEM,HG00350,NA18522,1,*1/*106,*1/*106,*1/*106,*106/*1,*1/*106,concordant
cohort2,cohort2,BWA-MEM,HG00350,NA18565,1,*10/*36.ALDY+*10,*10/*36+*10,*10/*10+*36,*10+*36/*36,*10+*36/*36,discordant
cohort2,cohort2,BWA-MEM,HG00350,NA18747,1,*1/*36.ALDY+*10,*1/*36+*10,*1/*10+*36,*1/*10+*36,*1/*10+*36,concordant
cohort2,cohort2,BWA-MEM,HG00350,NA18952,1,*2/*2,*2/*2,*2/*2,*2/*2,*2/*2,concordant
cohort2,cohort2,BWA-MEM,HG00350,NA18974,1,*2/*5,*2/*5,*2/*5,*2/*5,*2/*5,concordant
cohort2,cohort2,BWA-MEM,HG00350,NA18976,1,*1/*36.ALDY+*10,*1/*36+*10,*1/*10+*36,*10+*36/*1,*1/*10+*36,concordant
cohort2,cohort2,BWA-MEM,HG00350,NA18983,1,*1/*1,*1/*1,*1/*1,*1/*1,*1/*1,concordant
cohort2,cohort2,BWA-MEM,HG00350,NA19043,1,*1/*1,*1/*1,*1/*1,*1/*1,*1/*1,concordant
cohort2,cohort2,BWA-MEM,HG00350,NA19087,1,*1/*5,*1/*5,*1/*5,*5/*1,*1/*5,concordant
cohort2,cohort2,BWA-MEM,HG00350,NA19776,1,*1/*36.ALDY+*10,*1/*36+*10,*1/*10+*36,*1/*10+*36,*1/*10+*36,concordant
cohort2,cohort2,BWA-MEM,HG00350,NA19909,1,*1/*4C+*4C,*1/*4+*4,*1/*4+*4,*4+*4/*1,*1/*4+*4,concordant
cohort2,cohort2,BWA-MEM,HG00350,NA20282,1,*2/*4,*2/*4,*2/*4,*2/*4,*2/*4,concordant
cohort2,cohort2,BWA-MEM,HG00350,NA20752,1,*1/*4,*1/*4,*1/*4,*1/*4,*1/*4,concordant
cohort2,cohort2,BWA-MEM,HG00350,NA20805,1,*35/*68+*4.021,*35/*68+*4,*4+*68/*35,*35/*4+*68,*4+*68/*35,concordant
cohort2,cohort2,BWA-MEM,HG00350,NA20905,1,*1/*1,*1/*1,*1/*1,*1/*1,*1/*1,concordant
cohort2,cohort2,BWA-MEM,HG00350,NA21102,1,*1/*1,*1/*1,*1/*1,*1/*1,*1/*1,concordant
cohort2,cohort2,BWA-MEM,HG00639,HG00099,1,*1/*5,*1/*5,*1/*5,*1/*5,*1/*5,concordant
cohort2,cohort2,BWA-MEM,HG00639,HG00133,1,*1/*1,*1/*1,*1/*1,*1/*1,*1/*1,concordant
cohort2,cohort2,BWA-MEM,HG00639,HG00232,1,*1+rs769258/*35,*1/*35,*1/*35,*1/*35,*1/*35,concordant
cohort2,cohort2,BWA-MEM,HG00639,HG00253,1,*1/*1,*1/*1,*1/*1,*1/*1,*1/*1,concordant
cohort2,cohort2,BWA-MEM,HG00639,HG00280,1,*2/*41,*2/*41,*2/*41,*2/*41,*2/*41,concordant
cohort2,cohort2,BWA-MEM,HG00639,HG00320,1,*2/*2+*2,*2/*2+*2,*2/*2+*2,*2+*2/*2,*2/*2+*2,concordant
cohort2,cohort2,BWA-MEM,HG00639,HG00350,1,*1/*1,*1/*1,*1/*1,*1/*1,*1/*1,concordant
cohort2,cohort2,BWA-MEM,HG00639,HG00408,1,*10/*36.ALDY+*10,*10/*36+*10,*10/*10+*36,*10+*36/*10,*10/*10+*36,concordant
cohort2,cohort2,BWA-MEM,HG00639,HG00423,1,*10/*10+*10,*10/*10+*10,*10/*10+*10,*10/*10+*10,*10/*10+*10,concordant
cohort2,cohort2,BWA-MEM,HG00639,HG00544,1,*1/*36.ALDY+*10,*1/*36+*10,*1/*10+*36,*1/*10+*36,*1/*10+*36,concordant
cohort2,cohort2,BWA-MEM,HG00639,HG00558,1,*1/*36.ALDY+*10,*1/*36+*10,*1/*10+*36,*10+*36/*1,*1/*10+*36,concordant
cohort2,cohort2,BWA-MEM,HG00639,HG00597,1,*36.ALDY+*10+*49/*36.ALDY+*39,*36+*10+*49/*36+*39,*10+*36+*49/*36+*39,*49/*10+*36+*36+*83,*10+*36+*36+*83/*49,discordant
cohort2,cohort2,BWA-MEM,HG00639,HG00609,1,*36.ALDY+*10+rs1135822/*49,*36+*10/*49,*10+*36/*49,*10+*36/*49,*10+*36/*49,concordant
cohort2,cohort2,BWA-MEM,HG00639,HG00658,1,*10+*36.ALDY+*10/*36.ALDY+*10,*10+*36+*10/*36+*10,*10+*10+*36/*10+*36,*10+*36/*10+*36+*36,*10+*36/*10+*36+*36,discordant
cohort2,cohort2,BWA-MEM,HG00639,HG01123,1,*1/*2,*1/*2,*1/*2,*2/*1,*1/*2,concordant
cohort2,cohort2,BWA-MEM,HG00639,HG01167,1,*2/*119,*2/*119,*2/*119,*41/*1,*1/*41,discordant
cohort2,cohort2,BWA-MEM,HG00639,HG01192,1,*5/*41,*5/*41,*5/*41,*41/*5,*5/*41,concordant
cohort2,cohort2,BWA-MEM,HG00639,HG01261,1,*1/*5,*1/*5,*1/*5,*1/*5,*1/*5,concordant
cohort2,cohort2,BWA-MEM,HG00639,HG01496,1,*2/*43+*43,*2/*43+*43,*2/*43+*43,*2/*43+*43,*2/*43+*43,concordant
cohort2,cohort2,BWA-MEM,HG00639,HG01530,1,*2/*10,*2/*10,*2/*10,*2/*10,*2/*10,concordant
cohort2,cohort2,BWA-MEM,HG00639,HG01784,1,*1/*68+*4.021,*1/*68+*4,*1/*4+*68,*4+*68/*1,*1/*4+*68,concordant
cohort2,cohort2,BWA-MEM,HG00639,HG01884,1,*1/*2,*1/*2,*1/*2,*1/*2,*1/*2,concordant
cohort2,cohort2,BWA-MEM,HG00639,HG01940,1,*1/*1,*1/*1,*1/*1,*1/*1,*1/*1,concordant
cohort2,cohort2,BWA-MEM,HG00639,HG01969,1,*1/*2,*1/*2,*1/*2,*1/*2,*1/*2,concordant
cohort2,cohort2,BWA-MEM,HG00639,HG01975,1,*1/*1,*1/*1,*1/*1,*1/*1,*1/*1,concordant
cohort2,cohort2,BWA-MEM,HG00639,HG02015,1,*10/*36.ALDY+*10,*10/*36+*10,*10/*10+*36,*10/*10+*36,*10/*10+*36,concordant
cohort2,cohort2,BWA-MEM,HG00639,HG02027,1,*14/*36.ALDY+*10,*14/*36+*10,*10+*36/*14,*10+*36/*14,*10+*36/*14,concordant
cohort2,cohort2,BWA-MEM,HG00639,HG02040,1,*36.ALDY+*10/*36.ALDY+*10,*36+*10/*36+*10,*10+*36/*10+*36,*10+*36/*10+*36,*10+*36/*10+*36,concordant
cohort2,cohort2,BWA-MEM,HG00639,HG02056,1,*36.ALDY+*10/*36.ALDY+*10,*36+*10/*36+*10,*10+*36/*10+*36,*10+*36/*10+*36,*10+*36/*10+*36,concordant
cohort2,cohort2,BWA-MEM,HG00639,HG02071,1,*10+*10/*63,*10+*10/*63,*10+*10/*63,*10+*36/*2,*2/*10+*36,discordant
cohort2,cohort2,BWA-MEM,HG00639,HG02074,1,*36.ALDY+*10/*36.ALDY+*10,*36+*10/*36+*10,*10+*36/*10+*36,*10+*36/*10+*36,*10+*36/*10+*36,concordant
cohort2,cohort2,BWA-MEM,HG00639,HG02083,1,*10+*36.ALDY+*10/*36.ALDY+*10,*10+*36+*10/*36+*10,*10+*10+*36/*10+*36,*10+*36+*36/*10+*36,*10+*36/*10+*36+*36,discordant
cohort2,cohort2,BWA-MEM,HG00639,HG02129,1,*1/*36.ALDY+*10,*1/*36+*10,*1/*10+*36,*1/*10+*36,*1/*10+*36,concordant
cohort2,cohort2,BWA-MEM,HG00639,HG02132,1,*36.ALDY+*10/*36.ALDY+*10,*36+*10/*36+*10,*10+*36/*10+*36,*10+*36/*10+*36,*10+*36/*10+*36,concordant
cohort2,cohort2,BWA-MEM,HG00639,HG02135,1,*36.ALDY+*10/*36.ALDY+*10,*36+*10/*36+*10,*10+*36/*10+*36,*10+*36/*10+*36,*10+*36/*10+*36,concordant
cohort2,cohort2,BWA-MEM,HG00639,HG02155,1,*10+*36.ALDY+*10/*36.ALDY+*10,*10+*36+*10/*36+*10,*10+*10+*36/*10+*36,*10+*36/*10+*36+*36,*10+*36/*10+*36+*36,discordant
cohort2,cohort2,BWA-MEM,HG00639,HG02178,1,*1+*36.ALDY/*36.ALDY+*10,*1+*36/*36+*10,*1+*36/*10+*36,*10+*36+*36/*1,*1/*10+*36+*36,discordant
cohort2,cohort2,BWA-MEM,HG00639,HG02258,1,*1/*17+*17,*1/*17+*17,*1/*17+*17,*17+*17/*1,*1/*17+*17,concordant
cohort2,cohort2,BWA-MEM,HG00639,HG02300,1,*2/*5,*2/*5,*2/*5,*2/*5,*2/*5,concordant
cohort2,cohort2,BWA-MEM,HG00639,HG02486,1,*2/*29,*2/*29,*2/*29,*2/*29,*2/*29,concordant
cohort2,cohort2,BWA-MEM,HG00639,HG02523,1,*1/*5,*1/*5,*1/*5,*5/*1,*1/*5,concordant
cohort2,cohort2,BWA-MEM,HG00639,HG02559,1,*2/*27,*2/*27,*2/*27,*27/*2,*2/*27,concordant
cohort2,cohort2,BWA-MEM,HG00639,HG02602,1,*2/*5,*2/*5,*2/*5,*2/*5,*2/*5,concordant
cohort2,cohort2,BWA-MEM,HG00639,HG02647,1,*4C+*4C/*17,*4+*4/*17,*4+*4/*17,*4+*4/*17,*4+*4/*17,concordant
cohort2,cohort2,BWA-MEM,HG00639,HG02965,1,*4C+*4C/*17,*4+*4/*17,*4+*4/*17,*17/*4+*4,*4+*4/*17,concordant
cohort2,cohort2,BWA-MEM,HG00639,HG03017,1,*1/*2,*1/*2,*1/*2,*1/*2,*1/*2,concordant
cohort2,cohort2,BWA-MEM,HG00639,HG03139,1,*2+*122+rs1135840+rs16947/*17,*2+*122/*17,*2+*122/*17,*17/*2+*2,*2+*2/*17,discordant
cohort2,cohort2,BWA-MEM,HG00639,HG03225,1,*5/*56B,*5/*56,*5/*56,*56/*5,*5/*56,concordant
cohort2,cohort2,BWA-MEM,HG00639,HG03239,1,*1/*5,*1/*5,*1/*5,*5/*1,*1/*5,concordant
cohort2,cohort2,BWA-MEM,HG00639,HG03471,1,*29/*162,*29/*162,*29/*162,*162/*29,*29/*162,concordant
cohort2,cohort2,BWA-MEM,HG00639,HG03654,1,*2/*2,*2/*2,*2/*2,*2/*2,*2/*2,concordant
cohort2,cohort2,BWA-MEM,HG00639,HG03834,1,*1+*1/*4,*1+*1/*4,*1+*1/*4,*1+*1/*4,*1+*1/*4,concordant
cohort2,cohort2,BWA-MEM,HG00639,HG04184,1,*10/*41,*10/*41,*10/*41,*10/*41,*10/*41,concordant
cohort2,cohort2,BWA-MEM,HG00639,HG04228,1,*1/*43,*1/*43,*1/*43,*43/*1,*1/*43,concordant
cohort2,cohort2,BWA-MEM,HG00639,HG06807,1,*2/*4C+*4C,*2/*4+*4,*2/*4+*4,*2/*4+*4,*2/*4+*4,concordant
cohort2,cohort2,BWA-MEM,HG00639,NA18522,1,*1/*106,*1/*106,*1/*106,*106/*1,*1/*106,concordant
cohort2,cohort2,BWA-MEM,HG00639,NA18565,1,*10/*36.ALDY+*10,*10/*36+*10,*10/*10+*36,*10+*36/*36,*10+*36/*36,discordant
cohort2,cohort2,BWA-MEM,HG00639,NA18747,1,*1/*36.ALDY+*10,*1/*36+*10,*1/*10+*36,*1/*10+*36,*1/*10+*36,concordant
cohort2,cohort2,BWA-MEM,HG00639,NA18952,1,*2/*2,*2/*2,*2/*2,*2/*2,*2/*2,concordant
cohort2,cohort2,BWA-MEM,HG00639,NA18974,1,*2/*5,*2/*5,*2/*5,*2/*5,*2/*5,concordant
cohort2,cohort2,BWA-MEM,HG00639,NA18976,1,*1/*36.ALDY+*10,*1/*36+*10,*1/*10+*36,*10+*36/*1,*1/*10+*36,concordant
cohort2,cohort2,BWA-MEM,HG00639,NA18983,1,*1/*1,*1/*1,*1/*1,*1/*1,*1/*1,concordant
cohort2,cohort2,BWA-MEM,HG00639,NA19043,1,*1/*1,*1/*1,*1/*1,*1/*1,*1/*1,concordant
cohort2,cohort2,BWA-MEM,HG00639,NA19087,1,*1/*5,*1/*5,*1/*5,*5/*1,*1/*5,concordant
cohort2,cohort2,BWA-MEM,HG00639,NA19776,1,*1/*36.ALDY+*10,*1/*36+*10,*1/*10+*36,*1/*10+*36,*1/*10+*36,concordant
cohort2,cohort2,BWA-MEM,HG00639,NA19909,1,*1/*4C+*4C,*1/*4+*4,*1/*4+*4,*4+*4/*1,*1/*4+*4,concordant
cohort2,cohort2,BWA-MEM,HG00639,NA20282,1,*2/*4,*2/*4,*2/*4,*2/*4,*2/*4,concordant
cohort2,cohort2,BWA-MEM,HG00639,NA20752,1,*1/*4,*1/*4,*1/*4,*1/*4,*1/*4,concordant
cohort2,cohort2,BWA-MEM,HG00639,NA20805,1,*35/*68+*4.021,*35/*68+*4,*4+*68/*35,*35/*4+*68,*4+*68/*35,concordant
cohort2,cohort2,BWA-MEM,HG00639,NA20905,1,*1/*1,*1/*1,*1/*1,*1/*1,*1/*1,concordant
cohort2,cohort2,BWA-MEM,HG00639,NA21102,1,*1/*1,*1/*1,*1/*1,*1/*1,*1/*1,concordant
cohort2,cohort2,BWA-MEM,HG01123,HG00099,1,*1/*5,*1/*5,*1/*5,*1/*5,*1/*5,concordant
cohort2,cohort2,BWA-MEM,HG01123,HG00133,1,*1/*1,*1/*1,*1/*1,*1/*1,*1/*1,concordant
cohort2,cohort2,BWA-MEM,HG01123,HG00232,1,*1+rs769258/*35,*1/*35,*1/*35,*1/*35,*1/*35,concordant
cohort2,cohort2,BWA-MEM,HG01123,HG00253,1,*1/*1,*1/*1,*1/*1,*1/*1,*1/*1,concordant
cohort2,cohort2,BWA-MEM,HG01123,HG00280,1,*2/*41,*2/*41,*2/*41,*2/*41,*2/*41,concordant
cohort2,cohort2,BWA-MEM,HG01123,HG00320,1,*2/*2+*2,*2/*2+*2,*2/*2+*2,*2+*2/*2,*2/*2+*2,concordant
cohort2,cohort2,BWA-MEM,HG01123,HG00350,1,*1/*1,*1/*1,*1/*1,*1/*1,*1/*1,concordant
cohort2,cohort2,BWA-MEM,HG01123,HG00408,1,*10/*36.ALDY+*10,*10/*36+*10,*10/*10+*36,*10+*36/*10,*10/*10+*36,concordant
cohort2,cohort2,BWA-MEM,HG01123,HG00423,1,*10/*10+*10,*10/*10+*10,*10/*10+*10,*10/*10+*10,*10/*10+*10,concordant
cohort2,cohort2,BWA-MEM,HG01123,HG00544,1,*1/*36.ALDY+*10,*1/*36+*10,*1/*10+*36,*1/*10+*36,*1/*10+*36,concordant
cohort2,cohort2,BWA-MEM,HG01123,HG00558,1,*1/*36.ALDY+*10,*1/*36+*10,*1/*10+*36,*10+*36/*1,*1/*10+*36,concordant
cohort2,cohort2,BWA-MEM,HG01123,HG00597,1,*36.ALDY+*10+*49/*36.ALDY+*39,*36+*10+*49/*36+*39,*10+*36+*49/*36+*39,*49/*10+*36+*36+*83,*10+*36+*36+*83/*49,discordant
cohort2,cohort2,BWA-MEM,HG01123,HG00609,1,*36.ALDY+*10+rs1135822/*49,*36+*10/*49,*10+*36/*49,*10+*36/*49,*10+*36/*49,concordant
cohort2,cohort2,BWA-MEM,HG01123,HG00639,1,*1/*1,*1/*1,*1/*1,*1/*1,*1/*1,concordant
cohort2,cohort2,BWA-MEM,HG01123,HG00658,1,*10+*36.ALDY+*10/*36.ALDY+*10,*10+*36+*10/*36+*10,*10+*10+*36/*10+*36,*10+*36/*10+*36+*36,*10+*36/*10+*36+*36,discordant
cohort2,cohort2,BWA-MEM,HG01123,HG01167,1,*2/*119,*2/*119,*2/*119,*41/*1,*1/*41,discordant
cohort2,cohort2,BWA-MEM,HG01123,HG01192,1,*5/*41,*5/*41,*5/*41,*41/*5,*5/*41,concordant
cohort2,cohort2,BWA-MEM,HG01123,HG01261,1,*1/*5,*1/*5,*1/*5,*1/*5,*1/*5,concordant
cohort2,cohort2,BWA-MEM,HG01123,HG01496,1,*2/*43+*43,*2/*43+*43,*2/*43+*43,*2/*43+*43,*2/*43+*43,concordant
cohort2,cohort2,BWA-MEM,HG01123,HG01530,1,*2/*10,*2/*10,*2/*10,*2/*10,*2/*10,concordant
cohort2,cohort2,BWA-MEM,HG01123,HG01784,1,*1/*68+*4.021,*1/*68+*4,*1/*4+*68,*4+*68/*1,*1/*4+*68,concordant
cohort2,cohort2,BWA-MEM,HG01123,HG01884,1,*1/*2,*1/*2,*1/*2,*1/*2,*1/*2,concordant
cohort2,cohort2,BWA-MEM,HG01123,HG01940,1,*1/*1,*1/*1,*1/*1,*1/*1,*1/*1,concordant
cohort2,cohort2,BWA-MEM,HG01123,HG01969,1,*1/*2,*1/*2,*1/*2,*1/*2,*1/*2,concordant
cohort2,cohort2,BWA-MEM,HG01123,HG01975,1,*1/*1,*1/*1,*1/*1,*1/*1,*1/*1,concordant
cohort2,cohort2,BWA-MEM,HG01123,HG02015,1,*10/*36.ALDY+*10,*10/*36+*10,*10/*10+*36,*10/*10+*36,*10/*10+*36,concordant
cohort2,cohort2,BWA-MEM,HG01123,HG02027,1,*14/*36.ALDY+*10,*14/*36+*10,*10+*36/*14,*10+*36/*14,*10+*36/*14,concordant
cohort2,cohort2,BWA-MEM,HG01123,HG02040,1,*36.ALDY+*10/*36.ALDY+*10,*36+*10/*36+*10,*10+*36/*10+*36,*10+*36/*10+*36,*10+*36/*10+*36,concordant
cohort2,cohort2,BWA-MEM,HG01123,HG02056,1,*36.ALDY+*10/*36.ALDY+*10,*36+*10/*36+*10,*10+*36/*10+*36,*10+*36/*10+*36,*10+*36/*10+*36,concordant
cohort2,cohort2,BWA-MEM,HG01123,HG02071,1,*10+*10/*63,*10+*10/*63,*10+*10/*63,*10+*36/*2,*2/*10+*36,discordant
cohort2,cohort2,BWA-MEM,HG01123,HG02074,1,*36.ALDY+*10/*36.ALDY+*10,*36+*10/*36+*10,*10+*36/*10+*36,*10+*36/*10+*36,*10+*36/*10+*36,concordant
cohort2,cohort2,BWA-MEM,HG01123,HG02083,1,*10+*36.ALDY+*10/*36.ALDY+*10,*10+*36+*10/*36+*10,*10+*10+*36/*10+*36,*10+*36+*36/*10+*36,*10+*36/*10+*36+*36,discordant
cohort2,cohort2,BWA-MEM,HG01123,HG02129,1,*1/*36.ALDY+*10,*1/*36+*10,*1/*10+*36,*1/*10+*36,*1/*10+*36,concordant
cohort2,cohort2,BWA-MEM,HG01123,HG02132,1,*36.ALDY+*10/*36.ALDY+*10,*36+*10/*36+*10,*10+*36/*10+*36,*10+*36/*10+*36,*10+*36/*10+*36,concordant
cohort2,cohort2,BWA-MEM,HG01123,HG02135,1,*36.ALDY+*10/*36.ALDY+*10,*36+*10/*36+*10,*10+*36/*10+*36,*10+*36/*10+*36,*10+*36/*10+*36,concordant
cohort2,cohort2,BWA-MEM,HG01123,HG02155,1,*10+*36.ALDY+*10/*36.ALDY+*10,*10+*36+*10/*36+*10,*10+*10+*36/*10+*36,*10+*36/*10+*36+*36,*10+*36/*10+*36+*36,discordant
cohort2,cohort2,BWA-MEM,HG01123,HG02178,1,*1+*36.ALDY/*36.ALDY+*10,*1+*36/*36+*10,*1+*36/*10+*36,*10+*36+*36/*1,*1/*10+*36+*36,discordant
cohort2,cohort2,BWA-MEM,HG01123,HG02258,1,*1/*17+*17,*1/*17+*17,*1/*17+*17,*17+*17/*1,*1/*17+*17,concordant
cohort2,cohort2,BWA-MEM,HG01123,HG02300,1,*2/*5,*2/*5,*2/*5,*2/*5,*2/*5,concordant
cohort2,cohort2,BWA-MEM,HG01123,HG02486,1,*2/*29,*2/*29,*2/*29,*2/*29,*2/*29,concordant
cohort2,cohort2,BWA-MEM,HG01123,HG02523,1,*1/*5,*1/*5,*1/*5,*5/*1,*1/*5,concordant
cohort2,cohort2,BWA-MEM,HG01123,HG02559,1,*2/*27,*2/*27,*2/*27,*27/*2,*2/*27,concordant
cohort2,cohort2,BWA-MEM,HG01123,HG02602,1,*2/*5,*2/*5,*2/*5,*2/*5,*2/*5,concordant
cohort2,cohort2,BWA-MEM,HG01123,HG02647,1,*4C+*4C/*17,*4+*4/*17,*4+*4/*17,*4+*4/*17,*4+*4/*17,concordant
cohort2,cohort2,BWA-MEM,HG01123,HG02965,1,*4C+*4C/*17,*4+*4/*17,*4+*4/*17,*17/*4+*4,*4+*4/*17,concordant
cohort2,cohort2,BWA-MEM,HG01123,HG03017,1,*1/*2,*1/*2,*1/*2,*1/*2,*1/*2,concordant
cohort2,cohort2,BWA-MEM,HG01123,HG03139,1,*2+*122+rs1135840+rs16947/*17,*2+*122/*17,*2+*122/*17,*17/*2+*2,*2+*2/*17,discordant
cohort2,cohort2,BWA-MEM,HG01123,HG03225,1,*5/*56B,*5/*56,*5/*56,*56/*5,*5/*56,concordant
cohort2,cohort2,BWA-MEM,HG01123,HG03239,1,*1/*5,*1/*5,*1/*5,*5/*1,*1/*5,concordant
cohort2,cohort2,BWA-MEM,HG01123,HG03471,1,*29/*162,*29/*162,*29/*162,*162/*29,*29/*162,concordant
cohort2,cohort2,BWA-MEM,HG01123,HG03654,1,*2/*2,*2/*2,*2/*2,*2/*2,*2/*2,concordant
cohort2,cohort2,BWA-MEM,HG01123,HG03834,1,*1+*1/*4,*1+*1/*4,*1+*1/*4,*1+*1/*4,*1+*1/*4,concordant
cohort2,cohort2,BWA-MEM,HG01123,HG04184,1,*10/*41,*10/*41,*10/*41,*10/*41,*10/*41,concordant
cohort2,cohort2,BWA-MEM,HG01123,HG04228,1,*1/*43,*1/*43,*1/*43,*43/*1,*1/*43,concordant
cohort2,cohort2,BWA-MEM,HG01123,HG06807,1,*2/*4C+*4C,*2/*4+*4,*2/*4+*4,*2/*4+*4,*2/*4+*4,concordant
cohort2,cohort2,BWA-MEM,HG01123,NA18522,1,*1/*106,*1/*106,*1/*106,*106/*1,*1/*106,concordant
cohort2,cohort2,BWA-MEM,HG01123,NA18565,1,*10/*36.ALDY+*10,*10/*36+*10,*10/*10+*36,*10+*36/*36,*10+*36/*36,discordant
cohort2,cohort2,BWA-MEM,HG01123,NA18747,1,*1/*36.ALDY+*10,*1/*36+*10,*1/*10+*36,*1/*10+*36,*1/*10+*36,concordant
cohort2,cohort2,BWA-MEM,HG01123,NA18952,1,*2/*2,*2/*2,*2/*2,*2/*2,*2/*2,concordant
cohort2,cohort2,BWA-MEM,HG01123,NA18974,1,*2/*5,*2/*5,*2/*5,*2/*5,*2/*5,concordant
cohort2,cohort2,BWA-MEM,HG01123,NA18976,1,*1/*36.ALDY+*10,*1/*36+*10,*1/*10+*36,*10+*36/*1,*1/*10+*36,concordant
cohort2,cohort2,BWA-MEM,HG01123,NA18983,1,*1/*1,*1/*1,*1/*1,*1/*1,*1/*1,concordant
cohort2,cohort2,BWA-MEM,HG01123,NA19043,1,*1/*1,*1/*1,*1/*1,*1/*1,*1/*1,concordant
cohort2,cohort2,BWA-MEM,HG01123,NA19087,1,*1/*5,*1/*5,*1/*5,*5/*1,*1/*5,concordant
cohort2,cohort2,BWA-MEM,HG01123,NA19776,1,*1/*36.ALDY+*10,*1/*36+*10,*1/*10+*36,*1/*10+*36,*1/*10+*36,concordant
cohort2,cohort2,BWA-MEM,HG01123,NA19909,1,*1/*4C+*4C,*1/*4+*4,*1/*4+*4,*4+*4/*1,*1/*4+*4,concordant
cohort2,cohort2,BWA-MEM,HG01123,NA20282,1,*2/*4,*2/*4,*2/*4,*2/*4,*2/*4,concordant
cohort2,cohort2,BWA-MEM,HG01123,NA20752,1,*1/*4,*1/*4,*1/*4,*1/*4,*1/*4,concordant
cohort2,cohort2,BWA-MEM,HG01123,NA20805,1,*35/*68+*4.021,*35/*68+*4,*4+*68/*35,*35/*4+*68,*4+*68/*35,concordant
cohort2,cohort2,BWA-MEM,HG01123,NA20905,1,*1/*1,*1/*1,*1/*1,*1/*1,*1/*1,concordant
cohort2,cohort2,BWA-MEM,HG01123,NA21102,1,*1/*1,*1/*1,*1/*1,*1/*1,*1/*1,concordant
cohort2,cohort2,BWA-MEM,HG01167,HG00099,1,*1/*5,*1/*5,*1/*5,*1/*5,*1/*5,concordant
cohort2,cohort2,BWA-MEM,HG01167,HG00133,1,*1/*1,*1/*1,*1/*1,*1/*1,*1/*1,concordant
cohort2,cohort2,BWA-MEM,HG01167,HG00232,1,*1+rs769258/*35,*1/*35,*1/*35,*1/*35,*1/*35,concordant
cohort2,cohort2,BWA-MEM,HG01167,HG00253,1,*1/*1,*1/*1,*1/*1,*1/*1,*1/*1,concordant
cohort2,cohort2,BWA-MEM,HG01167,HG00280,1,*2/*41,*2/*41,*2/*41,*2/*41,*2/*41,concordant
cohort2,cohort2,BWA-MEM,HG01167,HG00320,1,*2/*2+*2,*2/*2+*2,*2/*2+*2,*2+*2/*2,*2/*2+*2,concordant
cohort2,cohort2,BWA-MEM,HG01167,HG00350,1,*1/*1,*1/*1,*1/*1,*1/*1,*1/*1,concordant
cohort2,cohort2,BWA-MEM,HG01167,HG00408,1,*10/*36.ALDY+*10,*10/*36+*10,*10/*10+*36,*10+*36/*10,*10/*10+*36,concordant
cohort2,cohort2,BWA-MEM,HG01167,HG00423,1,*10/*10+*10,*10/*10+*10,*10/*10+*10,*10/*10+*10,*10/*10+*10,concordant
cohort2,cohort2,BWA-MEM,HG01167,HG00544,1,*1/*36.ALDY+*10,*1/*36+*10,*1/*10+*36,*1/*10+*36,*1/*10+*36,concordant
cohort2,cohort2,BWA-MEM,HG01167,HG00558,1,*1/*36.ALDY+*10,*1/*36+*10,*1/*10+*36,*10+*36/*1,*1/*10+*36,concordant
cohort2,cohort2,BWA-MEM,HG01167,HG00597,1,*36.ALDY+*10+*49/*36.ALDY+*39,*36+*10+*49/*36+*39,*10+*36+*49/*36+*39,*49/*10+*36+*36+*83,*10+*36+*36+*83/*49,discordant
cohort2,cohort2,BWA-MEM,HG01167,HG00609,1,*36.ALDY+*10+rs1135822/*49,*36+*10/*49,*10+*36/*49,*10+*36/*49,*10+*36/*49,concordant
cohort2,cohort2,BWA-MEM,HG01167,HG00639,1,*1/*1,*1/*1,*1/*1,*1/*1,*1/*1,concordant
cohort2,cohort2,BWA-MEM,HG01167,HG00658,1,*10+*36.ALDY+*10/*36.ALDY+*10,*10+*36+*10/*36+*10,*10+*10+*36/*10+*36,*10+*36/*10+*36+*36,*10+*36/*10+*36+*36,discordant
cohort2,cohort2,BWA-MEM,HG01167,HG01123,1,*1/*2,*1/*2,*1/*2,*2/*1,*1/*2,concordant
cohort2,cohort2,BWA-MEM,HG01167,HG01192,1,*5/*41,*5/*41,*5/*41,*41/*5,*5/*41,concordant
cohort2,cohort2,BWA-MEM,HG01167,HG01261,1,*1/*5,*1/*5,*1/*5,*1/*5,*1/*5,concordant
cohort2,cohort2,BWA-MEM,HG01167,HG01496,1,*2/*43+*43,*2/*43+*43,*2/*43+*43,*2/*43+*43,*2/*43+*43,concordant
cohort2,cohort2,BWA-MEM,HG01167,HG01530,1,*2/*10,*2/*10,*2/*10,*2/*10,*2/*10,concordant
cohort2,cohort2,BWA-MEM,HG01167,HG01784,1,*1/*68+*4.021,*1/*68+*4,*1/*4+*68,*4+*68/*1,*1/*4+*68,concordant
cohort2,cohort2,BWA-MEM,HG01167,HG01884,1,*1/*2,*1/*2,*1/*2,*1/*2,*1/*2,concordant
cohort2,cohort2,BWA-MEM,HG01167,HG01940,1,*1/*1,*1/*1,*1/*1,*1/*1,*1/*1,concordant
cohort2,cohort2,BWA-MEM,HG01167,HG01969,1,*1/*2,*1/*2,*1/*2,*1/*2,*1/*2,concordant
cohort2,cohort2,BWA-MEM,HG01167,HG01975,1,*1/*1,*1/*1,*1/*1,*1/*1,*1/*1,concordant
cohort2,cohort2,BWA-MEM,HG01167,HG02015,1,*10/*36.ALDY+*10,*10/*36+*10,*10/*10+*36,*10/*10+*36,*10/*10+*36,concordant
cohort2,cohort2,BWA-MEM,HG01167,HG02027,1,*14/*36.ALDY+*10,*14/*36+*10,*10+*36/*14,*10+*36/*14,*10+*36/*14,concordant
cohort2,cohort2,BWA-MEM,HG01167,HG02040,1,*36.ALDY+*10/*36.ALDY+*10,*36+*10/*36+*10,*10+*36/*10+*36,*10+*36/*10+*36,*10+*36/*10+*36,concordant
cohort2,cohort2,BWA-MEM,HG01167,HG02056,1,*36.ALDY+*10/*36.ALDY+*10,*36+*10/*36+*10,*10+*36/*10+*36,*10+*36/*10+*36,*10+*36/*10+*36,concordant
cohort2,cohort2,BWA-MEM,HG01167,HG02071,1,*10+*10/*63,*10+*10/*63,*10+*10/*63,*10+*36/*2,*2/*10+*36,discordant
cohort2,cohort2,BWA-MEM,HG01167,HG02074,1,*36.ALDY+*10/*36.ALDY+*10,*36+*10/*36+*10,*10+*36/*10+*36,*10+*36/*10+*36,*10+*36/*10+*36,concordant
cohort2,cohort2,BWA-MEM,HG01167,HG02083,1,*10+*36.ALDY+*10/*36.ALDY+*10,*10+*36+*10/*36+*10,*10+*10+*36/*10+*36,*10+*36+*36/*10+*36,*10+*36/*10+*36+*36,discordant
cohort2,cohort2,BWA-MEM,HG01167,HG02129,1,*1/*36.ALDY+*10,*1/*36+*10,*1/*10+*36,*1/*10+*36,*1/*10+*36,concordant
cohort2,cohort2,BWA-MEM,HG01167,HG02132,1,*36.ALDY+*10/*36.ALDY+*10,*36+*10/*36+*10,*10+*36/*10+*36,*10+*36/*10+*36,*10+*36/*10+*36,concordant
cohort2,cohort2,BWA-MEM,HG01167,HG02135,1,*36.ALDY+*10/*36.ALDY+*10,*36+*10/*36+*10,*10+*36/*10+*36,*10+*36/*10+*36,*10+*36/*10+*36,concordant
cohort2,cohort2,BWA-MEM,HG01167,HG02155,1,*10+*36.ALDY+*10/*36.ALDY+*10,*10+*36+*10/*36+*10,*10+*10+*36/*10+*36,*10+*36/*10+*36+*36,*10+*36/*10+*36+*36,discordant
cohort2,cohort2,BWA-MEM,HG01167,HG02178,1,*1+*36.ALDY/*36.ALDY+*10,*1+*36/*36+*10,*1+*36/*10+*36,*10+*36+*36/*1,*1/*10+*36+*36,discordant
cohort2,cohort2,BWA-MEM,HG01167,HG02258,1,*1/*17+*17,*1/*17+*17,*1/*17+*17,*17+*17/*1,*1/*17+*17,concordant
cohort2,cohort2,BWA-MEM,HG01167,HG02300,1,*2/*5,*2/*5,*2/*5,*2/*5,*2/*5,concordant
cohort2,cohort2,BWA-MEM,HG01167,HG02486,1,*2/*29,*2/*29,*2/*29,*2/*29,*2/*29,concordant
cohort2,cohort2,BWA-MEM,HG01167,HG02523,1,*1/*5,*1/*5,*1/*5,*5/*1,*1/*5,concordant
cohort2,cohort2,BWA-MEM,HG01167,HG02559,1,*2/*27,*2/*27,*2/*27,*27/*2,*2/*27,concordant
cohort2,cohort2,BWA-MEM,HG01167,HG02602,1,*2/*5,*2/*5,*2/*5,*2/*5,*2/*5,concordant
cohort2,cohort2,BWA-MEM,HG01167,HG02647,1,*4C+*4C/*17,*4+*4/*17,*4+*4/*17,*4+*4/*17,*4+*4/*17,concordant
cohort2,cohort2,BWA-MEM,HG01167,HG02965,1,*4C+*4C/*17,*4+*4/*17,*4+*4/*17,*17/*4+*4,*4+*4/*17,concordant
cohort2,cohort2,BWA-MEM,HG01167,HG03017,1,*1/*2,*1/*2,*1/*2,*1/*2,*1/*2,concordant
cohort2,cohort2,BWA-MEM,HG01167,HG03139,1,*2+*122+rs1135840+rs16947/*17,*2+*122/*17,*2+*122/*17,*17/*2+*2,*2+*2/*17,discordant
cohort2,cohort2,BWA-MEM,HG01167,HG03225,1,*5/*56B,*5/*56,*5/*56,*56/*5,*5/*56,concordant
cohort2,cohort2,BWA-MEM,HG01167,HG03239,1,*1/*5,*1/*5,*1/*5,*5/*1,*1/*5,concordant
cohort2,cohort2,BWA-MEM,HG01167,HG03471,1,*29/*162,*29/*162,*29/*162,*162/*29,*29/*162,concordant
cohort2,cohort2,BWA-MEM,HG01167,HG03654,1,*2/*2,*2/*2,*2/*2,*2/*2,*2/*2,concordant
cohort2,cohort2,BWA-MEM,HG01167,HG03834,1,*1+*1/*4,*1+*1/*4,*1+*1/*4,*1+*1/*4,*1+*1/*4,concordant
cohort2,cohort2,BWA-MEM,HG01167,HG04184,1,*10/*41,*10/*41,*10/*41,*10/*41,*10/*41,concordant
cohort2,cohort2,BWA-MEM,HG01167,HG04228,1,*1/*43,*1/*43,*1/*43,*43/*1,*1/*43,concordant
cohort2,cohort2,BWA-MEM,HG01167,HG06807,1,*2/*4C+*4C,*2/*4+*4,*2/*4+*4,*2/*4+*4,*2/*4+*4,concordant
cohort2,cohort2,BWA-MEM,HG01167,NA18522,1,*1/*106,*1/*106,*1/*106,*106/*1,*1/*106,concordant
cohort2,cohort2,BWA-MEM,HG01167,NA18565,1,*10/*36.ALDY+*10,*10/*36+*10,*10/*10+*36,*10+*36/*36,*10+*36/*36,discordant
cohort2,cohort2,BWA-MEM,HG01167,NA18747,1,*1/*36.ALDY+*10,*1/*36+*10,*1/*10+*36,*1/*10+*36,*1/*10+*36,concordant
cohort2,cohort2,BWA-MEM,HG01167,NA18952,1,*2/*2,*2/*2,*2/*2,*2/*2,*2/*2,concordant
cohort2,cohort2,BWA-MEM,HG01167,NA18974,1,*2/*5,*2/*5,*2/*5,*2/*5,*2/*5,concordant
cohort2,cohort2,BWA-MEM,HG01167,NA18976,1,*1/*36.ALDY+*10,*1/*36+*10,*1/*10+*36,*10+*36/*1,*1/*10+*36,concordant
cohort2,cohort2,BWA-MEM,HG01167,NA18983,1,*1/*1,*1/*1,*1/*1,*1/*1,*1/*1,concordant
cohort2,cohort2,BWA-MEM,HG01167,NA19043,1,*1/*1,*1/*1,*1/*1,*1/*1,*1/*1,concordant
cohort2,cohort2,BWA-MEM,HG01167,NA19087,1,*1/*5,*1/*5,*1/*5,*5/*1,*1/*5,concordant
cohort2,cohort2,BWA-MEM,HG01167,NA19776,1,*1/*36.ALDY+*10,*1/*36+*10,*1/*10+*36,*1/*10+*36,*1/*10+*36,concordant
cohort2,cohort2,BWA-MEM,HG01167,NA19909,1,*1/*4C+*4C,*1/*4+*4,*1/*4+*4,*4+*4/*1,*1/*4+*4,concordant
cohort2,cohort2,BWA-MEM,HG01167,NA20282,1,*2/*4,*2/*4,*2/*4,*2/*4,*2/*4,concordant
cohort2,cohort2,BWA-MEM,HG01167,NA20752,1,*1/*4,*1/*4,*1/*4,*1/*4,*1/*4,concordant
cohort2,cohort2,BWA-MEM,HG01167,NA20805,1,*35/*68+*4.021,*35/*68+*4,*4+*68/*35,*35/*4+*68,*4+*68/*35,concordant
cohort2,cohort2,BWA-MEM,HG01167,NA20905,1,*1/*1,*1/*1,*1/*1,*1/*1,*1/*1,concordant
cohort2,cohort2,BWA-MEM,HG01167,NA21102,1,*1/*1,*1/*1,*1/*1,*1/*1,*1/*1,concordant
cohort2,cohort2,BWA-MEM,HG01530,HG00099,1,*1/*5,*1/*5,*1/*5,*1/*5,*1/*5,concordant
cohort2,cohort2,BWA-MEM,HG01530,HG00133,1,*1/*1,*1/*1,*1/*1,*1/*1,*1/*1,concordant
cohort2,cohort2,BWA-MEM,HG01530,HG00232,1,*1+rs769258/*35,*1/*35,*1/*35,*1/*35,*1/*35,concordant
cohort2,cohort2,BWA-MEM,HG01530,HG00253,1,*1/*1,*1/*1,*1/*1,*1/*1,*1/*1,concordant
cohort2,cohort2,BWA-MEM,HG01530,HG00280,1,*2/*41,*2/*41,*2/*41,*2/*41,*2/*41,concordant
cohort2,cohort2,BWA-MEM,HG01530,HG00320,1,*2/*2+*2,*2/*2+*2,*2/*2+*2,*2+*2/*2,*2/*2+*2,concordant
cohort2,cohort2,BWA-MEM,HG01530,HG00350,1,*1/*1,*1/*1,*1/*1,*1/*1,*1/*1,concordant
cohort2,cohort2,BWA-MEM,HG01530,HG00408,1,*10/*36.ALDY+*10,*10/*36+*10,*10/*10+*36,*10+*36/*10,*10/*10+*36,concordant
cohort2,cohort2,BWA-MEM,HG01530,HG00423,1,*10/*10+*10,*10/*10+*10,*10/*10+*10,*10/*10+*10,*10/*10+*10,concordant
cohort2,cohort2,BWA-MEM,HG01530,HG00544,1,*1/*36.ALDY+*10,*1/*36+*10,*1/*10+*36,*1/*10+*36,*1/*10+*36,concordant
cohort2,cohort2,BWA-MEM,HG01530,HG00558,1,*1/*36.ALDY+*10,*1/*36+*10,*1/*10+*36,*10+*36/*1,*1/*10+*36,concordant
cohort2,cohort2,BWA-MEM,HG01530,HG00597,1,*36.ALDY+*10+*49/*36.ALDY+*39,*36+*10+*49/*36+*39,*10+*36+*49/*36+*39,*49/*10+*36+*36+*83,*10+*36+*36+*83/*49,discordant
cohort2,cohort2,BWA-MEM,HG01530,HG00609,1,*36.ALDY+*10+rs1135822/*49,*36+*10/*49,*10+*36/*49,*10+*36/*49,*10+*36/*49,concordant
cohort2,cohort2,BWA-MEM,HG01530,HG00639,1,*1/*1,*1/*1,*1/*1,*1/*1,*1/*1,concordant
cohort2,cohort2,BWA-MEM,HG01530,HG00658,1,*10+*36.ALDY+*10/*36.ALDY+*10,*10+*36+*10/*36+*10,*10+*10+*36/*10+*36,*10+*36/*10+*36+*36,*10+*36/*10+*36+*36,discordant
cohort2,cohort2,BWA-MEM,HG01530,HG01123,1,*1/*2,*1/*2,*1/*2,*2/*1,*1/*2,concordant
cohort2,cohort2,BWA-MEM,HG01530,HG01167,1,*2/*119,*2/*119,*2/*119,*41/*1,*1/*41,discordant
cohort2,cohort2,BWA-MEM,HG01530,HG01192,1,*5/*41,*5/*41,*5/*41,*41/*5,*5/*41,concordant
cohort2,cohort2,BWA-MEM,HG01530,HG01261,1,*1/*5,*1/*5,*1/*5,*1/*5,*1/*5,concordant
cohort2,cohort2,BWA-MEM,HG01530,HG01496,1,*2/*43+*43,*2/*43+*43,*2/*43+*43,*2/*43+*43,*2/*43+*43,concordant
cohort2,cohort2,BWA-MEM,HG01530,HG01784,1,*1/*68+*4.021,*1/*68+*4,*1/*4+*68,*4+*68/*1,*1/*4+*68,concordant
cohort2,cohort2,BWA-MEM,HG01530,HG01884,1,*1/*2,*1/*2,*1/*2,*1/*2,*1/*2,concordant
cohort2,cohort2,BWA-MEM,HG01530,HG01940,1,*1/*1,*1/*1,*1/*1,*1/*1,*1/*1,concordant
cohort2,cohort2,BWA-MEM,HG01530,HG01969,1,*1/*2,*1/*2,*1/*2,*1/*2,*1/*2,concordant
cohort2,cohort2,BWA-MEM,HG01530,HG01975,1,*1/*1,*1/*1,*1/*1,*1/*1,*1/*1,concordant
cohort2,cohort2,BWA-MEM,HG01530,HG02015,1,*10/*36.ALDY+*10,*10/*36+*10,*10/*10+*36,*10/*10+*36,*10/*10+*36,concordant
cohort2,cohort2,BWA-MEM,HG01530,HG02027,1,*14/*36.ALDY+*10,*14/*36+*10,*10+*36/*14,*10+*36/*14,*10+*36/*14,concordant
cohort2,cohort2,BWA-MEM,HG01530,HG02040,1,*36.ALDY+*10/*36.ALDY+*10,*36+*10/*36+*10,*10+*36/*10+*36,*10+*36/*10+*36,*10+*36/*10+*36,concordant
cohort2,cohort2,BWA-MEM,HG01530,HG02056,1,*36.ALDY+*10/*36.ALDY+*10,*36+*10/*36+*10,*10+*36/*10+*36,*10+*36/*10+*36,*10+*36/*10+*36,concordant
cohort2,cohort2,BWA-MEM,HG01530,HG02071,1,*10+*10/*63,*10+*10/*63,*10+*10/*63,*10+*36/*2,*2/*10+*36,discordant
cohort2,cohort2,BWA-MEM,HG01530,HG02074,1,*36.ALDY+*10/*36.ALDY+*10,*36+*10/*36+*10,*10+*36/*10+*36,*10+*36/*10+*36,*10+*36/*10+*36,concordant
cohort2,cohort2,BWA-MEM,HG01530,HG02083,1,*10+*36.ALDY+*10/*36.ALDY+*10,*10+*36+*10/*36+*10,*10+*10+*36/*10+*36,*10+*36+*36/*10+*36,*10+*36/*10+*36+*36,discordant
cohort2,cohort2,BWA-MEM,HG01530,HG02129,1,*1/*36.ALDY+*10,*1/*36+*10,*1/*10+*36,*1/*10+*36,*1/*10+*36,concordant
cohort2,cohort2,BWA-MEM,HG01530,HG02132,1,*36.ALDY+*10/*36.ALDY+*10,*36+*10/*36+*10,*10+*36/*10+*36,*10+*36/*10+*36,*10+*36/*10+*36,concordant
cohort2,cohort2,BWA-MEM,HG01530,HG02135,1,*36.ALDY+*10/*36.ALDY+*10,*36+*10/*36+*10,*10+*36/*10+*36,*10+*36/*10+*36,*10+*36/*10+*36,concordant
cohort2,cohort2,BWA-MEM,HG01530,HG02155,1,*10+*36.ALDY+*10/*36.ALDY+*10,*10+*36+*10/*36+*10,*10+*10+*36/*10+*36,*10+*36/*10+*36+*36,*10+*36/*10+*36+*36,discordant
cohort2,cohort2,BWA-MEM,HG01530,HG02178,1,*1+*36.ALDY/*36.ALDY+*10,*1+*36/*36+*10,*1+*36/*10+*36,*10+*36+*36/*1,*1/*10+*36+*36,discordant
cohort2,cohort2,BWA-MEM,HG01530,HG02258,1,*1/*17+*17,*1/*17+*17,*1/*17+*17,*17+*17/*1,*1/*17+*17,concordant
cohort2,cohort2,BWA-MEM,HG01530,HG02300,1,*2/*5,*2/*5,*2/*5,*2/*5,*2/*5,concordant
cohort2,cohort2,BWA-MEM,HG01530,HG02486,1,*2/*29,*2/*29,*2/*29,*2/*29,*2/*29,concordant
cohort2,cohort2,BWA-MEM,HG01530,HG02523,1,*1/*5,*1/*5,*1/*5,*5/*1,*1/*5,concordant
cohort2,cohort2,BWA-MEM,HG01530,HG02559,1,*2/*27,*2/*27,*2/*27,*27/*2,*2/*27,concordant
cohort2,cohort2,BWA-MEM,HG01530,HG02602,1,*2/*5,*2/*5,*2/*5,*2/*5,*2/*5,concordant
cohort2,cohort2,BWA-MEM,HG01530,HG02647,1,*4C+*4C/*17,*4+*4/*17,*4+*4/*17,*4+*4/*17,*4+*4/*17,concordant
cohort2,cohort2,BWA-MEM,HG01530,HG02965,1,*4C+*4C/*17,*4+*4/*17,*4+*4/*17,*17/*4+*4,*4+*4/*17,concordant
cohort2,cohort2,BWA-MEM,HG01530,HG03017,1,*1/*2,*1/*2,*1/*2,*1/*2,*1/*2,concordant
cohort2,cohort2,BWA-MEM,HG01530,HG03139,1,*2+*122+rs1135840+rs16947/*17,*2+*122/*17,*2+*122/*17,*17/*2+*2,*2+*2/*17,discordant
cohort2,cohort2,BWA-MEM,HG01530,HG03225,1,*5/*56B,*5/*56,*5/*56,*56/*5,*5/*56,concordant
cohort2,cohort2,BWA-MEM,HG01530,HG03239,1,*1/*5,*1/*5,*1/*5,*5/*1,*1/*5,concordant
cohort2,cohort2,BWA-MEM,HG01530,HG03471,1,*29/*162,*29/*162,*29/*162,*162/*29,*29/*162,concordant
cohort2,cohort2,BWA-MEM,HG01530,HG03654,1,*2/*2,*2/*2,*2/*2,*2/*2,*2/*2,concordant
cohort2,cohort2,BWA-MEM,HG01530,HG03834,1,*1+*1/*4,*1+*1/*4,*1+*1/*4,*1+*1/*4,*1+*1/*4,concordant
cohort2,cohort2,BWA-MEM,HG01530,HG04184,1,*10/*41,*10/*41,*10/*41,*10/*41,*10/*41,concordant
cohort2,cohort2,BWA-MEM,HG01530,HG04228,1,*1/*43,*1/*43,*1/*43,*43/*1,*1/*43,concordant
cohort2,cohort2,BWA-MEM,HG01530,HG06807,1,*2/*4C+*4C,*2/*4+*4,*2/*4+*4,*2/*4+*4,*2/*4+*4,concordant
cohort2,cohort2,BWA-MEM,HG01530,NA18522,1,*1/*106,*1/*106,*1/*106,*106/*1,*1/*106,concordant
cohort2,cohort2,BWA-MEM,HG01530,NA18565,1,*10/*36.ALDY+*10,*10/*36+*10,*10/*10+*36,*10+*36/*36,*10+*36/*36,discordant
cohort2,cohort2,BWA-MEM,HG01530,NA18747,1,*1/*36.ALDY+*10,*1/*36+*10,*1/*10+*36,*1/*10+*36,*1/*10+*36,concordant
cohort2,cohort2,BWA-MEM,HG01530,NA18952,1,*2/*2,*2/*2,*2/*2,*2/*2,*2/*2,concordant
cohort2,cohort2,BWA-MEM,HG01530,NA18974,1,*2/*5,*2/*5,*2/*5,*2/*5,*2/*5,concordant
cohort2,cohort2,BWA-MEM,HG01530,NA18976,1,*1/*36.ALDY+*10,*1/*36+*10,*1/*10+*36,*10+*36/*1,*1/*10+*36,concordant
cohort2,cohort2,BWA-MEM,HG01530,NA18983,1,*1/*1,*1/*1,*1/*1,*1/*1,*1/*1,concordant
cohort2,cohort2,BWA-MEM,HG01530,NA19043,1,*1/*1,*1/*1,*1/*1,*1/*1,*1/*1,concordant
cohort2,cohort2,BWA-MEM,HG01530,NA19087,1,*1/*5,*1/*5,*1/*5,*5/*1,*1/*5,concordant
cohort2,cohort2,BWA-MEM,HG01530,NA19776,1,*1/*36.ALDY+*10,*1/*36+*10,*1/*10+*36,*1/*10+*36,*1/*10+*36,concordant
cohort2,cohort2,BWA-MEM,HG01530,NA19909,1,*1/*4C+*4C,*1/*4+*4,*1/*4+*4,*4+*4/*1,*1/*4+*4,concordant
cohort2,cohort2,BWA-MEM,HG01530,NA20282,1,*2/*4,*2/*4,*2/*4,*2/*4,*2/*4,concordant
cohort2,cohort2,BWA-MEM,HG01530,NA20752,1,*1/*4,*1/*4,*1/*4,*1/*4,*1/*4,concordant
cohort2,cohort2,BWA-MEM,HG01530,NA20805,1,*35/*68+*4.021,*35/*68+*4,*4+*68/*35,*35/*4+*68,*4+*68/*35,concordant
cohort2,cohort2,BWA-MEM,HG01530,NA20905,1,*1/*1,*1/*1,*1/*1,*1/*1,*1/*1,concordant
cohort2,cohort2,BWA-MEM,HG01530,NA21102,1,*1/*1,*1/*1,*1/*1,*1/*1,*1/*1,concordant
cohort2,cohort2,BWA-MEM,HG01884,HG00099,1,*1/*5,*1/*5,*1/*5,*1/*5,*1/*5,concordant
cohort2,cohort2,BWA-MEM,HG01884,HG00133,1,*1/*1,*1/*1,*1/*1,*1/*1,*1/*1,concordant
cohort2,cohort2,BWA-MEM,HG01884,HG00232,1,*1+rs769258/*35,*1/*35,*1/*35,*1/*35,*1/*35,concordant
cohort2,cohort2,BWA-MEM,HG01884,HG00253,1,*1/*1,*1/*1,*1/*1,*1/*1,*1/*1,concordant
cohort2,cohort2,BWA-MEM,HG01884,HG00280,1,*2/*41,*2/*41,*2/*41,*2/*41,*2/*41,concordant
cohort2,cohort2,BWA-MEM,HG01884,HG00320,1,*2/*2+*2,*2/*2+*2,*2/*2+*2,*2+*2/*2,*2/*2+*2,concordant
cohort2,cohort2,BWA-MEM,HG01884,HG00350,1,*1/*1,*1/*1,*1/*1,*1/*1,*1/*1,concordant
cohort2,cohort2,BWA-MEM,HG01884,HG00408,1,*10/*36.ALDY+*10,*10/*36+*10,*10/*10+*36,*10+*36/*10,*10/*10+*36,concordant
cohort2,cohort2,BWA-MEM,HG01884,HG00423,1,*10/*10+*10,*10/*10+*10,*10/*10+*10,*10/*10+*10,*10/*10+*10,concordant
cohort2,cohort2,BWA-MEM,HG01884,HG00544,1,*1/*36.ALDY+*10,*1/*36+*10,*1/*10+*36,*1/*10+*36,*1/*10+*36,concordant
cohort2,cohort2,BWA-MEM,HG01884,HG00558,1,*1/*36.ALDY+*10,*1/*36+*10,*1/*10+*36,*10+*36/*1,*1/*10+*36,concordant
cohort2,cohort2,BWA-MEM,HG01884,HG00597,1,*36.ALDY+*10+*49/*36.ALDY+*39,*36+*10+*49/*36+*39,*10+*36+*49/*36+*39,*49/*10+*36+*36+*83,*10+*36+*36+*83/*49,discordant
cohort2,cohort2,BWA-MEM,HG01884,HG00609,1,*36.ALDY+*10+rs1135822/*49,*36+*10/*49,*10+*36/*49,*10+*36/*49,*10+*36/*49,concordant
cohort2,cohort2,BWA-MEM,HG01884,HG00639,1,*1/*1,*1/*1,*1/*1,*1/*1,*1/*1,concordant
cohort2,cohort2,BWA-MEM,HG01884,HG00658,1,*10+*36.ALDY+*10/*36.ALDY+*10,*10+*36+*10/*36+*10,*10+*10+*36/*10+*36,*10+*36/*10+*36+*36,*10+*36/*10+*36+*36,discordant
cohort2,cohort2,BWA-MEM,HG01884,HG01123,1,*1/*2,*1/*2,*1/*2,*2/*1,*1/*2,concordant
cohort2,cohort2,BWA-MEM,HG01884,HG01167,1,*2/*119,*2/*119,*2/*119,*41/*1,*1/*41,discordant
cohort2,cohort2,BWA-MEM,HG01884,HG01192,1,*5/*41,*5/*41,*5/*41,*41/*5,*5/*41,concordant
cohort2,cohort2,BWA-MEM,HG01884,HG01261,1,*1/*5,*1/*5,*1/*5,*1/*5,*1/*5,concordant
cohort2,cohort2,BWA-MEM,HG01884,HG01496,1,*2/*43+*43,*2/*43+*43,*2/*43+*43,*2/*43+*43,*2/*43+*43,concordant
cohort2,cohort2,BWA-MEM,HG01884,HG01530,1,*2/*10,*2/*10,*2/*10,*2/*10,*2/*10,concordant
cohort2,cohort2,BWA-MEM,HG01884,HG01784,1,*1/*68+*4.021,*1/*68+*4,*1/*4+*68,*4+*68/*1,*1/*4+*68,concordant
cohort2,cohort2,BWA-MEM,HG01884,HG01940,1,*1/*1,*1/*1,*1/*1,*1/*1,*1/*1,concordant
cohort2,cohort2,BWA-MEM,HG01884,HG01969,1,*1/*2,*1/*2,*1/*2,*1/*2,*1/*2,concordant
cohort2,cohort2,BWA-MEM,HG01884,HG01975,1,*1/*1,*1/*1,*1/*1,*1/*1,*1/*1,concordant
cohort2,cohort2,BWA-MEM,HG01884,HG02015,1,*10/*36.ALDY+*10,*10/*36+*10,*10/*10+*36,*10/*10+*36,*10/*10+*36,concordant
cohort2,cohort2,BWA-MEM,HG01884,HG02027,1,*14/*36.ALDY+*10,*14/*36+*10,*10+*36/*14,*10+*36/*14,*10+*36/*14,concordant
cohort2,cohort2,BWA-MEM,HG01884,HG02040,1,*36.ALDY+*10/*36.ALDY+*10,*36+*10/*36+*10,*10+*36/*10+*36,*10+*36/*10+*36,*10+*36/*10+*36,concordant
cohort2,cohort2,BWA-MEM,HG01884,HG02056,1,*36.ALDY+*10/*36.ALDY+*10,*36+*10/*36+*10,*10+*36/*10+*36,*10+*36/*10+*36,*10+*36/*10+*36,concordant
cohort2,cohort2,BWA-MEM,HG01884,HG02071,1,*10+*10/*63,*10+*10/*63,*10+*10/*63,*10+*36/*2,*2/*10+*36,discordant
cohort2,cohort2,BWA-MEM,HG01884,HG02074,1,*36.ALDY+*10/*36.ALDY+*10,*36+*10/*36+*10,*10+*36/*10+*36,*10+*36/*10+*36,*10+*36/*10+*36,concordant
cohort2,cohort2,BWA-MEM,HG01884,HG02083,1,*10+*36.ALDY+*10/*36.ALDY+*10,*10+*36+*10/*36+*10,*10+*10+*36/*10+*36,*10+*36+*36/*10+*36,*10+*36/*10+*36+*36,discordant
cohort2,cohort2,BWA-MEM,HG01884,HG02129,1,*1/*36.ALDY+*10,*1/*36+*10,*1/*10+*36,*1/*10+*36,*1/*10+*36,concordant
cohort2,cohort2,BWA-MEM,HG01884,HG02132,1,*36.ALDY+*10/*36.ALDY+*10,*36+*10/*36+*10,*10+*36/*10+*36,*10+*36/*10+*36,*10+*36/*10+*36,concordant
cohort2,cohort2,BWA-MEM,HG01884,HG02135,1,*36.ALDY+*10/*36.ALDY+*10,*36+*10/*36+*10,*10+*36/*10+*36,*10+*36/*10+*36,*10+*36/*10+*36,concordant
cohort2,cohort2,BWA-MEM,HG01884,HG02155,1,*10+*36.ALDY+*10/*36.ALDY+*10,*10+*36+*10/*36+*10,*10+*10+*36/*10+*36,*10+*36/*10+*36+*36,*10+*36/*10+*36+*36,discordant
cohort2,cohort2,BWA-MEM,HG01884,HG02178,1,*1+*36.ALDY/*36.ALDY+*10,*1+*36/*36+*10,*1+*36/*10+*36,*10+*36+*36/*1,*1/*10+*36+*36,discordant
cohort2,cohort2,BWA-MEM,HG01884,HG02258,1,*1/*17+*17,*1/*17+*17,*1/*17+*17,*17+*17/*1,*1/*17+*17,concordant
cohort2,cohort2,BWA-MEM,HG01884,HG02300,1,*2/*5,*2/*5,*2/*5,*2/*5,*2/*5,concordant
cohort2,cohort2,BWA-MEM,HG01884,HG02486,1,*2/*29,*2/*29,*2/*29,*2/*29,*2/*29,concordant
cohort2,cohort2,BWA-MEM,HG01884,HG02523,1,*1/*5,*1/*5,*1/*5,*5/*1,*1/*5,concordant
cohort2,cohort2,BWA-MEM,HG01884,HG02559,1,*2/*27,*2/*27,*2/*27,*27/*2,*2/*27,concordant
cohort2,cohort2,BWA-MEM,HG01884,HG02602,1,*2/*5,*2/*5,*2/*5,*2/*5,*2/*5,concordant
cohort2,cohort2,BWA-MEM,HG01884,HG02647,1,*4C+*4C/*17,*4+*4/*17,*4+*4/*17,*4+*4/*17,*4+*4/*17,concordant
cohort2,cohort2,BWA-MEM,HG01884,HG02965,1,*4C+*4C/*17,*4+*4/*17,*4+*4/*17,*17/*4+*4,*4+*4/*17,concordant
cohort2,cohort2,BWA-MEM,HG01884,HG03017,1,*1/*2,*1/*2,*1/*2,*1/*2,*1/*2,concordant
cohort2,cohort2,BWA-MEM,HG01884,HG03139,1,*2+*122+rs1135840+rs16947/*17,*2+*122/*17,*2+*122/*17,*17/*2+*2,*2+*2/*17,discordant
cohort2,cohort2,BWA-MEM,HG01884,HG03225,1,*5/*56B,*5/*56,*5/*56,*56/*5,*5/*56,concordant
cohort2,cohort2,BWA-MEM,HG01884,HG03239,1,*1/*5,*1/*5,*1/*5,*5/*1,*1/*5,concordant
cohort2,cohort2,BWA-MEM,HG01884,HG03471,1,*29/*162,*29/*162,*29/*162,*162/*29,*29/*162,concordant
cohort2,cohort2,BWA-MEM,HG01884,HG03654,1,*2/*2,*2/*2,*2/*2,*2/*2,*2/*2,concordant
cohort2,cohort2,BWA-MEM,HG01884,HG03834,1,*1+*1/*4,*1+*1/*4,*1+*1/*4,*1+*1/*4,*1+*1/*4,concordant
cohort2,cohort2,BWA-MEM,HG01884,HG04184,1,*10/*41,*10/*41,*10/*41,*10/*41,*10/*41,concordant
cohort2,cohort2,BWA-MEM,HG01884,HG04228,1,*1/*43,*1/*43,*1/*43,*43/*1,*1/*43,concordant
cohort2,cohort2,BWA-MEM,HG01884,HG06807,1,*2/*4C+*4C,*2/*4+*4,*2/*4+*4,*2/*4+*4,*2/*4+*4,concordant
cohort2,cohort2,BWA-MEM,HG01884,NA18522,1,*1/*106,*1/*106,*1/*106,*106/*1,*1/*106,concordant
cohort2,cohort2,BWA-MEM,HG01884,NA18565,1,*10/*36.ALDY+*10,*10/*36+*10,*10/*10+*36,*10+*36/*36,*10+*36/*36,discordant
cohort2,cohort2,BWA-MEM,HG01884,NA18747,1,*1/*36.ALDY+*10,*1/*36+*10,*1/*10+*36,*1/*10+*36,*1/*10+*36,concordant
cohort2,cohort2,BWA-MEM,HG01884,NA18952,1,*2/*2,*2/*2,*2/*2,*2/*2,*2/*2,concordant
cohort2,cohort2,BWA-MEM,HG01884,NA18974,1,*2/*5,*2/*5,*2/*5,*2/*5,*2/*5,concordant
cohort2,cohort2,BWA-MEM,HG01884,NA18976,1,*1/*36.ALDY+*10,*1/*36+*10,*1/*10+*36,*10+*36/*1,*1/*10+*36,concordant
cohort2,cohort2,BWA-MEM,HG01884,NA18983,1,*1/*1,*1/*1,*1/*1,*1/*1,*1/*1,concordant
cohort2,cohort2,BWA-MEM,HG01884,NA19043,1,*1/*1,*1/*1,*1/*1,*1/*1,*1/*1,concordant
cohort2,cohort2,BWA-MEM,HG01884,NA19087,1,*1/*5,*1/*5,*1/*5,*5/*1,*1/*5,concordant
cohort2,cohort2,BWA-MEM,HG01884,NA19776,1,*1/*36.ALDY+*10,*1/*36+*10,*1/*10+*36,*1/*10+*36,*1/*10+*36,concordant
cohort2,cohort2,BWA-MEM,HG01884,NA19909,1,*1/*4C+*4C,*1/*4+*4,*1/*4+*4,*4+*4/*1,*1/*4+*4,concordant
cohort2,cohort2,BWA-MEM,HG01884,NA20282,1,*2/*4,*2/*4,*2/*4,*2/*4,*2/*4,concordant
cohort2,cohort2,BWA-MEM,HG01884,NA20752,1,*1/*4,*1/*4,*1/*4,*1/*4,*1/*4,concordant
cohort2,cohort2,BWA-MEM,HG01884,NA20805,1,*35/*68+*4.021,*35/*68+*4,*4+*68/*35,*35/*4+*68,*4+*68/*35,concordant
cohort2,cohort2,BWA-MEM,HG01884,NA20905,1,*1/*1,*1/*1,*1/*1,*1/*1,*1/*1,concordant
cohort2,cohort2,BWA-MEM,HG01884,NA21102,1,*1/*1,*1/*1,*1/*1,*1/*1,*1/*1,concordant
cohort2,cohort2,BWA-MEM,HG01940,HG00099,1,*1/*5,*1/*5,*1/*5,*1/*5,*1/*5,concordant
cohort2,cohort2,BWA-MEM,HG01940,HG00133,1,*1/*1,*1/*1,*1/*1,*1/*1,*1/*1,concordant
cohort2,cohort2,BWA-MEM,HG01940,HG00232,1,*1+rs769258/*35,*1/*35,*1/*35,*1/*35,*1/*35,concordant
cohort2,cohort2,BWA-MEM,HG01940,HG00253,1,*1/*1,*1/*1,*1/*1,*1/*1,*1/*1,concordant
cohort2,cohort2,BWA-MEM,HG01940,HG00280,1,*2/*41,*2/*41,*2/*41,*2/*41,*2/*41,concordant
cohort2,cohort2,BWA-MEM,HG01940,HG00320,1,*2/*2+*2,*2/*2+*2,*2/*2+*2,*2+*2/*2,*2/*2+*2,concordant
cohort2,cohort2,BWA-MEM,HG01940,HG00350,1,*1/*1,*1/*1,*1/*1,*1/*1,*1/*1,concordant
cohort2,cohort2,BWA-MEM,HG01940,HG00408,1,*10/*36.ALDY+*10,*10/*36+*10,*10/*10+*36,*10+*36/*10,*10/*10+*36,concordant
cohort2,cohort2,BWA-MEM,HG01940,HG00423,1,*10/*10+*10,*10/*10+*10,*10/*10+*10,*10/*10+*10,*10/*10+*10,concordant
cohort2,cohort2,BWA-MEM,HG01940,HG00544,1,*1/*36.ALDY+*10,*1/*36+*10,*1/*10+*36,*1/*10+*36,*1/*10+*36,concordant
cohort2,cohort2,BWA-MEM,HG01940,HG00558,1,*1/*36.ALDY+*10,*1/*36+*10,*1/*10+*36,*10+*36/*1,*1/*10+*36,concordant
cohort2,cohort2,BWA-MEM,HG01940,HG00597,1,*36.ALDY+*10+*49/*36.ALDY+*39,*36+*10+*49/*36+*39,*10+*36+*49/*36+*39,*49/*10+*36+*36+*83,*10+*36+*36+*83/*49,discordant
cohort2,cohort2,BWA-MEM,HG01940,HG00609,1,*36.ALDY+*10+rs1135822/*49,*36+*10/*49,*10+*36/*49,*10+*36/*49,*10+*36/*49,concordant
cohort2,cohort2,BWA-MEM,HG01940,HG00639,1,*1/*1,*1/*1,*1/*1,*1/*1,*1/*1,concordant
cohort2,cohort2,BWA-MEM,HG01940,HG00658,1,*10+*36.ALDY+*10/*36.ALDY+*10,*10+*36+*10/*36+*10,*10+*10+*36/*10+*36,*10+*36/*10+*36+*36,*10+*36/*10+*36+*36,discordant
cohort2,cohort2,BWA-MEM,HG01940,HG01123,1,*1/*2,*1/*2,*1/*2,*2/*1,*1/*2,concordant
cohort2,cohort2,BWA-MEM,HG01940,HG01167,1,*2/*119,*2/*119,*2/*119,*41/*1,*1/*41,discordant
cohort2,cohort2,BWA-MEM,HG01940,HG01192,1,*5/*41,*5/*41,*5/*41,*41/*5,*5/*41,concordant
cohort2,cohort2,BWA-MEM,HG01940,HG01261,1,*1/*5,*1/*5,*1/*5,*1/*5,*1/*5,concordant
cohort2,cohort2,BWA-MEM,HG01940,HG01496,1,*2/*43+*43,*2/*43+*43,*2/*43+*43,*2/*43+*43,*2/*43+*43,concordant
cohort2,cohort2,BWA-MEM,HG01940,HG01530,1,*2/*10,*2/*10,*2/*10,*2/*10,*2/*10,concordant
cohort2,cohort2,BWA-MEM,HG01940,HG01784,1,*1/*68+*4.021,*1/*68+*4,*1/*4+*68,*4+*68/*1,*1/*4+*68,concordant
cohort2,cohort2,BWA-MEM,HG01940,HG01884,1,*1/*2,*1/*2,*1/*2,*1/*2,*1/*2,concordant
cohort2,cohort2,BWA-MEM,HG01940,HG01969,1,*1/*2,*1/*2,*1/*2,*1/*2,*1/*2,concordant
cohort2,cohort2,BWA-MEM,HG01940,HG01975,1,*1/*1,*1/*1,*1/*1,*1/*1,*1/*1,concordant
cohort2,cohort2,BWA-MEM,HG01940,HG02015,1,*10/*36.ALDY+*10,*10/*36+*10,*10/*10+*36,*10/*10+*36,*10/*10+*36,concordant
cohort2,cohort2,BWA-MEM,HG01940,HG02027,1,*14/*36.ALDY+*10,*14/*36+*10,*10+*36/*14,*10+*36/*14,*10+*36/*14,concordant
cohort2,cohort2,BWA-MEM,HG01940,HG02040,1,*36.ALDY+*10/*36.ALDY+*10,*36+*10/*36+*10,*10+*36/*10+*36,*10+*36/*10+*36,*10+*36/*10+*36,concordant
cohort2,cohort2,BWA-MEM,HG01940,HG02056,1,*36.ALDY+*10/*36.ALDY+*10,*36+*10/*36+*10,*10+*36/*10+*36,*10+*36/*10+*36,*10+*36/*10+*36,concordant
cohort2,cohort2,BWA-MEM,HG01940,HG02071,1,*10+*10/*63,*10+*10/*63,*10+*10/*63,*10+*36/*2,*2/*10+*36,discordant
cohort2,cohort2,BWA-MEM,HG01940,HG02074,1,*36.ALDY+*10/*36.ALDY+*10,*36+*10/*36+*10,*10+*36/*10+*36,*10+*36/*10+*36,*10+*36/*10+*36,concordant
cohort2,cohort2,BWA-MEM,HG01940,HG02083,1,*10+*36.ALDY+*10/*36.ALDY+*10,*10+*36+*10/*36+*10,*10+*10+*36/*10+*36,*10+*36+*36/*10+*36,*10+*36/*10+*36+*36,discordant
cohort2,cohort2,BWA-MEM,HG01940,HG02129,1,*1/*36.ALDY+*10,*1/*36+*10,*1/*10+*36,*1/*10+*36,*1/*10+*36,concordant
cohort2,cohort2,BWA-MEM,HG01940,HG02132,1,*36.ALDY+*10/*36.ALDY+*10,*36+*10/*36+*10,*10+*36/*10+*36,*10+*36/*10+*36,*10+*36/*10+*36,concordant
cohort2,cohort2,BWA-MEM,HG01940,HG02135,1,*36.ALDY+*10/*36.ALDY+*10,*36+*10/*36+*10,*10+*36/*10+*36,*10+*36/*10+*36,*10+*36/*10+*36,concordant
cohort2,cohort2,BWA-MEM,HG01940,HG02155,1,*10+*36.ALDY+*10/*36.ALDY+*10,*10+*36+*10/*36+*10,*10+*10+*36/*10+*36,*10+*36/*10+*36+*36,*10+*36/*10+*36+*36,discordant
cohort2,cohort2,BWA-MEM,HG01940,HG02178,1,*1+*36.ALDY/*36.ALDY+*10,*1+*36/*36+*10,*1+*36/*10+*36,*10+*36+*36/*1,*1/*10+*36+*36,discordant
cohort2,cohort2,BWA-MEM,HG01940,HG02258,1,*1/*17+*17,*1/*17+*17,*1/*17+*17,*17+*17/*1,*1/*17+*17,concordant
cohort2,cohort2,BWA-MEM,HG01940,HG02300,1,*2/*5,*2/*5,*2/*5,*2/*5,*2/*5,concordant
cohort2,cohort2,BWA-MEM,HG01940,HG02486,1,*2/*29,*2/*29,*2/*29,*2/*29,*2/*29,concordant
cohort2,cohort2,BWA-MEM,HG01940,HG02523,1,*1/*5,*1/*5,*1/*5,*5/*1,*1/*5,concordant
cohort2,cohort2,BWA-MEM,HG01940,HG02559,1,*2/*27,*2/*27,*2/*27,*27/*2,*2/*27,concordant
cohort2,cohort2,BWA-MEM,HG01940,HG02602,1,*2/*5,*2/*5,*2/*5,*2/*5,*2/*5,concordant
cohort2,cohort2,BWA-MEM,HG01940,HG02647,1,*4C+*4C/*17,*4+*4/*17,*4+*4/*17,*4+*4/*17,*4+*4/*17,concordant
cohort2,cohort2,BWA-MEM,HG01940,HG02965,1,*4C+*4C/*17,*4+*4/*17,*4+*4/*17,*17/*4+*4,*4+*4/*17,concordant
cohort2,cohort2,BWA-MEM,HG01940,HG03017,1,*1/*2,*1/*2,*1/*2,*1/*2,*1/*2,concordant
cohort2,cohort2,BWA-MEM,HG01940,HG03139,1,*2+*122+rs1135840+rs16947/*17,*2+*122/*17,*2+*122/*17,*17/*2+*2,*2+*2/*17,discordant
cohort2,cohort2,BWA-MEM,HG01940,HG03225,1,*5/*56B,*5/*56,*5/*56,*56/*5,*5/*56,concordant
cohort2,cohort2,BWA-MEM,HG01940,HG03239,1,*1/*5,*1/*5,*1/*5,*5/*1,*1/*5,concordant
cohort2,cohort2,BWA-MEM,HG01940,HG03471,1,*29/*162,*29/*162,*29/*162,*162/*29,*29/*162,concordant
cohort2,cohort2,BWA-MEM,HG01940,HG03654,1,*2/*2,*2/*2,*2/*2,*2/*2,*2/*2,concordant
cohort2,cohort2,BWA-MEM,HG01940,HG03834,1,*1+*1/*4,*1+*1/*4,*1+*1/*4,*1+*1/*4,*1+*1/*4,concordant
cohort2,cohort2,BWA-MEM,HG01940,HG04184,1,*10/*41,*10/*41,*10/*41,*10/*41,*10/*41,concordant
cohort2,cohort2,BWA-MEM,HG01940,HG04228,1,*1/*43,*1/*43,*1/*43,*43/*1,*1/*43,concordant
cohort2,cohort2,BWA-MEM,HG01940,HG06807,1,*2/*4C+*4C,*2/*4+*4,*2/*4+*4,*2/*4+*4,*2/*4+*4,concordant
cohort2,cohort2,BWA-MEM,HG01940,NA18522,1,*1/*106,*1/*106,*1/*106,*106/*1,*1/*106,concordant
cohort2,cohort2,BWA-MEM,HG01940,NA18565,1,*10/*36.ALDY+*10,*10/*36+*10,*10/*10+*36,*10+*36/*36,*10+*36/*36,discordant
cohort2,cohort2,BWA-MEM,HG01940,NA18747,1,*1/*36.ALDY+*10,*1/*36+*10,*1/*10+*36,*1/*10+*36,*1/*10+*36,concordant
cohort2,cohort2,BWA-MEM,HG01940,NA18952,1,*2/*2,*2/*2,*2/*2,*2/*2,*2/*2,concordant
cohort2,cohort2,BWA-MEM,HG01940,NA18974,1,*2/*5,*2/*5,*2/*5,*2/*5,*2/*5,concordant
cohort2,cohort2,BWA-MEM,HG01940,NA18976,1,*1/*36.ALDY+*10,*1/*36+*10,*1/*10+*36,*10+*36/*1,*1/*10+*36,concordant
cohort2,cohort2,BWA-MEM,HG01940,NA18983,1,*1/*1,*1/*1,*1/*1,*1/*1,*1/*1,concordant
cohort2,cohort2,BWA-MEM,HG01940,NA19043,1,*1/*1,*1/*1,*1/*1,*1/*1,*1/*1,concordant
cohort2,cohort2,BWA-MEM,HG01940,NA19087,1,*1/*5,*1/*5,*1/*5,*5/*1,*1/*5,concordant
cohort2,cohort2,BWA-MEM,HG01940,NA19776,1,*1/*36.ALDY+*10,*1/*36+*10,*1/*10+*36,*1/*10+*36,*1/*10+*36,concordant
cohort2,cohort2,BWA-MEM,HG01940,NA19909,1,*1/*4C+*4C,*1/*4+*4,*1/*4+*4,*4+*4/*1,*1/*4+*4,concordant
cohort2,cohort2,BWA-MEM,HG01940,NA20282,1,*2/*4,*2/*4,*2/*4,*2/*4,*2/*4,concordant
cohort2,cohort2,BWA-MEM,HG01940,NA20752,1,*1/*4,*1/*4,*1/*4,*1/*4,*1/*4,concordant
cohort2,cohort2,BWA-MEM,HG01940,NA20805,1,*35/*68+*4.021,*35/*68+*4,*4+*68/*35,*35/*4+*68,*4+*68/*35,concordant
cohort2,cohort2,BWA-MEM,HG01940,NA20905,1,*1/*1,*1/*1,*1/*1,*1/*1,*1/*1,concordant
cohort2,cohort2,BWA-MEM,HG01940,NA21102,1,*1/*1,*1/*1,*1/*1,*1/*1,*1/*1,concordant
cohort2,cohort2,BWA-MEM,HG01969,HG00099,1,*1/*5,*1/*5,*1/*5,*1/*5,*1/*5,concordant
cohort2,cohort2,BWA-MEM,HG01969,HG00133,1,*1/*1,*1/*1,*1/*1,*1/*1,*1/*1,concordant
cohort2,cohort2,BWA-MEM,HG01969,HG00232,1,*1+rs769258/*35,*1/*35,*1/*35,*1/*35,*1/*35,concordant
cohort2,cohort2,BWA-MEM,HG01969,HG00253,1,*1/*1,*1/*1,*1/*1,*1/*1,*1/*1,concordant
cohort2,cohort2,BWA-MEM,HG01969,HG00280,1,*2/*41,*2/*41,*2/*41,*2/*41,*2/*41,concordant
cohort2,cohort2,BWA-MEM,HG01969,HG00320,1,*2/*2+*2,*2/*2+*2,*2/*2+*2,*2+*2/*2,*2/*2+*2,concordant
cohort2,cohort2,BWA-MEM,HG01969,HG00350,1,*1/*1,*1/*1,*1/*1,*1/*1,*1/*1,concordant
cohort2,cohort2,BWA-MEM,HG01969,HG00408,1,*10/*36.ALDY+*10,*10/*36+*10,*10/*10+*36,*10+*36/*10,*10/*10+*36,concordant
cohort2,cohort2,BWA-MEM,HG01969,HG00423,1,*10/*10+*10,*10/*10+*10,*10/*10+*10,*10/*10+*10,*10/*10+*10,concordant
cohort2,cohort2,BWA-MEM,HG01969,HG00544,1,*1/*36.ALDY+*10,*1/*36+*10,*1/*10+*36,*1/*10+*36,*1/*10+*36,concordant
cohort2,cohort2,BWA-MEM,HG01969,HG00558,1,*1/*36.ALDY+*10,*1/*36+*10,*1/*10+*36,*10+*36/*1,*1/*10+*36,concordant
cohort2,cohort2,BWA-MEM,HG01969,HG00597,1,*36.ALDY+*10+*49/*36.ALDY+*39,*36+*10+*49/*36+*39,*10+*36+*49/*36+*39,*49/*10+*36+*36+*83,*10+*36+*36+*83/*49,discordant
cohort2,cohort2,BWA-MEM,HG01969,HG00609,1,*36.ALDY+*10+rs1135822/*49,*36+*10/*49,*10+*36/*49,*10+*36/*49,*10+*36/*49,concordant
cohort2,cohort2,BWA-MEM,HG01969,HG00639,1,*1/*1,*1/*1,*1/*1,*1/*1,*1/*1,concordant
cohort2,cohort2,BWA-MEM,HG01969,HG00658,1,*10+*36.ALDY+*10/*36.ALDY+*10,*10+*36+*10/*36+*10,*10+*10+*36/*10+*36,*10+*36/*10+*36+*36,*10+*36/*10+*36+*36,discordant
cohort2,cohort2,BWA-MEM,HG01969,HG01123,1,*1/*2,*1/*2,*1/*2,*2/*1,*1/*2,concordant
cohort2,cohort2,BWA-MEM,HG01969,HG01167,1,*2/*119,*2/*119,*2/*119,*41/*1,*1/*41,discordant
cohort2,cohort2,BWA-MEM,HG01969,HG01192,1,*5/*41,*5/*41,*5/*41,*41/*5,*5/*41,concordant
cohort2,cohort2,BWA-MEM,HG01969,HG01261,1,*1/*5,*1/*5,*1/*5,*1/*5,*1/*5,concordant
cohort2,cohort2,BWA-MEM,HG01969,HG01496,1,*2/*43+*43,*2/*43+*43,*2/*43+*43,*2/*43+*43,*2/*43+*43,concordant
cohort2,cohort2,BWA-MEM,HG01969,HG01530,1,*2/*10,*2/*10,*2/*10,*2/*10,*2/*10,concordant
cohort2,cohort2,BWA-MEM,HG01969,HG01784,1,*1/*68+*4.021,*1/*68+*4,*1/*4+*68,*4+*68/*1,*1/*4+*68,concordant
cohort2,cohort2,BWA-MEM,HG01969,HG01884,1,*1/*2,*1/*2,*1/*2,*1/*2,*1/*2,concordant
cohort2,cohort2,BWA-MEM,HG01969,HG01940,1,*1/*1,*1/*1,*1/*1,*1/*1,*1/*1,concordant
cohort2,cohort2,BWA-MEM,HG01969,HG01975,1,*1/*1,*1/*1,*1/*1,*1/*1,*1/*1,concordant
cohort2,cohort2,BWA-MEM,HG01969,HG02015,1,*10/*36.ALDY+*10,*10/*36+*10,*10/*10+*36,*10/*10+*36,*10/*10+*36,concordant
cohort2,cohort2,BWA-MEM,HG01969,HG02027,1,*14/*36.ALDY+*10,*14/*36+*10,*10+*36/*14,*10+*36/*14,*10+*36/*14,concordant
cohort2,cohort2,BWA-MEM,HG01969,HG02040,1,*36.ALDY+*10/*36.ALDY+*10,*36+*10/*36+*10,*10+*36/*10+*36,*10+*36/*10+*36,*10+*36/*10+*36,concordant
cohort2,cohort2,BWA-MEM,HG01969,HG02056,1,*36.ALDY+*10/*36.ALDY+*10,*36+*10/*36+*10,*10+*36/*10+*36,*10+*36/*10+*36,*10+*36/*10+*36,concordant
cohort2,cohort2,BWA-MEM,HG01969,HG02071,1,*10+*10/*63,*10+*10/*63,*10+*10/*63,*10+*36/*2,*2/*10+*36,discordant
cohort2,cohort2,BWA-MEM,HG01969,HG02074,1,*36.ALDY+*10/*36.ALDY+*10,*36+*10/*36+*10,*10+*36/*10+*36,*10+*36/*10+*36,*10+*36/*10+*36,concordant
cohort2,cohort2,BWA-MEM,HG01969,HG02083,1,*10+*36.ALDY+*10/*36.ALDY+*10,*10+*36+*10/*36+*10,*10+*10+*36/*10+*36,*10+*36+*36/*10+*36,*10+*36/*10+*36+*36,discordant
cohort2,cohort2,BWA-MEM,HG01969,HG02129,1,*1/*36.ALDY+*10,*1/*36+*10,*1/*10+*36,*1/*10+*36,*1/*10+*36,concordant
cohort2,cohort2,BWA-MEM,HG01969,HG02132,1,*36.ALDY+*10/*36.ALDY+*10,*36+*10/*36+*10,*10+*36/*10+*36,*10+*36/*10+*36,*10+*36/*10+*36,concordant
cohort2,cohort2,BWA-MEM,HG01969,HG02135,1,*36.ALDY+*10/*36.ALDY+*10,*36+*10/*36+*10,*10+*36/*10+*36,*10+*36/*10+*36,*10+*36/*10+*36,concordant
cohort2,cohort2,BWA-MEM,HG01969,HG02155,1,*10+*36.ALDY+*10/*36.ALDY+*10,*10+*36+*10/*36+*10,*10+*10+*36/*10+*36,*10+*36/*10+*36+*36,*10+*36/*10+*36+*36,discordant
cohort2,cohort2,BWA-MEM,HG01969,HG02178,1,*1+*36.ALDY/*36.ALDY+*10,*1+*36/*36+*10,*1+*36/*10+*36,*10+*36+*36/*1,*1/*10+*36+*36,discordant
cohort2,cohort2,BWA-MEM,HG01969,HG02258,1,*1/*17+*17,*1/*17+*17,*1/*17+*17,*17+*17/*1,*1/*17+*17,concordant
cohort2,cohort2,BWA-MEM,HG01969,HG02300,1,*2/*5,*2/*5,*2/*5,*2/*5,*2/*5,concordant
cohort2,cohort2,BWA-MEM,HG01969,HG02486,1,*2/*29,*2/*29,*2/*29,*2/*29,*2/*29,concordant
cohort2,cohort2,BWA-MEM,HG01969,HG02523,1,*1/*5,*1/*5,*1/*5,*5/*1,*1/*5,concordant
cohort2,cohort2,BWA-MEM,HG01969,HG02559,1,*2/*27,*2/*27,*2/*27,*27/*2,*2/*27,concordant
cohort2,cohort2,BWA-MEM,HG01969,HG02602,1,*2/*5,*2/*5,*2/*5,*2/*5,*2/*5,concordant
cohort2,cohort2,BWA-MEM,HG01969,HG02647,1,*4C+*4C/*17,*4+*4/*17,*4+*4/*17,*4+*4/*17,*4+*4/*17,concordant
cohort2,cohort2,BWA-MEM,HG01969,HG02965,1,*4C+*4C/*17,*4+*4/*17,*4+*4/*17,*17/*4+*4,*4+*4/*17,concordant
cohort2,cohort2,BWA-MEM,HG01969,HG03017,1,*1/*2,*1/*2,*1/*2,*1/*2,*1/*2,concordant
cohort2,cohort2,BWA-MEM,HG01969,HG03139,1,*2+*122+rs1135840+rs16947/*17,*2+*122/*17,*2+*122/*17,*17/*2+*2,*2+*2/*17,discordant
cohort2,cohort2,BWA-MEM,HG01969,HG03225,1,*5/*56B,*5/*56,*5/*56,*56/*5,*5/*56,concordant
cohort2,cohort2,BWA-MEM,HG01969,HG03239,1,*1/*5,*1/*5,*1/*5,*5/*1,*1/*5,concordant
cohort2,cohort2,BWA-MEM,HG01969,HG03471,1,*29/*162,*29/*162,*29/*162,*162/*29,*29/*162,concordant
cohort2,cohort2,BWA-MEM,HG01969,HG03654,1,*2/*2,*2/*2,*2/*2,*2/*2,*2/*2,concordant
cohort2,cohort2,BWA-MEM,HG01969,HG03834,1,*1+*1/*4,*1+*1/*4,*1+*1/*4,*1+*1/*4,*1+*1/*4,concordant
cohort2,cohort2,BWA-MEM,HG01969,HG04184,1,*10/*41,*10/*41,*10/*41,*10/*41,*10/*41,concordant
cohort2,cohort2,BWA-MEM,HG01969,HG04228,1,*1/*43,*1/*43,*1/*43,*43/*1,*1/*43,concordant
cohort2,cohort2,BWA-MEM,HG01969,HG06807,1,*2/*4C+*4C,*2/*4+*4,*2/*4+*4,*2/*4+*4,*2/*4+*4,concordant
cohort2,cohort2,BWA-MEM,HG01969,NA18522,1,*1/*106,*1/*106,*1/*106,*106/*1,*1/*106,concordant
cohort2,cohort2,BWA-MEM,HG01969,NA18565,1,*10/*36.ALDY+*10,*10/*36+*10,*10/*10+*36,*10+*36/*36,*10+*36/*36,discordant
cohort2,cohort2,BWA-MEM,HG01969,NA18747,1,*1/*36.ALDY+*10,*1/*36+*10,*1/*10+*36,*1/*10+*36,*1/*10+*36,concordant
cohort2,cohort2,BWA-MEM,HG01969,NA18952,1,*2/*2,*2/*2,*2/*2,*2/*2,*2/*2,concordant
cohort2,cohort2,BWA-MEM,HG01969,NA18974,1,*2/*5,*2/*5,*2/*5,*2/*5,*2/*5,concordant
cohort2,cohort2,BWA-MEM,HG01969,NA18976,1,*1/*36.ALDY+*10,*1/*36+*10,*1/*10+*36,*10+*36/*1,*1/*10+*36,concordant
cohort2,cohort2,BWA-MEM,HG01969,NA18983,1,*1/*1,*1/*1,*1/*1,*1/*1,*1/*1,concordant
cohort2,cohort2,BWA-MEM,HG01969,NA19043,1,*1/*1,*1/*1,*1/*1,*1/*1,*1/*1,concordant
cohort2,cohort2,BWA-MEM,HG01969,NA19087,1,*1/*5,*1/*5,*1/*5,*5/*1,*1/*5,concordant
cohort2,cohort2,BWA-MEM,HG01969,NA19776,1,*1/*36.ALDY+*10,*1/*36+*10,*1/*10+*36,*1/*10+*36,*1/*10+*36,concordant
cohort2,cohort2,BWA-MEM,HG01969,NA19909,1,*1/*4C+*4C,*1/*4+*4,*1/*4+*4,*4+*4/*1,*1/*4+*4,concordant
cohort2,cohort2,BWA-MEM,HG01969,NA20282,1,*2/*4,*2/*4,*2/*4,*2/*4,*2/*4,concordant
cohort2,cohort2,BWA-MEM,HG01969,NA20752,1,*1/*4,*1/*4,*1/*4,*1/*4,*1/*4,concordant
cohort2,cohort2,BWA-MEM,HG01969,NA20805,1,*35/*68+*4.021,*35/*68+*4,*4+*68/*35,*35/*4+*68,*4+*68/*35,concordant
cohort2,cohort2,BWA-MEM,HG01969,NA20905,1,*1/*1,*1/*1,*1/*1,*1/*1,*1/*1,concordant
cohort2,cohort2,BWA-MEM,HG01969,NA21102,1,*1/*1,*1/*1,*1/*1,*1/*1,*1/*1,concordant
cohort2,cohort2,BWA-MEM,HG01975,HG00099,1,*1/*5,*1/*5,*1/*5,*1/*5,*1/*5,concordant
cohort2,cohort2,BWA-MEM,HG01975,HG00133,1,*1/*1,*1/*1,*1/*1,*1/*1,*1/*1,concordant
cohort2,cohort2,BWA-MEM,HG01975,HG00232,1,*1+rs769258/*35,*1/*35,*1/*35,*1/*35,*1/*35,concordant
cohort2,cohort2,BWA-MEM,HG01975,HG00253,1,*1/*1,*1/*1,*1/*1,*1/*1,*1/*1,concordant
cohort2,cohort2,BWA-MEM,HG01975,HG00280,1,*2/*41,*2/*41,*2/*41,*2/*41,*2/*41,concordant
cohort2,cohort2,BWA-MEM,HG01975,HG00320,1,*2/*2+*2,*2/*2+*2,*2/*2+*2,*2+*2/*2,*2/*2+*2,concordant
cohort2,cohort2,BWA-MEM,HG01975,HG00350,1,*1/*1,*1/*1,*1/*1,*1/*1,*1/*1,concordant
cohort2,cohort2,BWA-MEM,HG01975,HG00408,1,*10/*36.ALDY+*10,*10/*36+*10,*10/*10+*36,*10+*36/*10,*10/*10+*36,concordant
cohort2,cohort2,BWA-MEM,HG01975,HG00423,1,*10/*10+*10,*10/*10+*10,*10/*10+*10,*10/*10+*10,*10/*10+*10,concordant
cohort2,cohort2,BWA-MEM,HG01975,HG00544,1,*1/*36.ALDY+*10,*1/*36+*10,*1/*10+*36,*1/*10+*36,*1/*10+*36,concordant
cohort2,cohort2,BWA-MEM,HG01975,HG00558,1,*1/*36.ALDY+*10,*1/*36+*10,*1/*10+*36,*10+*36/*1,*1/*10+*36,concordant
cohort2,cohort2,BWA-MEM,HG01975,HG00597,1,*36.ALDY+*10+*49/*36.ALDY+*39,*36+*10+*49/*36+*39,*10+*36+*49/*36+*39,*49/*10+*36+*36+*83,*10+*36+*36+*83/*49,discordant
cohort2,cohort2,BWA-MEM,HG01975,HG00609,1,*36.ALDY+*10+rs1135822/*49,*36+*10/*49,*10+*36/*49,*10+*36/*49,*10+*36/*49,concordant
cohort2,cohort2,BWA-MEM,HG01975,HG00639,1,*1/*1,*1/*1,*1/*1,*1/*1,*1/*1,concordant
cohort2,cohort2,BWA-MEM,HG01975,HG00658,1,*10+*36.ALDY+*10/*36.ALDY+*10,*10+*36+*10/*36+*10,*10+*10+*36/*10+*36,*10+*36/*10+*36+*36,*10+*36/*10+*36+*36,discordant
cohort2,cohort2,BWA-MEM,HG01975,HG01123,1,*1/*2,*1/*2,*1/*2,*2/*1,*1/*2,concordant
cohort2,cohort2,BWA-MEM,HG01975,HG01167,1,*2/*119,*2/*119,*2/*119,*41/*1,*1/*41,discordant
cohort2,cohort2,BWA-MEM,HG01975,HG01192,1,*5/*41,*5/*41,*5/*41,*41/*5,*5/*41,concordant
cohort2,cohort2,BWA-MEM,HG01975,HG01261,1,*1/*5,*1/*5,*1/*5,*1/*5,*1/*5,concordant
cohort2,cohort2,BWA-MEM,HG01975,HG01496,1,*2/*43+*43,*2/*43+*43,*2/*43+*43,*2/*43+*43,*2/*43+*43,concordant
cohort2,cohort2,BWA-MEM,HG01975,HG01530,1,*2/*10,*2/*10,*2/*10,*2/*10,*2/*10,concordant
cohort2,cohort2,BWA-MEM,HG01975,HG01784,1,*1/*68+*4.021,*1/*68+*4,*1/*4+*68,*4+*68/*1,*1/*4+*68,concordant
cohort2,cohort2,BWA-MEM,HG01975,HG01884,1,*1/*2,*1/*2,*1/*2,*1/*2,*1/*2,concordant
cohort2,cohort2,BWA-MEM,HG01975,HG01940,1,*1/*1,*1/*1,*1/*1,*1/*1,*1/*1,concordant
cohort2,cohort2,BWA-MEM,HG01975,HG01969,1,*1/*2,*1/*2,*1/*2,*1/*2,*1/*2,concordant
cohort2,cohort2,BWA-MEM,HG01975,HG02015,1,*10/*36.ALDY+*10,*10/*36+*10,*10/*10+*36,*10/*10+*36,*10/*10+*36,concordant
cohort2,cohort2,BWA-MEM,HG01975,HG02027,1,*14/*36.ALDY+*10,*14/*36+*10,*10+*36/*14,*10+*36/*14,*10+*36/*14,concordant
cohort2,cohort2,BWA-MEM,HG01975,HG02040,1,*36.ALDY+*10/*36.ALDY+*10,*36+*10/*36+*10,*10+*36/*10+*36,*10+*36/*10+*36,*10+*36/*10+*36,concordant
cohort2,cohort2,BWA-MEM,HG01975,HG02056,1,*36.ALDY+*10/*36.ALDY+*10,*36+*10/*36+*10,*10+*36/*10+*36,*10+*36/*10+*36,*10+*36/*10+*36,concordant
cohort2,cohort2,BWA-MEM,HG01975,HG02071,1,*10+*10/*63,*10+*10/*63,*10+*10/*63,*10+*36/*2,*2/*10+*36,discordant
cohort2,cohort2,BWA-MEM,HG01975,HG02074,1,*36.ALDY+*10/*36.ALDY+*10,*36+*10/*36+*10,*10+*36/*10+*36,*10+*36/*10+*36,*10+*36/*10+*36,concordant
cohort2,cohort2,BWA-MEM,HG01975,HG02083,1,*10+*36.ALDY+*10/*36.ALDY+*10,*10+*36+*10/*36+*10,*10+*10+*36/*10+*36,*10+*36+*36/*10+*36,*10+*36/*10+*36+*36,discordant
cohort2,cohort2,BWA-MEM,HG01975,HG02129,1,*1/*36.ALDY+*10,*1/*36+*10,*1/*10+*36,*1/*10+*36,*1/*10+*36,concordant
cohort2,cohort2,BWA-MEM,HG01975,HG02132,1,*36.ALDY+*10/*36.ALDY+*10,*36+*10/*36+*10,*10+*36/*10+*36,*10+*36/*10+*36,*10+*36/*10+*36,concordant
cohort2,cohort2,BWA-MEM,HG01975,HG02135,1,*36.ALDY+*10/*36.ALDY+*10,*36+*10/*36+*10,*10+*36/*10+*36,*10+*36/*10+*36,*10+*36/*10+*36,concordant
cohort2,cohort2,BWA-MEM,HG01975,HG02155,1,*10+*36.ALDY+*10/*36.ALDY+*10,*10+*36+*10/*36+*10,*10+*10+*36/*10+*36,*10+*36/*10+*36+*36,*10+*36/*10+*36+*36,discordant
cohort2,cohort2,BWA-MEM,HG01975,HG02178,1,*1+*36.ALDY/*36.ALDY+*10,*1+*36/*36+*10,*1+*36/*10+*36,*10+*36+*36/*1,*1/*10+*36+*36,discordant
cohort2,cohort2,BWA-MEM,HG01975,HG02258,1,*1/*17+*17,*1/*17+*17,*1/*17+*17,*17+*17/*1,*1/*17+*17,concordant
cohort2,cohort2,BWA-MEM,HG01975,HG02300,1,*2/*5,*2/*5,*2/*5,*2/*5,*2/*5,concordant
cohort2,cohort2,BWA-MEM,HG01975,HG02486,1,*2/*29,*2/*29,*2/*29,*2/*29,*2/*29,concordant
cohort2,cohort2,BWA-MEM,HG01975,HG02523,1,*1/*5,*1/*5,*1/*5,*5/*1,*1/*5,concordant
cohort2,cohort2,BWA-MEM,HG01975,HG02559,1,*2/*27,*2/*27,*2/*27,*27/*2,*2/*27,concordant
cohort2,cohort2,BWA-MEM,HG01975,HG02602,1,*2/*5,*2/*5,*2/*5,*2/*5,*2/*5,concordant
cohort2,cohort2,BWA-MEM,HG01975,HG02647,1,*4C+*4C/*17,*4+*4/*17,*4+*4/*17,*4+*4/*17,*4+*4/*17,concordant
cohort2,cohort2,BWA-MEM,HG01975,HG02965,1,*4C+*4C/*17,*4+*4/*17,*4+*4/*17,*17/*4+*4,*4+*4/*17,concordant
cohort2,cohort2,BWA-MEM,HG01975,HG03017,1,*1/*2,*1/*2,*1/*2,*1/*2,*1/*2,concordant
cohort2,cohort2,BWA-MEM,HG01975,HG03139,1,*2+*122+rs1135840+rs16947/*17,*2+*122/*17,*2+*122/*17,*17/*2+*2,*2+*2/*17,discordant
cohort2,cohort2,BWA-MEM,HG01975,HG03225,1,*5/*56B,*5/*56,*5/*56,*56/*5,*5/*56,concordant
cohort2,cohort2,BWA-MEM,HG01975,HG03239,1,*1/*5,*1/*5,*1/*5,*5/*1,*1/*5,concordant
cohort2,cohort2,BWA-MEM,HG01975,HG03471,1,*29/*162,*29/*162,*29/*162,*162/*29,*29/*162,concordant
cohort2,cohort2,BWA-MEM,HG01975,HG03654,1,*2/*2,*2/*2,*2/*2,*2/*2,*2/*2,concordant
cohort2,cohort2,BWA-MEM,HG01975,HG03834,1,*1+*1/*4,*1+*1/*4,*1+*1/*4,*1+*1/*4,*1+*1/*4,concordant
cohort2,cohort2,BWA-MEM,HG01975,HG04184,1,*10/*41,*10/*41,*10/*41,*10/*41,*10/*41,concordant
cohort2,cohort2,BWA-MEM,HG01975,HG04228,1,*1/*43,*1/*43,*1/*43,*43/*1,*1/*43,concordant
cohort2,cohort2,BWA-MEM,HG01975,HG06807,1,*2/*4C+*4C,*2/*4+*4,*2/*4+*4,*2/*4+*4,*2/*4+*4,concordant
cohort2,cohort2,BWA-MEM,HG01975,NA18522,1,*1/*106,*1/*106,*1/*106,*106/*1,*1/*106,concordant
cohort2,cohort2,BWA-MEM,HG01975,NA18565,1,*10/*36.ALDY+*10,*10/*36+*10,*10/*10+*36,*10+*36/*36,*10+*36/*36,discordant
cohort2,cohort2,BWA-MEM,HG01975,NA18747,1,*1/*36.ALDY+*10,*1/*36+*10,*1/*10+*36,*1/*10+*36,*1/*10+*36,concordant
cohort2,cohort2,BWA-MEM,HG01975,NA18952,1,*2/*2,*2/*2,*2/*2,*2/*2,*2/*2,concordant
cohort2,cohort2,BWA-MEM,HG01975,NA18974,1,*2/*5,*2/*5,*2/*5,*2/*5,*2/*5,concordant
cohort2,cohort2,BWA-MEM,HG01975,NA18976,1,*1/*36.ALDY+*10,*1/*36+*10,*1/*10+*36,*10+*36/*1,*1/*10+*36,concordant
cohort2,cohort2,BWA-MEM,HG01975,NA18983,1,*1/*1,*1/*1,*1/*1,*1/*1,*1/*1,concordant
cohort2,cohort2,BWA-MEM,HG01975,NA19043,1,*1/*1,*1/*1,*1/*1,*1/*1,*1/*1,concordant
cohort2,cohort2,BWA-MEM,HG01975,NA19087,1,*1/*5,*1/*5,*1/*5,*5/*1,*1/*5,concordant
cohort2,cohort2,BWA-MEM,HG01975,NA19776,1,*1/*36.ALDY+*10,*1/*36+*10,*1/*10+*36,*1/*10+*36,*1/*10+*36,concordant
cohort2,cohort2,BWA-MEM,HG01975,NA19909,1,*1/*4C+*4C,*1/*4+*4,*1/*4+*4,*4+*4/*1,*1/*4+*4,concordant
cohort2,cohort2,BWA-MEM,HG01975,NA20282,1,*2/*4,*2/*4,*2/*4,*2/*4,*2/*4,concordant
cohort2,cohort2,BWA-MEM,HG01975,NA20752,1,*1/*4,*1/*4,*1/*4,*1/*4,*1/*4,concordant
cohort2,cohort2,BWA-MEM,HG01975,NA20805,1,*35/*68+*4.021,*35/*68+*4,*4+*68/*35,*35/*4+*68,*4+*68/*35,concordant
cohort2,cohort2,BWA-MEM,HG01975,NA20905,1,*1/*1,*1/*1,*1/*1,*1/*1,*1/*1,concordant
cohort2,cohort2,BWA-MEM,HG01975,NA21102,1,*1/*1,*1/*1,*1/*1,*1/*1,*1/*1,concordant
cohort2,cohort2,BWA-MEM,HG02486,HG00099,1,*1/*5,*1/*5,*1/*5,*1/*5,*1/*5,concordant
cohort2,cohort2,BWA-MEM,HG02486,HG00133,1,*1/*1,*1/*1,*1/*1,*1/*1,*1/*1,concordant
cohort2,cohort2,BWA-MEM,HG02486,HG00232,1,*1+rs769258/*35,*1/*35,*1/*35,*1/*35,*1/*35,concordant
cohort2,cohort2,BWA-MEM,HG02486,HG00253,1,*1/*1,*1/*1,*1/*1,*1/*1,*1/*1,concordant
cohort2,cohort2,BWA-MEM,HG02486,HG00280,1,*2/*41,*2/*41,*2/*41,*2/*41,*2/*41,concordant
cohort2,cohort2,BWA-MEM,HG02486,HG00320,1,*2/*2+*2,*2/*2+*2,*2/*2+*2,*2+*2/*2,*2/*2+*2,concordant
cohort2,cohort2,BWA-MEM,HG02486,HG00350,1,*1/*1,*1/*1,*1/*1,*1/*1,*1/*1,concordant
cohort2,cohort2,BWA-MEM,HG02486,HG00408,1,*10/*36.ALDY+*10,*10/*36+*10,*10/*10+*36,*10+*36/*10,*10/*10+*36,concordant
cohort2,cohort2,BWA-MEM,HG02486,HG00423,1,*10/*10+*10,*10/*10+*10,*10/*10+*10,*10/*10+*10,*10/*10+*10,concordant
cohort2,cohort2,BWA-MEM,HG02486,HG00544,1,*1/*36.ALDY+*10,*1/*36+*10,*1/*10+*36,*1/*10+*36,*1/*10+*36,concordant
cohort2,cohort2,BWA-MEM,HG02486,HG00558,1,*1/*36.ALDY+*10,*1/*36+*10,*1/*10+*36,*10+*36/*1,*1/*10+*36,concordant
cohort2,cohort2,BWA-MEM,HG02486,HG00597,1,*36.ALDY+*10+*49/*36.ALDY+*39,*36+*10+*49/*36+*39,*10+*36+*49/*36+*39,*49/*10+*36+*36+*83,*10+*36+*36+*83/*49,discordant
cohort2,cohort2,BWA-MEM,HG02486,HG00609,1,*36.ALDY+*10+rs1135822/*49,*36+*10/*49,*10+*36/*49,*10+*36/*49,*10+*36/*49,concordant
cohort2,cohort2,BWA-MEM,HG02486,HG00639,1,*1/*1,*1/*1,*1/*1,*1/*1,*1/*1,concordant
cohort2,cohort2,BWA-MEM,HG02486,HG00658,1,*10+*36.ALDY+*10/*36.ALDY+*10,*10+*36+*10/*36+*10,*10+*10+*36/*10+*36,*10+*36/*10+*36+*36,*10+*36/*10+*36+*36,discordant
cohort2,cohort2,BWA-MEM,HG02486,HG01123,1,*1/*2,*1/*2,*1/*2,*2/*1,*1/*2,concordant
cohort2,cohort2,BWA-MEM,HG02486,HG01167,1,*2/*119,*2/*119,*2/*119,*41/*1,*1/*41,discordant
cohort2,cohort2,BWA-MEM,HG02486,HG01192,1,*5/*41,*5/*41,*5/*41,*41/*5,*5/*41,concordant
cohort2,cohort2,BWA-MEM,HG02486,HG01261,1,*1/*5,*1/*5,*1/*5,*1/*5,*1/*5,concordant
cohort2,cohort2,BWA-MEM,HG02486,HG01496,1,*2/*43+*43,*2/*43+*43,*2/*43+*43,*2/*43+*43,*2/*43+*43,concordant
cohort2,cohort2,BWA-MEM,HG02486,HG01530,1,*2/*10,*2/*10,*2/*10,*2/*10,*2/*10,concordant
cohort2,cohort2,BWA-MEM,HG02486,HG01784,1,*1/*68+*4.021,*1/*68+*4,*1/*4+*68,*4+*68/*1,*1/*4+*68,concordant
cohort2,cohort2,BWA-MEM,HG02486,HG01884,1,*1/*2,*1/*2,*1/*2,*1/*2,*1/*2,concordant
cohort2,cohort2,BWA-MEM,HG02486,HG01940,1,*1/*1,*1/*1,*1/*1,*1/*1,*1/*1,concordant
cohort2,cohort2,BWA-MEM,HG02486,HG01969,1,*1/*2,*1/*2,*1/*2,*1/*2,*1/*2,concordant
cohort2,cohort2,BWA-MEM,HG02486,HG01975,1,*1/*1,*1/*1,*1/*1,*1/*1,*1/*1,concordant
cohort2,cohort2,BWA-MEM,HG02486,HG02015,1,*10/*36.ALDY+*10,*10/*36+*10,*10/*10+*36,*10/*10+*36,*10/*10+*36,concordant
cohort2,cohort2,BWA-MEM,HG02486,HG02027,1,*14/*36.ALDY+*10,*14/*36+*10,*10+*36/*14,*10+*36/*14,*10+*36/*14,concordant
cohort2,cohort2,BWA-MEM,HG02486,HG02040,1,*36.ALDY+*10/*36.ALDY+*10,*36+*10/*36+*10,*10+*36/*10+*36,*10+*36/*10+*36,*10+*36/*10+*36,concordant
cohort2,cohort2,BWA-MEM,HG02486,HG02056,1,*36.ALDY+*10/*36.ALDY+*10,*36+*10/*36+*10,*10+*36/*10+*36,*10+*36/*10+*36,*10+*36/*10+*36,concordant
cohort2,cohort2,BWA-MEM,HG02486,HG02071,1,*10+*10/*63,*10+*10/*63,*10+*10/*63,*10+*36/*2,*2/*10+*36,discordant
cohort2,cohort2,BWA-MEM,HG02486,HG02074,1,*36.ALDY+*10/*36.ALDY+*10,*36+*10/*36+*10,*10+*36/*10+*36,*10+*36/*10+*36,*10+*36/*10+*36,concordant
cohort2,cohort2,BWA-MEM,HG02486,HG02083,1,*10+*36.ALDY+*10/*36.ALDY+*10,*10+*36+*10/*36+*10,*10+*10+*36/*10+*36,*10+*36+*36/*10+*36,*10+*36/*10+*36+*36,discordant
cohort2,cohort2,BWA-MEM,HG02486,HG02129,1,*1/*36.ALDY+*10,*1/*36+*10,*1/*10+*36,*1/*10+*36,*1/*10+*36,concordant
cohort2,cohort2,BWA-MEM,HG02486,HG02132,1,*36.ALDY+*10/*36.ALDY+*10,*36+*10/*36+*10,*10+*36/*10+*36,*10+*36/*10+*36,*10+*36/*10+*36,concordant
cohort2,cohort2,BWA-MEM,HG02486,HG02135,1,*36.ALDY+*10/*36.ALDY+*10,*36+*10/*36+*10,*10+*36/*10+*36,*10+*36/*10+*36,*10+*36/*10+*36,concordant
cohort2,cohort2,BWA-MEM,HG02486,HG02155,1,*10+*36.ALDY+*10/*36.ALDY+*10,*10+*36+*10/*36+*10,*10+*10+*36/*10+*36,*10+*36/*10+*36+*36,*10+*36/*10+*36+*36,discordant
cohort2,cohort2,BWA-MEM,HG02486,HG02178,1,*1+*36.ALDY/*36.ALDY+*10,*1+*36/*36+*10,*1+*36/*10+*36,*10+*36+*36/*1,*1/*10+*36+*36,discordant
cohort2,cohort2,BWA-MEM,HG02486,HG02258,1,*1/*17+*17,*1/*17+*17,*1/*17+*17,*17+*17/*1,*1/*17+*17,concordant
cohort2,cohort2,BWA-MEM,HG02486,HG02300,1,*2/*5,*2/*5,*2/*5,*2/*5,*2/*5,concordant
cohort2,cohort2,BWA-MEM,HG02486,HG02523,1,*1/*5,*1/*5,*1/*5,*5/*1,*1/*5,concordant
cohort2,cohort2,BWA-MEM,HG02486,HG02559,1,*2/*27,*2/*27,*2/*27,*27/*2,*2/*27,concordant
cohort2,cohort2,BWA-MEM,HG02486,HG02602,1,*2/*5,*2/*5,*2/*5,*2/*5,*2/*5,concordant
cohort2,cohort2,BWA-MEM,HG02486,HG02647,1,*4C+*4C/*17,*4+*4/*17,*4+*4/*17,*4+*4/*17,*4+*4/*17,concordant
cohort2,cohort2,BWA-MEM,HG02486,HG02965,1,*4C+*4C/*17,*4+*4/*17,*4+*4/*17,*17/*4+*4,*4+*4/*17,concordant
cohort2,cohort2,BWA-MEM,HG02486,HG03017,1,*1/*2,*1/*2,*1/*2,*1/*2,*1/*2,concordant
cohort2,cohort2,BWA-MEM,HG02486,HG03139,1,*2+*122+rs1135840+rs16947/*17,*2+*122/*17,*2+*122/*17,*17/*2+*2,*2+*2/*17,discordant
cohort2,cohort2,BWA-MEM,HG02486,HG03225,1,*5/*56B,*5/*56,*5/*56,*56/*5,*5/*56,concordant
cohort2,cohort2,BWA-MEM,HG02486,HG03239,1,*1/*5,*1/*5,*1/*5,*5/*1,*1/*5,concordant
cohort2,cohort2,BWA-MEM,HG02486,HG03471,1,*29/*162,*29/*162,*29/*162,*162/*29,*29/*162,concordant
cohort2,cohort2,BWA-MEM,HG02486,HG03654,1,*2/*2,*2/*2,*2/*2,*2/*2,*2/*2,concordant
cohort2,cohort2,BWA-MEM,HG02486,HG03834,1,*1+*1/*4,*1+*1/*4,*1+*1/*4,*1+*1/*4,*1+*1/*4,concordant
cohort2,cohort2,BWA-MEM,HG02486,HG04184,1,*10/*41,*10/*41,*10/*41,*10/*41,*10/*41,concordant
cohort2,cohort2,BWA-MEM,HG02486,HG04228,1,*1/*43,*1/*43,*1/*43,*43/*1,*1/*43,concordant
cohort2,cohort2,BWA-MEM,HG02486,HG06807,1,*2/*4C+*4C,*2/*4+*4,*2/*4+*4,*2/*4+*4,*2/*4+*4,concordant
cohort2,cohort2,BWA-MEM,HG02486,NA18522,1,*1/*106,*1/*106,*1/*106,*106/*1,*1/*106,concordant
cohort2,cohort2,BWA-MEM,HG02486,NA18565,1,*10/*36.ALDY+*10,*10/*36+*10,*10/*10+*36,*10+*36/*36,*10+*36/*36,discordant
cohort2,cohort2,BWA-MEM,HG02486,NA18747,1,*1/*36.ALDY+*10,*1/*36+*10,*1/*10+*36,*1/*10+*36,*1/*10+*36,concordant
cohort2,cohort2,BWA-MEM,HG02486,NA18952,1,*2/*2,*2/*2,*2/*2,*2/*2,*2/*2,concordant
cohort2,cohort2,BWA-MEM,HG02486,NA18974,1,*2/*5,*2/*5,*2/*5,*2/*5,*2/*5,concordant
cohort2,cohort2,BWA-MEM,HG02486,NA18976,1,*1/*36.ALDY+*10,*1/*36+*10,*1/*10+*36,*10+*36/*1,*1/*10+*36,concordant
cohort2,cohort2,BWA-MEM,HG02486,NA18983,1,*1/*1,*1/*1,*1/*1,*1/*1,*1/*1,concordant
cohort2,cohort2,BWA-MEM,HG02486,NA19043,1,*1/*1,*1/*1,*1/*1,*1/*1,*1/*1,concordant
cohort2,cohort2,BWA-MEM,HG02486,NA19087,1,*1/*5,*1/*5,*1/*5,*5/*1,*1/*5,concordant
cohort2,cohort2,BWA-MEM,HG02486,NA19776,1,*1/*36.ALDY+*10,*1/*36+*10,*1/*10+*36,*1/*10+*36,*1/*10+*36,concordant
cohort2,cohort2,BWA-MEM,HG02486,NA19909,1,*1/*4C+*4C,*1/*4+*4,*1/*4+*4,*4+*4/*1,*1/*4+*4,concordant
cohort2,cohort2,BWA-MEM,HG02486,NA20282,1,*2/*4,*2/*4,*2/*4,*2/*4,*2/*4,concordant
cohort2,cohort2,BWA-MEM,HG02486,NA20752,1,*1/*4,*1/*4,*1/*4,*1/*4,*1/*4,concordant
cohort2,cohort2,BWA-MEM,HG02486,NA20805,1,*35/*68+*4.021,*35/*68+*4,*4+*68/*35,*35/*4+*68,*4+*68/*35,concordant
cohort2,cohort2,BWA-MEM,HG02486,NA20905,1,*1/*1,*1/*1,*1/*1,*1/*1,*1/*1,concordant
cohort2,cohort2,BWA-MEM,HG02486,NA21102,1,*1/*1,*1/*1,*1/*1,*1/*1,*1/*1,concordant
cohort2,cohort2,BWA-MEM,HG02559,HG00099,1,*1/*5,*1/*5,*1/*5,*1/*5,*1/*5,concordant
cohort2,cohort2,BWA-MEM,HG02559,HG00133,1,*1/*1,*1/*1,*1/*1,*1/*1,*1/*1,concordant
cohort2,cohort2,BWA-MEM,HG02559,HG00232,1,*1+rs769258/*35,*1/*35,*1/*35,*1/*35,*1/*35,concordant
cohort2,cohort2,BWA-MEM,HG02559,HG00253,1,*1/*1,*1/*1,*1/*1,*1/*1,*1/*1,concordant
cohort2,cohort2,BWA-MEM,HG02559,HG00280,1,*2/*41,*2/*41,*2/*41,*2/*41,*2/*41,concordant
cohort2,cohort2,BWA-MEM,HG02559,HG00320,1,*2/*2+*2,*2/*2+*2,*2/*2+*2,*2+*2/*2,*2/*2+*2,concordant
cohort2,cohort2,BWA-MEM,HG02559,HG00350,1,*1/*1,*1/*1,*1/*1,*1/*1,*1/*1,concordant
cohort2,cohort2,BWA-MEM,HG02559,HG00408,1,*10/*36.ALDY+*10,*10/*36+*10,*10/*10+*36,*10+*36/*10,*10/*10+*36,concordant
cohort2,cohort2,BWA-MEM,HG02559,HG00423,1,*10/*10+*10,*10/*10+*10,*10/*10+*10,*10/*10+*10,*10/*10+*10,concordant
cohort2,cohort2,BWA-MEM,HG02559,HG00544,1,*1/*36.ALDY+*10,*1/*36+*10,*1/*10+*36,*1/*10+*36,*1/*10+*36,concordant
cohort2,cohort2,BWA-MEM,HG02559,HG00558,1,*1/*36.ALDY+*10,*1/*36+*10,*1/*10+*36,*10+*36/*1,*1/*10+*36,concordant
cohort2,cohort2,BWA-MEM,HG02559,HG00597,1,*36.ALDY+*10+*49/*36.ALDY+*39,*36+*10+*49/*36+*39,*10+*36+*49/*36+*39,*49/*10+*36+*36+*83,*10+*36+*36+*83/*49,discordant
cohort2,cohort2,BWA-MEM,HG02559,HG00609,1,*36.ALDY+*10+rs1135822/*49,*36+*10/*49,*10+*36/*49,*10+*36/*49,*10+*36/*49,concordant
cohort2,cohort2,BWA-MEM,HG02559,HG00639,1,*1/*1,*1/*1,*1/*1,*1/*1,*1/*1,concordant
cohort2,cohort2,BWA-MEM,HG02559,HG00658,1,*10+*36.ALDY+*10/*36.ALDY+*10,*10+*36+*10/*36+*10,*10+*10+*36/*10+*36,*10+*36/*10+*36+*36,*10+*36/*10+*36+*36,discordant
cohort2,cohort2,BWA-MEM,HG02559,HG01123,1,*1/*2,*1/*2,*1/*2,*2/*1,*1/*2,concordant
cohort2,cohort2,BWA-MEM,HG02559,HG01167,1,*2/*119,*2/*119,*2/*119,*41/*1,*1/*41,discordant
cohort2,cohort2,BWA-MEM,HG02559,HG01192,1,*5/*41,*5/*41,*5/*41,*41/*5,*5/*41,concordant
cohort2,cohort2,BWA-MEM,HG02559,HG01261,1,*1/*5,*1/*5,*1/*5,*1/*5,*1/*5,concordant
cohort2,cohort2,BWA-MEM,HG02559,HG01496,1,*2/*43+*43,*2/*43+*43,*2/*43+*43,*2/*43+*43,*2/*43+*43,concordant
cohort2,cohort2,BWA-MEM,HG02559,HG01530,1,*2/*10,*2/*10,*2/*10,*2/*10,*2/*10,concordant
cohort2,cohort2,BWA-MEM,HG02559,HG01784,1,*1/*68+*4.021,*1/*68+*4,*1/*4+*68,*4+*68/*1,*1/*4+*68,concordant
cohort2,cohort2,BWA-MEM,HG02559,HG01884,1,*1/*2,*1/*2,*1/*2,*1/*2,*1/*2,concordant
cohort2,cohort2,BWA-MEM,HG02559,HG01940,1,*1/*1,*1/*1,*1/*1,*1/*1,*1/*1,concordant
cohort2,cohort2,BWA-MEM,HG02559,HG01969,1,*1/*2,*1/*2,*1/*2,*1/*2,*1/*2,concordant
cohort2,cohort2,BWA-MEM,HG02559,HG01975,1,*1/*1,*1/*1,*1/*1,*1/*1,*1/*1,concordant
cohort2,cohort2,BWA-MEM,HG02559,HG02015,1,*10/*36.ALDY+*10,*10/*36+*10,*10/*10+*36,*10/*10+*36,*10/*10+*36,concordant
cohort2,cohort2,BWA-MEM,HG02559,HG02027,1,*14/*36.ALDY+*10,*14/*36+*10,*10+*36/*14,*10+*36/*14,*10+*36/*14,concordant
cohort2,cohort2,BWA-MEM,HG02559,HG02040,1,*36.ALDY+*10/*36.ALDY+*10,*36+*10/*36+*10,*10+*36/*10+*36,*10+*36/*10+*36,*10+*36/*10+*36,concordant
cohort2,cohort2,BWA-MEM,HG02559,HG02056,1,*36.ALDY+*10/*36.ALDY+*10,*36+*10/*36+*10,*10+*36/*10+*36,*10+*36/*10+*36,*10+*36/*10+*36,concordant
cohort2,cohort2,BWA-MEM,HG02559,HG02071,1,*10+*10/*63,*10+*10/*63,*10+*10/*63,*10+*36/*2,*2/*10+*36,discordant
cohort2,cohort2,BWA-MEM,HG02559,HG02074,1,*36.ALDY+*10/*36.ALDY+*10,*36+*10/*36+*10,*10+*36/*10+*36,*10+*36/*10+*36,*10+*36/*10+*36,concordant
cohort2,cohort2,BWA-MEM,HG02559,HG02083,1,*10+*36.ALDY+*10/*36.ALDY+*10,*10+*36+*10/*36+*10,*10+*10+*36/*10+*36,*10+*36+*36/*10+*36,*10+*36/*10+*36+*36,discordant
cohort2,cohort2,BWA-MEM,HG02559,HG02129,1,*1/*36.ALDY+*10,*1/*36+*10,*1/*10+*36,*1/*10+*36,*1/*10+*36,concordant
cohort2,cohort2,BWA-MEM,HG02559,HG02132,1,*36.ALDY+*10/*36.ALDY+*10,*36+*10/*36+*10,*10+*36/*10+*36,*10+*36/*10+*36,*10+*36/*10+*36,concordant
cohort2,cohort2,BWA-MEM,HG02559,HG02135,1,*36.ALDY+*10/*36.ALDY+*10,*36+*10/*36+*10,*10+*36/*10+*36,*10+*36/*10+*36,*10+*36/*10+*36,concordant
cohort2,cohort2,BWA-MEM,HG02559,HG02155,1,*10+*36.ALDY+*10/*36.ALDY+*10,*10+*36+*10/*36+*10,*10+*10+*36/*10+*36,*10+*36/*10+*36+*36,*10+*36/*10+*36+*36,discordant
cohort2,cohort2,BWA-MEM,HG02559,HG02178,1,*1+*36.ALDY/*36.ALDY+*10,*1+*36/*36+*10,*1+*36/*10+*36,*10+*36+*36/*1,*1/*10+*36+*36,discordant
cohort2,cohort2,BWA-MEM,HG02559,HG02258,1,*1/*17+*17,*1/*17+*17,*1/*17+*17,*17+*17/*1,*1/*17+*17,concordant
cohort2,cohort2,BWA-MEM,HG02559,HG02300,1,*2/*5,*2/*5,*2/*5,*2/*5,*2/*5,concordant
cohort2,cohort2,BWA-MEM,HG02559,HG02486,1,*2/*29,*2/*29,*2/*29,*2/*29,*2/*29,concordant
cohort2,cohort2,BWA-MEM,HG02559,HG02523,1,*1/*5,*1/*5,*1/*5,*5/*1,*1/*5,concordant
cohort2,cohort2,BWA-MEM,HG02559,HG02602,1,*2/*5,*2/*5,*2/*5,*2/*5,*2/*5,concordant
cohort2,cohort2,BWA-MEM,HG02559,HG02647,1,*4C+*4C/*17,*4+*4/*17,*4+*4/*17,*4+*4/*17,*4+*4/*17,concordant
cohort2,cohort2,BWA-MEM,HG02559,HG02965,1,*4C+*4C/*17,*4+*4/*17,*4+*4/*17,*17/*4+*4,*4+*4/*17,concordant
cohort2,cohort2,BWA-MEM,HG02559,HG03017,1,*1/*2,*1/*2,*1/*2,*1/*2,*1/*2,concordant
cohort2,cohort2,BWA-MEM,HG02559,HG03139,1,*2+*122+rs1135840+rs16947/*17,*2+*122/*17,*2+*122/*17,*17/*2+*2,*2+*2/*17,discordant
cohort2,cohort2,BWA-MEM,HG02559,HG03225,1,*5/*56B,*5/*56,*5/*56,*56/*5,*5/*56,concordant
cohort2,cohort2,BWA-MEM,HG02559,HG03239,1,*1/*5,*1/*5,*1/*5,*5/*1,*1/*5,concordant
cohort2,cohort2,BWA-MEM,HG02559,HG03471,1,*29/*162,*29/*162,*29/*162,*162/*29,*29/*162,concordant
cohort2,cohort2,BWA-MEM,HG02559,HG03654,1,*2/*2,*2/*2,*2/*2,*2/*2,*2/*2,concordant
cohort2,cohort2,BWA-MEM,HG02559,HG03834,1,*1+*1/*4,*1+*1/*4,*1+*1/*4,*1+*1/*4,*1+*1/*4,concordant
cohort2,cohort2,BWA-MEM,HG02559,HG04184,1,*10/*41,*10/*41,*10/*41,*10/*41,*10/*41,concordant
cohort2,cohort2,BWA-MEM,HG02559,HG04228,1,*1/*43,*1/*43,*1/*43,*43/*1,*1/*43,concordant
cohort2,cohort2,BWA-MEM,HG02559,HG06807,1,*2/*4C+*4C,*2/*4+*4,*2/*4+*4,*2/*4+*4,*2/*4+*4,concordant
cohort2,cohort2,BWA-MEM,HG02559,NA18522,1,*1/*106,*1/*106,*1/*106,*106/*1,*1/*106,concordant
cohort2,cohort2,BWA-MEM,HG02559,NA18565,1,*10/*36.ALDY+*10,*10/*36+*10,*10/*10+*36,*10+*36/*36,*10+*36/*36,discordant
cohort2,cohort2,BWA-MEM,HG02559,NA18747,1,*1/*36.ALDY+*10,*1/*36+*10,*1/*10+*36,*1/*10+*36,*1/*10+*36,concordant
cohort2,cohort2,BWA-MEM,HG02559,NA18952,1,*2/*2,*2/*2,*2/*2,*2/*2,*2/*2,concordant
cohort2,cohort2,BWA-MEM,HG02559,NA18974,1,*2/*5,*2/*5,*2/*5,*2/*5,*2/*5,concordant
cohort2,cohort2,BWA-MEM,HG02559,NA18976,1,*1/*36.ALDY+*10,*1/*36+*10,*1/*10+*36,*10+*36/*1,*1/*10+*36,concordant
cohort2,cohort2,BWA-MEM,HG02559,NA18983,1,*1/*1,*1/*1,*1/*1,*1/*1,*1/*1,concordant
cohort2,cohort2,BWA-MEM,HG02559,NA19043,1,*1/*1,*1/*1,*1/*1,*1/*1,*1/*1,concordant
cohort2,cohort2,BWA-MEM,HG02559,NA19087,1,*1/*5,*1/*5,*1/*5,*5/*1,*1/*5,concordant
cohort2,cohort2,BWA-MEM,HG02559,NA19776,1,*1/*36.ALDY+*10,*1/*36+*10,*1/*10+*36,*1/*10+*36,*1/*10+*36,concordant
cohort2,cohort2,BWA-MEM,HG02559,NA19909,1,*1/*4C+*4C,*1/*4+*4,*1/*4+*4,*4+*4/*1,*1/*4+*4,concordant
cohort2,cohort2,BWA-MEM,HG02559,NA20282,1,*2/*4,*2/*4,*2/*4,*2/*4,*2/*4,concordant
cohort2,cohort2,BWA-MEM,HG02559,NA20752,1,*1/*4,*1/*4,*1/*4,*1/*4,*1/*4,concordant
cohort2,cohort2,BWA-MEM,HG02559,NA20805,1,*35/*68+*4.021,*35/*68+*4,*4+*68/*35,*35/*4+*68,*4+*68/*35,concordant
cohort2,cohort2,BWA-MEM,HG02559,NA20905,1,*1/*1,*1/*1,*1/*1,*1/*1,*1/*1,concordant
cohort2,cohort2,BWA-MEM,HG02559,NA21102,1,*1/*1,*1/*1,*1/*1,*1/*1,*1/*1,concordant
cohort2,cohort2,BWA-MEM,HG03017,HG00099,1,*1/*5,*1/*5,*1/*5,*1/*5,*1/*5,concordant
cohort2,cohort2,BWA-MEM,HG03017,HG00133,1,*1/*1,*1/*1,*1/*1,*1/*1,*1/*1,concordant
cohort2,cohort2,BWA-MEM,HG03017,HG00232,1,*1+rs769258/*35,*1/*35,*1/*35,*1/*35,*1/*35,concordant
cohort2,cohort2,BWA-MEM,HG03017,HG00253,1,*1/*1,*1/*1,*1/*1,*1/*1,*1/*1,concordant
cohort2,cohort2,BWA-MEM,HG03017,HG00280,1,*2/*41,*2/*41,*2/*41,*2/*41,*2/*41,concordant
cohort2,cohort2,BWA-MEM,HG03017,HG00320,1,*2/*2+*2,*2/*2+*2,*2/*2+*2,*2+*2/*2,*2/*2+*2,concordant
cohort2,cohort2,BWA-MEM,HG03017,HG00350,1,*1/*1,*1/*1,*1/*1,*1/*1,*1/*1,concordant
cohort2,cohort2,BWA-MEM,HG03017,HG00408,1,*10/*36.ALDY+*10,*10/*36+*10,*10/*10+*36,*10+*36/*10,*10/*10+*36,concordant
cohort2,cohort2,BWA-MEM,HG03017,HG00423,1,*10/*10+*10,*10/*10+*10,*10/*10+*10,*10/*10+*10,*10/*10+*10,concordant
cohort2,cohort2,BWA-MEM,HG03017,HG00544,1,*1/*36.ALDY+*10,*1/*36+*10,*1/*10+*36,*1/*10+*36,*1/*10+*36,concordant
cohort2,cohort2,BWA-MEM,HG03017,HG00558,1,*1/*36.ALDY+*10,*1/*36+*10,*1/*10+*36,*10+*36/*1,*1/*10+*36,concordant
cohort2,cohort2,BWA-MEM,HG03017,HG00597,1,*36.ALDY+*10+*49/*36.ALDY+*39,*36+*10+*49/*36+*39,*10+*36+*49/*36+*39,*49/*10+*36+*36+*83,*10+*36+*36+*83/*49,discordant
cohort2,cohort2,BWA-MEM,HG03017,HG00609,1,*36.ALDY+*10+rs1135822/*49,*36+*10/*49,*10+*36/*49,*10+*36/*49,*10+*36/*49,concordant
cohort2,cohort2,BWA-MEM,HG03017,HG00639,1,*1/*1,*1/*1,*1/*1,*1/*1,*1/*1,concordant
cohort2,cohort2,BWA-MEM,HG03017,HG00658,1,*10+*36.ALDY+*10/*36.ALDY+*10,*10+*36+*10/*36+*10,*10+*10+*36/*10+*36,*10+*36/*10+*36+*36,*10+*36/*10+*36+*36,discordant
cohort2,cohort2,BWA-MEM,HG03017,HG01123,1,*1/*2,*1/*2,*1/*2,*2/*1,*1/*2,concordant
cohort2,cohort2,BWA-MEM,HG03017,HG01167,1,*2/*119,*2/*119,*2/*119,*41/*1,*1/*41,discordant
cohort2,cohort2,BWA-MEM,HG03017,HG01192,1,*5/*41,*5/*41,*5/*41,*41/*5,*5/*41,concordant
cohort2,cohort2,BWA-MEM,HG03017,HG01261,1,*1/*5,*1/*5,*1/*5,*1/*5,*1/*5,concordant
cohort2,cohort2,BWA-MEM,HG03017,HG01496,1,*2/*43+*43,*2/*43+*43,*2/*43+*43,*2/*43+*43,*2/*43+*43,concordant
cohort2,cohort2,BWA-MEM,HG03017,HG01530,1,*2/*10,*2/*10,*2/*10,*2/*10,*2/*10,concordant
cohort2,cohort2,BWA-MEM,HG03017,HG01784,1,*1/*68+*4.021,*1/*68+*4,*1/*4+*68,*4+*68/*1,*1/*4+*68,concordant
cohort2,cohort2,BWA-MEM,HG03017,HG01884,1,*1/*2,*1/*2,*1/*2,*1/*2,*1/*2,concordant
cohort2,cohort2,BWA-MEM,HG03017,HG01940,1,*1/*1,*1/*1,*1/*1,*1/*1,*1/*1,concordant
cohort2,cohort2,BWA-MEM,HG03017,HG01969,1,*1/*2,*1/*2,*1/*2,*1/*2,*1/*2,concordant
cohort2,cohort2,BWA-MEM,HG03017,HG01975,1,*1/*1,*1/*1,*1/*1,*1/*1,*1/*1,concordant
cohort2,cohort2,BWA-MEM,HG03017,HG02015,1,*10/*36.ALDY+*10,*10/*36+*10,*10/*10+*36,*10/*10+*36,*10/*10+*36,concordant
cohort2,cohort2,BWA-MEM,HG03017,HG02027,1,*14/*36.ALDY+*10,*14/*36+*10,*10+*36/*14,*10+*36/*14,*10+*36/*14,concordant
cohort2,cohort2,BWA-MEM,HG03017,HG02040,1,*36.ALDY+*10/*36.ALDY+*10,*36+*10/*36+*10,*10+*36/*10+*36,*10+*36/*10+*36,*10+*36/*10+*36,concordant
cohort2,cohort2,BWA-MEM,HG03017,HG02056,1,*36.ALDY+*10/*36.ALDY+*10,*36+*10/*36+*10,*10+*36/*10+*36,*10+*36/*10+*36,*10+*36/*10+*36,concordant
cohort2,cohort2,BWA-MEM,HG03017,HG02071,1,*10+*10/*63,*10+*10/*63,*10+*10/*63,*10+*36/*2,*2/*10+*36,discordant
cohort2,cohort2,BWA-MEM,HG03017,HG02074,1,*36.ALDY+*10/*36.ALDY+*10,*36+*10/*36+*10,*10+*36/*10+*36,*10+*36/*10+*36,*10+*36/*10+*36,concordant
cohort2,cohort2,BWA-MEM,HG03017,HG02083,1,*10+*36.ALDY+*10/*36.ALDY+*10,*10+*36+*10/*36+*10,*10+*10+*36/*10+*36,*10+*36+*36/*10+*36,*10+*36/*10+*36+*36,discordant
cohort2,cohort2,BWA-MEM,HG03017,HG02129,1,*1/*36.ALDY+*10,*1/*36+*10,*1/*10+*36,*1/*10+*36,*1/*10+*36,concordant
cohort2,cohort2,BWA-MEM,HG03017,HG02132,1,*36.ALDY+*10/*36.ALDY+*10,*36+*10/*36+*10,*10+*36/*10+*36,*10+*36/*10+*36,*10+*36/*10+*36,concordant
cohort2,cohort2,BWA-MEM,HG03017,HG02135,1,*36.ALDY+*10/*36.ALDY+*10,*36+*10/*36+*10,*10+*36/*10+*36,*10+*36/*10+*36,*10+*36/*10+*36,concordant
cohort2,cohort2,BWA-MEM,HG03017,HG02155,1,*10+*36.ALDY+*10/*36.ALDY+*10,*10+*36+*10/*36+*10,*10+*10+*36/*10+*36,*10+*36/*10+*36+*36,*10+*36/*10+*36+*36,discordant
cohort2,cohort2,BWA-MEM,HG03017,HG02178,1,*1+*36.ALDY/*36.ALDY+*10,*1+*36/*36+*10,*1+*36/*10+*36,*10+*36+*36/*1,*1/*10+*36+*36,discordant
cohort2,cohort2,BWA-MEM,HG03017,HG02258,1,*1/*17+*17,*1/*17+*17,*1/*17+*17,*17+*17/*1,*1/*17+*17,concordant
cohort2,cohort2,BWA-MEM,HG03017,HG02300,1,*2/*5,*2/*5,*2/*5,*2/*5,*2/*5,concordant
cohort2,cohort2,BWA-MEM,HG03017,HG02486,1,*2/*29,*2/*29,*2/*29,*2/*29,*2/*29,concordant
cohort2,cohort2,BWA-MEM,HG03017,HG02523,1,*1/*5,*1/*5,*1/*5,*5/*1,*1/*5,concordant
cohort2,cohort2,BWA-MEM,HG03017,HG02559,1,*2/*27,*2/*27,*2/*27,*27/*2,*2/*27,concordant
cohort2,cohort2,BWA-MEM,HG03017,HG02602,1,*2/*5,*2/*5,*2/*5,*2/*5,*2/*5,concordant
cohort2,cohort2,BWA-MEM,HG03017,HG02647,1,*4C+*4C/*17,*4+*4/*17,*4+*4/*17,*4+*4/*17,*4+*4/*17,concordant
cohort2,cohort2,BWA-MEM,HG03017,HG02965,1,*4C+*4C/*17,*4+*4/*17,*4+*4/*17,*17/*4+*4,*4+*4/*17,concordant
cohort2,cohort2,BWA-MEM,HG03017,HG03139,1,*2+*122+rs1135840+rs16947/*17,*2+*122/*17,*2+*122/*17,*17/*2+*2,*2+*2/*17,discordant
cohort2,cohort2,BWA-MEM,HG03017,HG03225,1,*5/*56B,*5/*56,*5/*56,*56/*5,*5/*56,concordant
cohort2,cohort2,BWA-MEM,HG03017,HG03239,1,*1/*5,*1/*5,*1/*5,*5/*1,*1/*5,concordant
cohort2,cohort2,BWA-MEM,HG03017,HG03471,1,*29/*162,*29/*162,*29/*162,*162/*29,*29/*162,concordant
cohort2,cohort2,BWA-MEM,HG03017,HG03654,1,*2/*2,*2/*2,*2/*2,*2/*2,*2/*2,concordant
cohort2,cohort2,BWA-MEM,HG03017,HG03834,1,*1+*1/*4,*1+*1/*4,*1+*1/*4,*1+*1/*4,*1+*1/*4,concordant
cohort2,cohort2,BWA-MEM,HG03017,HG04184,1,*10/*41,*10/*41,*10/*41,*10/*41,*10/*41,concordant
cohort2,cohort2,BWA-MEM,HG03017,HG04228,1,*1/*43,*1/*43,*1/*43,*43/*1,*1/*43,concordant
cohort2,cohort2,BWA-MEM,HG03017,HG06807,1,*2/*4C+*4C,*2/*4+*4,*2/*4+*4,*2/*4+*4,*2/*4+*4,concordant
cohort2,cohort2,BWA-MEM,HG03017,NA18522,1,*1/*106,*1/*106,*1/*106,*106/*1,*1/*106,concordant
cohort2,cohort2,BWA-MEM,HG03017,NA18565,1,*10/*36.ALDY+*10,*10/*36+*10,*10/*10+*36,*10+*36/*36,*10+*36/*36,discordant
cohort2,cohort2,BWA-MEM,HG03017,NA18747,1,*1/*36.ALDY+*10,*1/*36+*10,*1/*10+*36,*1/*10+*36,*1/*10+*36,concordant
cohort2,cohort2,BWA-MEM,HG03017,NA18952,1,*2/*2,*2/*2,*2/*2,*2/*2,*2/*2,concordant
cohort2,cohort2,BWA-MEM,HG03017,NA18974,1,*2/*5,*2/*5,*2/*5,*2/*5,*2/*5,concordant
cohort2,cohort2,BWA-MEM,HG03017,NA18976,1,*1/*36.ALDY+*10,*1/*36+*10,*1/*10+*36,*10+*36/*1,*1/*10+*36,concordant
cohort2,cohort2,BWA-MEM,HG03017,NA18983,1,*1/*1,*1/*1,*1/*1,*1/*1,*1/*1,concordant
cohort2,cohort2,BWA-MEM,HG03017,NA19043,1,*1/*1,*1/*1,*1/*1,*1/*1,*1/*1,concordant
cohort2,cohort2,BWA-MEM,HG03017,NA19087,1,*1/*5,*1/*5,*1/*5,*5/*1,*1/*5,concordant
cohort2,cohort2,BWA-MEM,HG03017,NA19776,1,*1/*36.ALDY+*10,*1/*36+*10,*1/*10+*36,*1/*10+*36,*1/*10+*36,concordant
cohort2,cohort2,BWA-MEM,HG03017,NA19909,1,*1/*4C+*4C,*1/*4+*4,*1/*4+*4,*4+*4/*1,*1/*4+*4,concordant
cohort2,cohort2,BWA-MEM,HG03017,NA20282,1,*2/*4,*2/*4,*2/*4,*2/*4,*2/*4,concordant
cohort2,cohort2,BWA-MEM,HG03017,NA20752,1,*1/*4,*1/*4,*1/*4,*1/*4,*1/*4,concordant
cohort2,cohort2,BWA-MEM,HG03017,NA20805,1,*35/*68+*4.021,*35/*68+*4,*4+*68/*35,*35/*4+*68,*4+*68/*35,concordant
cohort2,cohort2,BWA-MEM,HG03017,NA20905,1,*1/*1,*1/*1,*1/*1,*1/*1,*1/*1,concordant
cohort2,cohort2,BWA-MEM,HG03017,NA21102,1,*1/*1,*1/*1,*1/*1,*1/*1,*1/*1,concordant
cohort2,cohort2,BWA-MEM,HG03471,HG00099,1,*1/*5,*1/*5,*1/*5,*1/*5,*1/*5,concordant
cohort2,cohort2,BWA-MEM,HG03471,HG00133,1,*1/*1,*1/*1,*1/*1,*1/*1,*1/*1,concordant
cohort2,cohort2,BWA-MEM,HG03471,HG00232,1,*1+rs769258/*35,*1/*35,*1/*35,*1/*35,*1/*35,concordant
cohort2,cohort2,BWA-MEM,HG03471,HG00253,1,*1/*1,*1/*1,*1/*1,*1/*1,*1/*1,concordant
cohort2,cohort2,BWA-MEM,HG03471,HG00280,1,*2/*41,*2/*41,*2/*41,*2/*41,*2/*41,concordant
cohort2,cohort2,BWA-MEM,HG03471,HG00320,1,*2/*2+*2,*2/*2+*2,*2/*2+*2,*2+*2/*2,*2/*2+*2,concordant
cohort2,cohort2,BWA-MEM,HG03471,HG00350,1,*1/*1,*1/*1,*1/*1,*1/*1,*1/*1,concordant
cohort2,cohort2,BWA-MEM,HG03471,HG00408,1,*10/*36.ALDY+*10,*10/*36+*10,*10/*10+*36,*10+*36/*10,*10/*10+*36,concordant
cohort2,cohort2,BWA-MEM,HG03471,HG00423,1,*10/*10+*10,*10/*10+*10,*10/*10+*10,*10/*10+*10,*10/*10+*10,concordant
cohort2,cohort2,BWA-MEM,HG03471,HG00544,1,*1/*36.ALDY+*10,*1/*36+*10,*1/*10+*36,*1/*10+*36,*1/*10+*36,concordant
cohort2,cohort2,BWA-MEM,HG03471,HG00558,1,*1/*36.ALDY+*10,*1/*36+*10,*1/*10+*36,*10+*36/*1,*1/*10+*36,concordant
cohort2,cohort2,BWA-MEM,HG03471,HG00597,1,*36.ALDY+*10+*49/*36.ALDY+*39,*36+*10+*49/*36+*39,*10+*36+*49/*36+*39,*49/*10+*36+*36+*83,*10+*36+*36+*83/*49,discordant
cohort2,cohort2,BWA-MEM,HG03471,HG00609,1,*36.ALDY+*10+rs1135822/*49,*36+*10/*49,*10+*36/*49,*10+*36/*49,*10+*36/*49,concordant
cohort2,cohort2,BWA-MEM,HG03471,HG00639,1,*1/*1,*1/*1,*1/*1,*1/*1,*1/*1,concordant
cohort2,cohort2,BWA-MEM,HG03471,HG00658,1,*10+*36.ALDY+*10/*36.ALDY+*10,*10+*36+*10/*36+*10,*10+*10+*36/*10+*36,*10+*36/*10+*36+*36,*10+*36/*10+*36+*36,discordant
cohort2,cohort2,BWA-MEM,HG03471,HG01123,1,*1/*2,*1/*2,*1/*2,*2/*1,*1/*2,concordant
cohort2,cohort2,BWA-MEM,HG03471,HG01167,1,*2/*119,*2/*119,*2/*119,*41/*1,*1/*41,discordant
cohort2,cohort2,BWA-MEM,HG03471,HG01192,1,*5/*41,*5/*41,*5/*41,*41/*5,*5/*41,concordant
cohort2,cohort2,BWA-MEM,HG03471,HG01261,1,*1/*5,*1/*5,*1/*5,*1/*5,*1/*5,concordant
cohort2,cohort2,BWA-MEM,HG03471,HG01496,1,*2/*43+*43,*2/*43+*43,*2/*43+*43,*2/*43+*43,*2/*43+*43,concordant
cohort2,cohort2,BWA-MEM,HG03471,HG01530,1,*2/*10,*2/*10,*2/*10,*2/*10,*2/*10,concordant
cohort2,cohort2,BWA-MEM,HG03471,HG01784,1,*1/*68+*4.021,*1/*68+*4,*1/*4+*68,*4+*68/*1,*1/*4+*68,concordant
cohort2,cohort2,BWA-MEM,HG03471,HG01884,1,*1/*2,*1/*2,*1/*2,*1/*2,*1/*2,concordant
cohort2,cohort2,BWA-MEM,HG03471,HG01940,1,*1/*1,*1/*1,*1/*1,*1/*1,*1/*1,concordant
cohort2,cohort2,BWA-MEM,HG03471,HG01969,1,*1/*2,*1/*2,*1/*2,*1/*2,*1/*2,concordant
cohort2,cohort2,BWA-MEM,HG03471,HG01975,1,*1/*1,*1/*1,*1/*1,*1/*1,*1/*1,concordant
cohort2,cohort2,BWA-MEM,HG03471,HG02015,1,*10/*36.ALDY+*10,*10/*36+*10,*10/*10+*36,*10/*10+*36,*10/*10+*36,concordant
cohort2,cohort2,BWA-MEM,HG03471,HG02027,1,*14/*36.ALDY+*10,*14/*36+*10,*10+*36/*14,*10+*36/*14,*10+*36/*14,concordant
cohort2,cohort2,BWA-MEM,HG03471,HG02040,1,*36.ALDY+*10/*36.ALDY+*10,*36+*10/*36+*10,*10+*36/*10+*36,*10+*36/*10+*36,*10+*36/*10+*36,concordant
cohort2,cohort2,BWA-MEM,HG03471,HG02056,1,*36.ALDY+*10/*36.ALDY+*10,*36+*10/*36+*10,*10+*36/*10+*36,*10+*36/*10+*36,*10+*36/*10+*36,concordant
cohort2,cohort2,BWA-MEM,HG03471,HG02071,1,*10+*10/*63,*10+*10/*63,*10+*10/*63,*10+*36/*2,*2/*10+*36,discordant
cohort2,cohort2,BWA-MEM,HG03471,HG02074,1,*36.ALDY+*10/*36.ALDY+*10,*36+*10/*36+*10,*10+*36/*10+*36,*10+*36/*10+*36,*10+*36/*10+*36,concordant
cohort2,cohort2,BWA-MEM,HG03471,HG02083,1,*10+*36.ALDY+*10/*36.ALDY+*10,*10+*36+*10/*36+*10,*10+*10+*36/*10+*36,*10+*36+*36/*10+*36,*10+*36/*10+*36+*36,discordant
cohort2,cohort2,BWA-MEM,HG03471,HG02129,1,*1/*36.ALDY+*10,*1/*36+*10,*1/*10+*36,*1/*10+*36,*1/*10+*36,concordant
cohort2,cohort2,BWA-MEM,HG03471,HG02132,1,*36.ALDY+*10/*36.ALDY+*10,*36+*10/*36+*10,*10+*36/*10+*36,*10+*36/*10+*36,*10+*36/*10+*36,concordant
cohort2,cohort2,BWA-MEM,HG03471,HG02135,1,*36.ALDY+*10/*36.ALDY+*10,*36+*10/*36+*10,*10+*36/*10+*36,*10+*36/*10+*36,*10+*36/*10+*36,concordant
cohort2,cohort2,BWA-MEM,HG03471,HG02155,1,*10+*36.ALDY+*10/*36.ALDY+*10,*10+*36+*10/*36+*10,*10+*10+*36/*10+*36,*10+*36/*10+*36+*36,*10+*36/*10+*36+*36,discordant
cohort2,cohort2,BWA-MEM,HG03471,HG02178,1,*1+*36.ALDY/*36.ALDY+*10,*1+*36/*36+*10,*1+*36/*10+*36,*10+*36+*36/*1,*1/*10+*36+*36,discordant
cohort2,cohort2,BWA-MEM,HG03471,HG02258,1,*1/*17+*17,*1/*17+*17,*1/*17+*17,*17+*17/*1,*1/*17+*17,concordant
cohort2,cohort2,BWA-MEM,HG03471,HG02300,1,*2/*5,*2/*5,*2/*5,*2/*5,*2/*5,concordant
cohort2,cohort2,BWA-MEM,HG03471,HG02486,1,*2/*29,*2/*29,*2/*29,*2/*29,*2/*29,concordant
cohort2,cohort2,BWA-MEM,HG03471,HG02523,1,*1/*5,*1/*5,*1/*5,*5/*1,*1/*5,concordant
cohort2,cohort2,BWA-MEM,HG03471,HG02559,1,*2/*27,*2/*27,*2/*27,*27/*2,*2/*27,concordant
cohort2,cohort2,BWA-MEM,HG03471,HG02602,1,*2/*5,*2/*5,*2/*5,*2/*5,*2/*5,concordant
cohort2,cohort2,BWA-MEM,HG03471,HG02647,1,*4C+*4C/*17,*4+*4/*17,*4+*4/*17,*4+*4/*17,*4+*4/*17,concordant
cohort2,cohort2,BWA-MEM,HG03471,HG02965,1,*4C+*4C/*17,*4+*4/*17,*4+*4/*17,*17/*4+*4,*4+*4/*17,concordant
cohort2,cohort2,BWA-MEM,HG03471,HG03017,1,*1/*2,*1/*2,*1/*2,*1/*2,*1/*2,concordant
cohort2,cohort2,BWA-MEM,HG03471,HG03139,1,*2+*122+rs1135840+rs16947/*17,*2+*122/*17,*2+*122/*17,*17/*2+*2,*2+*2/*17,discordant
cohort2,cohort2,BWA-MEM,HG03471,HG03225,1,*5/*56B,*5/*56,*5/*56,*56/*5,*5/*56,concordant
cohort2,cohort2,BWA-MEM,HG03471,HG03239,1,*1/*5,*1/*5,*1/*5,*5/*1,*1/*5,concordant
cohort2,cohort2,BWA-MEM,HG03471,HG03654,1,*2/*2,*2/*2,*2/*2,*2/*2,*2/*2,concordant
cohort2,cohort2,BWA-MEM,HG03471,HG03834,1,*1+*1/*4,*1+*1/*4,*1+*1/*4,*1+*1/*4,*1+*1/*4,concordant
cohort2,cohort2,BWA-MEM,HG03471,HG04184,1,*10/*41,*10/*41,*10/*41,*10/*41,*10/*41,concordant
cohort2,cohort2,BWA-MEM,HG03471,HG04228,1,*1/*43,*1/*43,*1/*43,*43/*1,*1/*43,concordant
cohort2,cohort2,BWA-MEM,HG03471,HG06807,1,*2/*4C+*4C,*2/*4+*4,*2/*4+*4,*2/*4+*4,*2/*4+*4,concordant
cohort2,cohort2,BWA-MEM,HG03471,NA18522,1,*1/*106,*1/*106,*1/*106,*106/*1,*1/*106,concordant
cohort2,cohort2,BWA-MEM,HG03471,NA18565,1,*10/*36.ALDY+*10,*10/*36+*10,*10/*10+*36,*10+*36/*36,*10+*36/*36,discordant
cohort2,cohort2,BWA-MEM,HG03471,NA18747,1,*1/*36.ALDY+*10,*1/*36+*10,*1/*10+*36,*1/*10+*36,*1/*10+*36,concordant
cohort2,cohort2,BWA-MEM,HG03471,NA18952,1,*2/*2,*2/*2,*2/*2,*2/*2,*2/*2,concordant
cohort2,cohort2,BWA-MEM,HG03471,NA18974,1,*2/*5,*2/*5,*2/*5,*2/*5,*2/*5,concordant
cohort2,cohort2,BWA-MEM,HG03471,NA18976,1,*1/*36.ALDY+*10,*1/*36+*10,*1/*10+*36,*10+*36/*1,*1/*10+*36,concordant
cohort2,cohort2,BWA-MEM,HG03471,NA18983,1,*1/*1,*1/*1,*1/*1,*1/*1,*1/*1,concordant
cohort2,cohort2,BWA-MEM,HG03471,NA19043,1,*1/*1,*1/*1,*1/*1,*1/*1,*1/*1,concordant
cohort2,cohort2,BWA-MEM,HG03471,NA19087,1,*1/*5,*1/*5,*1/*5,*5/*1,*1/*5,concordant
cohort2,cohort2,BWA-MEM,HG03471,NA19776,1,*1/*36.ALDY+*10,*1/*36+*10,*1/*10+*36,*1/*10+*36,*1/*10+*36,concordant
cohort2,cohort2,BWA-MEM,HG03471,NA19909,1,*1/*4C+*4C,*1/*4+*4,*1/*4+*4,*4+*4/*1,*1/*4+*4,concordant
cohort2,cohort2,BWA-MEM,HG03471,NA20282,1,*2/*4,*2/*4,*2/*4,*2/*4,*2/*4,concordant
cohort2,cohort2,BWA-MEM,HG03471,NA20752,1,*1/*4,*1/*4,*1/*4,*1/*4,*1/*4,concordant
cohort2,cohort2,BWA-MEM,HG03471,NA20805,1,*35/*68+*4.021,*35/*68+*4,*4+*68/*35,*35/*4+*68,*4+*68/*35,concordant
cohort2,cohort2,BWA-MEM,HG03471,NA20905,1,*1/*1,*1/*1,*1/*1,*1/*1,*1/*1,concordant
cohort2,cohort2,BWA-MEM,HG03471,NA21102,1,*1/*1,*1/*1,*1/*1,*1/*1,*1/*1,concordant
cohort2,cohort2,BWA-MEM,HG03654,HG00099,1,*1/*5,*1/*5,*1/*5,*1/*5,*1/*5,concordant
cohort2,cohort2,BWA-MEM,HG03654,HG00133,1,*1/*1,*1/*1,*1/*1,*1/*1,*1/*1,concordant
cohort2,cohort2,BWA-MEM,HG03654,HG00232,1,*1+rs769258/*35,*1/*35,*1/*35,*1/*35,*1/*35,concordant
cohort2,cohort2,BWA-MEM,HG03654,HG00253,1,*1/*1,*1/*1,*1/*1,*1/*1,*1/*1,concordant
cohort2,cohort2,BWA-MEM,HG03654,HG00280,1,*2/*41,*2/*41,*2/*41,*2/*41,*2/*41,concordant
cohort2,cohort2,BWA-MEM,HG03654,HG00320,1,*2/*2+*2,*2/*2+*2,*2/*2+*2,*2+*2/*2,*2/*2+*2,concordant
cohort2,cohort2,BWA-MEM,HG03654,HG00350,1,*1/*1,*1/*1,*1/*1,*1/*1,*1/*1,concordant
cohort2,cohort2,BWA-MEM,HG03654,HG00408,1,*10/*36.ALDY+*10,*10/*36+*10,*10/*10+*36,*10+*36/*10,*10/*10+*36,concordant
cohort2,cohort2,BWA-MEM,HG03654,HG00423,1,*10/*10+*10,*10/*10+*10,*10/*10+*10,*10/*10+*10,*10/*10+*10,concordant
cohort2,cohort2,BWA-MEM,HG03654,HG00544,1,*1/*36.ALDY+*10,*1/*36+*10,*1/*10+*36,*1/*10+*36,*1/*10+*36,concordant
cohort2,cohort2,BWA-MEM,HG03654,HG00558,1,*1/*36.ALDY+*10,*1/*36+*10,*1/*10+*36,*10+*36/*1,*1/*10+*36,concordant
cohort2,cohort2,BWA-MEM,HG03654,HG00597,1,*36.ALDY+*10+*49/*36.ALDY+*39,*36+*10+*49/*36+*39,*10+*36+*49/*36+*39,*49/*10+*36+*36+*83,*10+*36+*36+*83/*49,discordant
cohort2,cohort2,BWA-MEM,HG03654,HG00609,1,*36.ALDY+*10+rs1135822/*49,*36+*10/*49,*10+*36/*49,*10+*36/*49,*10+*36/*49,concordant
cohort2,cohort2,BWA-MEM,HG03654,HG00639,1,*1/*1,*1/*1,*1/*1,*1/*1,*1/*1,concordant
cohort2,cohort2,BWA-MEM,HG03654,HG00658,1,*10+*36.ALDY+*10/*36.ALDY+*10,*10+*36+*10/*36+*10,*10+*10+*36/*10+*36,*10+*36/*10+*36+*36,*10+*36/*10+*36+*36,discordant
cohort2,cohort2,BWA-MEM,HG03654,HG01123,1,*1/*2,*1/*2,*1/*2,*2/*1,*1/*2,concordant
cohort2,cohort2,BWA-MEM,HG03654,HG01167,1,*2/*119,*2/*119,*2/*119,*41/*1,*1/*41,discordant
cohort2,cohort2,BWA-MEM,HG03654,HG01192,1,*5/*41,*5/*41,*5/*41,*41/*5,*5/*41,concordant
cohort2,cohort2,BWA-MEM,HG03654,HG01261,1,*1/*5,*1/*5,*1/*5,*1/*5,*1/*5,concordant
cohort2,cohort2,BWA-MEM,HG03654,HG01496,1,*2/*43+*43,*2/*43+*43,*2/*43+*43,*2/*43+*43,*2/*43+*43,concordant
cohort2,cohort2,BWA-MEM,HG03654,HG01530,1,*2/*10,*2/*10,*2/*10,*2/*10,*2/*10,concordant
cohort2,cohort2,BWA-MEM,HG03654,HG01784,1,*1/*68+*4.021,*1/*68+*4,*1/*4+*68,*4+*68/*1,*1/*4+*68,concordant
cohort2,cohort2,BWA-MEM,HG03654,HG01884,1,*1/*2,*1/*2,*1/*2,*1/*2,*1/*2,concordant
cohort2,cohort2,BWA-MEM,HG03654,HG01940,1,*1/*1,*1/*1,*1/*1,*1/*1,*1/*1,concordant
cohort2,cohort2,BWA-MEM,HG03654,HG01969,1,*1/*2,*1/*2,*1/*2,*1/*2,*1/*2,concordant
cohort2,cohort2,BWA-MEM,HG03654,HG01975,1,*1/*1,*1/*1,*1/*1,*1/*1,*1/*1,concordant
cohort2,cohort2,BWA-MEM,HG03654,HG02015,1,*10/*36.ALDY+*10,*10/*36+*10,*10/*10+*36,*10/*10+*36,*10/*10+*36,concordant
cohort2,cohort2,BWA-MEM,HG03654,HG02027,1,*14/*36.ALDY+*10,*14/*36+*10,*10+*36/*14,*10+*36/*14,*10+*36/*14,concordant
cohort2,cohort2,BWA-MEM,HG03654,HG02040,1,*36.ALDY+*10/*36.ALDY+*10,*36+*10/*36+*10,*10+*36/*10+*36,*10+*36/*10+*36,*10+*36/*10+*36,concordant
cohort2,cohort2,BWA-MEM,HG03654,HG02056,1,*36.ALDY+*10/*36.ALDY+*10,*36+*10/*36+*10,*10+*36/*10+*36,*10+*36/*10+*36,*10+*36/*10+*36,concordant
cohort2,cohort2,BWA-MEM,HG03654,HG02071,1,*10+*10/*63,*10+*10/*63,*10+*10/*63,*10+*36/*2,*2/*10+*36,discordant
cohort2,cohort2,BWA-MEM,HG03654,HG02074,1,*36.ALDY+*10/*36.ALDY+*10,*36+*10/*36+*10,*10+*36/*10+*36,*10+*36/*10+*36,*10+*36/*10+*36,concordant
cohort2,cohort2,BWA-MEM,HG03654,HG02083,1,*10+*36.ALDY+*10/*36.ALDY+*10,*10+*36+*10/*36+*10,*10+*10+*36/*10+*36,*10+*36+*36/*10+*36,*10+*36/*10+*36+*36,discordant
cohort2,cohort2,BWA-MEM,HG03654,HG02129,1,*1/*36.ALDY+*10,*1/*36+*10,*1/*10+*36,*1/*10+*36,*1/*10+*36,concordant
cohort2,cohort2,BWA-MEM,HG03654,HG02132,1,*36.ALDY+*10/*36.ALDY+*10,*36+*10/*36+*10,*10+*36/*10+*36,*10+*36/*10+*36,*10+*36/*10+*36,concordant
cohort2,cohort2,BWA-MEM,HG03654,HG02135,1,*36.ALDY+*10/*36.ALDY+*10,*36+*10/*36+*10,*10+*36/*10+*36,*10+*36/*10+*36,*10+*36/*10+*36,concordant
cohort2,cohort2,BWA-MEM,HG03654,HG02155,1,*10+*36.ALDY+*10/*36.ALDY+*10,*10+*36+*10/*36+*10,*10+*10+*36/*10+*36,*10+*36/*10+*36+*36,*10+*36/*10+*36+*36,discordant
cohort2,cohort2,BWA-MEM,HG03654,HG02178,1,*1+*36.ALDY/*36.ALDY+*10,*1+*36/*36+*10,*1+*36/*10+*36,*10+*36+*36/*1,*1/*10+*36+*36,discordant
cohort2,cohort2,BWA-MEM,HG03654,HG02258,1,*1/*17+*17,*1/*17+*17,*1/*17+*17,*17+*17/*1,*1/*17+*17,concordant
cohort2,cohort2,BWA-MEM,HG03654,HG02300,1,*2/*5,*2/*5,*2/*5,*2/*5,*2/*5,concordant
cohort2,cohort2,BWA-MEM,HG03654,HG02486,1,*2/*29,*2/*29,*2/*29,*2/*29,*2/*29,concordant
cohort2,cohort2,BWA-MEM,HG03654,HG02523,1,*1/*5,*1/*5,*1/*5,*5/*1,*1/*5,concordant
cohort2,cohort2,BWA-MEM,HG03654,HG02559,1,*2/*27,*2/*27,*2/*27,*27/*2,*2/*27,concordant
cohort2,cohort2,BWA-MEM,HG03654,HG02602,1,*2/*5,*2/*5,*2/*5,*2/*5,*2/*5,concordant
cohort2,cohort2,BWA-MEM,HG03654,HG02647,1,*4C+*4C/*17,*4+*4/*17,*4+*4/*17,*4+*4/*17,*4+*4/*17,concordant
cohort2,cohort2,BWA-MEM,HG03654,HG02965,1,*4C+*4C/*17,*4+*4/*17,*4+*4/*17,*17/*4+*4,*4+*4/*17,concordant
cohort2,cohort2,BWA-MEM,HG03654,HG03017,1,*1/*2,*1/*2,*1/*2,*1/*2,*1/*2,concordant
cohort2,cohort2,BWA-MEM,HG03654,HG03139,1,*2+*122+rs1135840+rs16947/*17,*2+*122/*17,*2+*122/*17,*17/*2+*2,*2+*2/*17,discordant
cohort2,cohort2,BWA-MEM,HG03654,HG03225,1,*5/*56B,*5/*56,*5/*56,*56/*5,*5/*56,concordant
cohort2,cohort2,BWA-MEM,HG03654,HG03239,1,*1/*5,*1/*5,*1/*5,*5/*1,*1/*5,concordant
cohort2,cohort2,BWA-MEM,HG03654,HG03471,1,*29/*162,*29/*162,*29/*162,*162/*29,*29/*162,concordant
cohort2,cohort2,BWA-MEM,HG03654,HG03834,1,*1+*1/*4,*1+*1/*4,*1+*1/*4,*1+*1/*4,*1+*1/*4,concordant
cohort2,cohort2,BWA-MEM,HG03654,HG04184,1,*10/*41,*10/*41,*10/*41,*10/*41,*10/*41,concordant
cohort2,cohort2,BWA-MEM,HG03654,HG04228,1,*1/*43,*1/*43,*1/*43,*43/*1,*1/*43,concordant
cohort2,cohort2,BWA-MEM,HG03654,HG06807,1,*2/*4C+*4C,*2/*4+*4,*2/*4+*4,*2/*4+*4,*2/*4+*4,concordant
cohort2,cohort2,BWA-MEM,HG03654,NA18522,1,*1/*106,*1/*106,*1/*106,*106/*1,*1/*106,concordant
cohort2,cohort2,BWA-MEM,HG03654,NA18565,1,*10/*36.ALDY+*10,*10/*36+*10,*10/*10+*36,*10+*36/*36,*10+*36/*36,discordant
cohort2,cohort2,BWA-MEM,HG03654,NA18747,1,*1/*36.ALDY+*10,*1/*36+*10,*1/*10+*36,*1/*10+*36,*1/*10+*36,concordant
cohort2,cohort2,BWA-MEM,HG03654,NA18952,1,*2/*2,*2/*2,*2/*2,*2/*2,*2/*2,concordant
cohort2,cohort2,BWA-MEM,HG03654,NA18974,1,*2/*5,*2/*5,*2/*5,*2/*5,*2/*5,concordant
cohort2,cohort2,BWA-MEM,HG03654,NA18976,1,*1/*36.ALDY+*10,*1/*36+*10,*1/*10+*36,*10+*36/*1,*1/*10+*36,concordant
cohort2,cohort2,BWA-MEM,HG03654,NA18983,1,*1/*1,*1/*1,*1/*1,*1/*1,*1/*1,concordant
cohort2,cohort2,BWA-MEM,HG03654,NA19043,1,*1/*1,*1/*1,*1/*1,*1/*1,*1/*1,concordant
cohort2,cohort2,BWA-MEM,HG03654,NA19087,1,*1/*5,*1/*5,*1/*5,*5/*1,*1/*5,concordant
cohort2,cohort2,BWA-MEM,HG03654,NA19776,1,*1/*36.ALDY+*10,*1/*36+*10,*1/*10+*36,*1/*10+*36,*1/*10+*36,concordant
cohort2,cohort2,BWA-MEM,HG03654,NA19909,1,*1/*4C+*4C,*1/*4+*4,*1/*4+*4,*4+*4/*1,*1/*4+*4,concordant
cohort2,cohort2,BWA-MEM,HG03654,NA20282,1,*2/*4,*2/*4,*2/*4,*2/*4,*2/*4,concordant
cohort2,cohort2,BWA-MEM,HG03654,NA20752,1,*1/*4,*1/*4,*1/*4,*1/*4,*1/*4,concordant
cohort2,cohort2,BWA-MEM,HG03654,NA20805,1,*35/*68+*4.021,*35/*68+*4,*4+*68/*35,*35/*4+*68,*4+*68/*35,concordant
cohort2,cohort2,BWA-MEM,HG03654,NA20905,1,*1/*1,*1/*1,*1/*1,*1/*1,*1/*1,concordant
cohort2,cohort2,BWA-MEM,HG03654,NA21102,1,*1/*1,*1/*1,*1/*1,*1/*1,*1/*1,concordant
cohort2,cohort2,BWA-MEM,HG04184,HG00099,1,*1/*5,*1/*5,*1/*5,*1/*5,*1/*5,concordant
cohort2,cohort2,BWA-MEM,HG04184,HG00133,1,*1/*1,*1/*1,*1/*1,*1/*1,*1/*1,concordant
cohort2,cohort2,BWA-MEM,HG04184,HG00232,1,*1+rs769258/*35,*1/*35,*1/*35,*1/*35,*1/*35,concordant
cohort2,cohort2,BWA-MEM,HG04184,HG00253,1,*1/*1,*1/*1,*1/*1,*1/*1,*1/*1,concordant
cohort2,cohort2,BWA-MEM,HG04184,HG00280,1,*2/*41,*2/*41,*2/*41,*2/*41,*2/*41,concordant
cohort2,cohort2,BWA-MEM,HG04184,HG00320,1,*2/*2+*2,*2/*2+*2,*2/*2+*2,*2+*2/*2,*2/*2+*2,concordant
cohort2,cohort2,BWA-MEM,HG04184,HG00350,1,*1/*1,*1/*1,*1/*1,*1/*1,*1/*1,concordant
cohort2,cohort2,BWA-MEM,HG04184,HG00408,1,*10/*36.ALDY+*10,*10/*36+*10,*10/*10+*36,*10+*36/*10,*10/*10+*36,concordant
cohort2,cohort2,BWA-MEM,HG04184,HG00423,1,*10/*10+*10,*10/*10+*10,*10/*10+*10,*10/*10+*10,*10/*10+*10,concordant
cohort2,cohort2,BWA-MEM,HG04184,HG00544,1,*1/*36.ALDY+*10,*1/*36+*10,*1/*10+*36,*1/*10+*36,*1/*10+*36,concordant
cohort2,cohort2,BWA-MEM,HG04184,HG00558,1,*1/*36.ALDY+*10,*1/*36+*10,*1/*10+*36,*10+*36/*1,*1/*10+*36,concordant
cohort2,cohort2,BWA-MEM,HG04184,HG00597,1,*36.ALDY+*10+*49/*36.ALDY+*39,*36+*10+*49/*36+*39,*10+*36+*49/*36+*39,*49/*10+*36+*36+*83,*10+*36+*36+*83/*49,discordant
cohort2,cohort2,BWA-MEM,HG04184,HG00609,1,*36.ALDY+*10+rs1135822/*49,*36+*10/*49,*10+*36/*49,*10+*36/*49,*10+*36/*49,concordant
cohort2,cohort2,BWA-MEM,HG04184,HG00639,1,*1/*1,*1/*1,*1/*1,*1/*1,*1/*1,concordant
cohort2,cohort2,BWA-MEM,HG04184,HG00658,1,*10+*36.ALDY+*10/*36.ALDY+*10,*10+*36+*10/*36+*10,*10+*10+*36/*10+*36,*10+*36/*10+*36+*36,*10+*36/*10+*36+*36,discordant
cohort2,cohort2,BWA-MEM,HG04184,HG01123,1,*1/*2,*1/*2,*1/*2,*2/*1,*1/*2,concordant
cohort2,cohort2,BWA-MEM,HG04184,HG01167,1,*2/*119,*2/*119,*2/*119,*41/*1,*1/*41,discordant
cohort2,cohort2,BWA-MEM,HG04184,HG01192,1,*5/*41,*5/*41,*5/*41,*41/*5,*5/*41,concordant
cohort2,cohort2,BWA-MEM,HG04184,HG01261,1,*1/*5,*1/*5,*1/*5,*1/*5,*1/*5,concordant
cohort2,cohort2,BWA-MEM,HG04184,HG01496,1,*2/*43+*43,*2/*43+*43,*2/*43+*43,*2/*43+*43,*2/*43+*43,concordant
cohort2,cohort2,BWA-MEM,HG04184,HG01530,1,*2/*10,*2/*10,*2/*10,*2/*10,*2/*10,concordant
cohort2,cohort2,BWA-MEM,HG04184,HG01784,1,*1/*68+*4.021,*1/*68+*4,*1/*4+*68,*4+*68/*1,*1/*4+*68,concordant
cohort2,cohort2,BWA-MEM,HG04184,HG01884,1,*1/*2,*1/*2,*1/*2,*1/*2,*1/*2,concordant
cohort2,cohort2,BWA-MEM,HG04184,HG01940,1,*1/*1,*1/*1,*1/*1,*1/*1,*1/*1,concordant
cohort2,cohort2,BWA-MEM,HG04184,HG01969,1,*1/*2,*1/*2,*1/*2,*1/*2,*1/*2,concordant
cohort2,cohort2,BWA-MEM,HG04184,HG01975,1,*1/*1,*1/*1,*1/*1,*1/*1,*1/*1,concordant
cohort2,cohort2,BWA-MEM,HG04184,HG02015,1,*10/*36.ALDY+*10,*10/*36+*10,*10/*10+*36,*10/*10+*36,*10/*10+*36,concordant
cohort2,cohort2,BWA-MEM,HG04184,HG02027,1,*14/*36.ALDY+*10,*14/*36+*10,*10+*36/*14,*10+*36/*14,*10+*36/*14,concordant
cohort2,cohort2,BWA-MEM,HG04184,HG02040,1,*36.ALDY+*10/*36.ALDY+*10,*36+*10/*36+*10,*10+*36/*10+*36,*10+*36/*10+*36,*10+*36/*10+*36,concordant
cohort2,cohort2,BWA-MEM,HG04184,HG02056,1,*36.ALDY+*10/*36.ALDY+*10,*36+*10/*36+*10,*10+*36/*10+*36,*10+*36/*10+*36,*10+*36/*10+*36,concordant
cohort2,cohort2,BWA-MEM,HG04184,HG02071,1,*10+*10/*63,*10+*10/*63,*10+*10/*63,*10+*36/*2,*2/*10+*36,discordant
cohort2,cohort2,BWA-MEM,HG04184,HG02074,1,*36.ALDY+*10/*36.ALDY+*10,*36+*10/*36+*10,*10+*36/*10+*36,*10+*36/*10+*36,*10+*36/*10+*36,concordant
cohort2,cohort2,BWA-MEM,HG04184,HG02083,1,*10+*36.ALDY+*10/*36.ALDY+*10,*10+*36+*10/*36+*10,*10+*10+*36/*10+*36,*10+*36+*36/*10+*36,*10+*36/*10+*36+*36,discordant
cohort2,cohort2,BWA-MEM,HG04184,HG02129,1,*1/*36.ALDY+*10,*1/*36+*10,*1/*10+*36,*1/*10+*36,*1/*10+*36,concordant
cohort2,cohort2,BWA-MEM,HG04184,HG02132,1,*36.ALDY+*10/*36.ALDY+*10,*36+*10/*36+*10,*10+*36/*10+*36,*10+*36/*10+*36,*10+*36/*10+*36,concordant
cohort2,cohort2,BWA-MEM,HG04184,HG02135,1,*36.ALDY+*10/*36.ALDY+*10,*36+*10/*36+*10,*10+*36/*10+*36,*10+*36/*10+*36,*10+*36/*10+*36,concordant
cohort2,cohort2,BWA-MEM,HG04184,HG02155,1,*10+*36.ALDY+*10/*36.ALDY+*10,*10+*36+*10/*36+*10,*10+*10+*36/*10+*36,*10+*36/*10+*36+*36,*10+*36/*10+*36+*36,discordant
cohort2,cohort2,BWA-MEM,HG04184,HG02178,1,*1+*36.ALDY/*36.ALDY+*10,*1+*36/*36+*10,*1+*36/*10+*36,*10+*36+*36/*1,*1/*10+*36+*36,discordant
cohort2,cohort2,BWA-MEM,HG04184,HG02258,1,*1/*17+*17,*1/*17+*17,*1/*17+*17,*17+*17/*1,*1/*17+*17,concordant
cohort2,cohort2,BWA-MEM,HG04184,HG02300,1,*2/*5,*2/*5,*2/*5,*2/*5,*2/*5,concordant
cohort2,cohort2,BWA-MEM,HG04184,HG02486,1,*2/*29,*2/*29,*2/*29,*2/*29,*2/*29,concordant
cohort2,cohort2,BWA-MEM,HG04184,HG02523,1,*1/*5,*1/*5,*1/*5,*5/*1,*1/*5,concordant
cohort2,cohort2,BWA-MEM,HG04184,HG02559,1,*2/*27,*2/*27,*2/*27,*27/*2,*2/*27,concordant
cohort2,cohort2,BWA-MEM,HG04184,HG02602,1,*2/*5,*2/*5,*2/*5,*2/*5,*2/*5,concordant
cohort2,cohort2,BWA-MEM,HG04184,HG02647,1,*4C+*4C/*17,*4+*4/*17,*4+*4/*17,*4+*4/*17,*4+*4/*17,concordant
cohort2,cohort2,BWA-MEM,HG04184,HG02965,1,*4C+*4C/*17,*4+*4/*17,*4+*4/*17,*17/*4+*4,*4+*4/*17,concordant
cohort2,cohort2,BWA-MEM,HG04184,HG03017,1,*1/*2,*1/*2,*1/*2,*1/*2,*1/*2,concordant
cohort2,cohort2,BWA-MEM,HG04184,HG03139,1,*2+*122+rs1135840+rs16947/*17,*2+*122/*17,*2+*122/*17,*17/*2+*2,*2+*2/*17,discordant
cohort2,cohort2,BWA-MEM,HG04184,HG03225,1,*5/*56B,*5/*56,*5/*56,*56/*5,*5/*56,concordant
cohort2,cohort2,BWA-MEM,HG04184,HG03239,1,*1/*5,*1/*5,*1/*5,*5/*1,*1/*5,concordant
cohort2,cohort2,BWA-MEM,HG04184,HG03471,1,*29/*162,*29/*162,*29/*162,*162/*29,*29/*162,concordant
cohort2,cohort2,BWA-MEM,HG04184,HG03654,1,*2/*2,*2/*2,*2/*2,*2/*2,*2/*2,concordant
cohort2,cohort2,BWA-MEM,HG04184,HG03834,1,*1+*1/*4,*1+*1/*4,*1+*1/*4,*1+*1/*4,*1+*1/*4,concordant
cohort2,cohort2,BWA-MEM,HG04184,HG04228,1,*1/*43,*1/*43,*1/*43,*43/*1,*1/*43,concordant
cohort2,cohort2,BWA-MEM,HG04184,HG06807,1,*2/*4C+*4C,*2/*4+*4,*2/*4+*4,*2/*4+*4,*2/*4+*4,concordant
cohort2,cohort2,BWA-MEM,HG04184,NA18522,1,*1/*106,*1/*106,*1/*106,*106/*1,*1/*106,concordant
cohort2,cohort2,BWA-MEM,HG04184,NA18565,1,*10/*36.ALDY+*10,*10/*36+*10,*10/*10+*36,*10+*36/*36,*10+*36/*36,discordant
cohort2,cohort2,BWA-MEM,HG04184,NA18747,1,*1/*36.ALDY+*10,*1/*36+*10,*1/*10+*36,*1/*10+*36,*1/*10+*36,concordant
cohort2,cohort2,BWA-MEM,HG04184,NA18952,1,*2/*2,*2/*2,*2/*2,*2/*2,*2/*2,concordant
cohort2,cohort2,BWA-MEM,HG04184,NA18974,1,*2/*5,*2/*5,*2/*5,*2/*5,*2/*5,concordant
cohort2,cohort2,BWA-MEM,HG04184,NA18976,1,*1/*36.ALDY+*10,*1/*36+*10,*1/*10+*36,*10+*36/*1,*1/*10+*36,concordant
cohort2,cohort2,BWA-MEM,HG04184,NA18983,1,*1/*1,*1/*1,*1/*1,*1/*1,*1/*1,concordant
cohort2,cohort2,BWA-MEM,HG04184,NA19043,1,*1/*1,*1/*1,*1/*1,*1/*1,*1/*1,concordant
cohort2,cohort2,BWA-MEM,HG04184,NA19087,1,*1/*5,*1/*5,*1/*5,*5/*1,*1/*5,concordant
cohort2,cohort2,BWA-MEM,HG04184,NA19776,1,*1/*36.ALDY+*10,*1/*36+*10,*1/*10+*36,*1/*10+*36,*1/*10+*36,concordant
cohort2,cohort2,BWA-MEM,HG04184,NA19909,1,*1/*4C+*4C,*1/*4+*4,*1/*4+*4,*4+*4/*1,*1/*4+*4,concordant
cohort2,cohort2,BWA-MEM,HG04184,NA20282,1,*2/*4,*2/*4,*2/*4,*2/*4,*2/*4,concordant
cohort2,cohort2,BWA-MEM,HG04184,NA20752,1,*1/*4,*1/*4,*1/*4,*1/*4,*1/*4,concordant
cohort2,cohort2,BWA-MEM,HG04184,NA20805,1,*35/*68+*4.021,*35/*68+*4,*4+*68/*35,*35/*4+*68,*4+*68/*35,concordant
cohort2,cohort2,BWA-MEM,HG04184,NA20905,1,*1/*1,*1/*1,*1/*1,*1/*1,*1/*1,concordant
cohort2,cohort2,BWA-MEM,HG04184,NA21102,1,*1/*1,*1/*1,*1/*1,*1/*1,*1/*1,concordant
cohort2,cohort2,BWA-MEM,HG04228,HG00099,1,*1/*5,*1/*5,*1/*5,*1/*5,*1/*5,concordant
cohort2,cohort2,BWA-MEM,HG04228,HG00133,1,*1/*1,*1/*1,*1/*1,*1/*1,*1/*1,concordant
cohort2,cohort2,BWA-MEM,HG04228,HG00232,1,*1+rs769258/*35,*1/*35,*1/*35,*1/*35,*1/*35,concordant
cohort2,cohort2,BWA-MEM,HG04228,HG00253,1,*1/*1,*1/*1,*1/*1,*1/*1,*1/*1,concordant
cohort2,cohort2,BWA-MEM,HG04228,HG00280,1,*2/*41,*2/*41,*2/*41,*2/*41,*2/*41,concordant
cohort2,cohort2,BWA-MEM,HG04228,HG00320,1,*2/*2+*2,*2/*2+*2,*2/*2+*2,*2+*2/*2,*2/*2+*2,concordant
cohort2,cohort2,BWA-MEM,HG04228,HG00350,1,*1/*1,*1/*1,*1/*1,*1/*1,*1/*1,concordant
cohort2,cohort2,BWA-MEM,HG04228,HG00408,1,*10/*36.ALDY+*10,*10/*36+*10,*10/*10+*36,*10+*36/*10,*10/*10+*36,concordant
cohort2,cohort2,BWA-MEM,HG04228,HG00423,1,*10/*10+*10,*10/*10+*10,*10/*10+*10,*10/*10+*10,*10/*10+*10,concordant
cohort2,cohort2,BWA-MEM,HG04228,HG00544,1,*1/*36.ALDY+*10,*1/*36+*10,*1/*10+*36,*1/*10+*36,*1/*10+*36,concordant
cohort2,cohort2,BWA-MEM,HG04228,HG00558,1,*1/*36.ALDY+*10,*1/*36+*10,*1/*10+*36,*10+*36/*1,*1/*10+*36,concordant
cohort2,cohort2,BWA-MEM,HG04228,HG00597,1,*36.ALDY+*10/*49+*83.ALDY,*36+*10/*49+*83,*10+*36/*49+*83,*49/*10+*36+*36+*83,*10+*36+*36+*83/*49,discordant
cohort2,cohort2,BWA-MEM,HG04228,HG00609,1,*36.ALDY+*10+rs1135822/*49,*36+*10/*49,*10+*36/*49,*10+*36/*49,*10+*36/*49,concordant
cohort2,cohort2,BWA-MEM,HG04228,HG00639,1,*1/*1,*1/*1,*1/*1,*1/*1,*1/*1,concordant
cohort2,cohort2,BWA-MEM,HG04228,HG00658,1,*10+*36.ALDY+*10/*36.ALDY+*10,*10+*36+*10/*36+*10,*10+*10+*36/*10+*36,*10+*36/*10+*36+*36,*10+*36/*10+*36+*36,discordant
cohort2,cohort2,BWA-MEM,HG04228,HG01123,1,*1/*2,*1/*2,*1/*2,*2/*1,*1/*2,concordant
cohort2,cohort2,BWA-MEM,HG04228,HG01167,1,*2/*119,*2/*119,*2/*119,*41/*1,*1/*41,discordant
cohort2,cohort2,BWA-MEM,HG04228,HG01192,1,*5/*41,*5/*41,*5/*41,*41/*5,*5/*41,concordant
cohort2,cohort2,BWA-MEM,HG04228,HG01261,1,*1/*5,*1/*5,*1/*5,*1/*5,*1/*5,concordant
cohort2,cohort2,BWA-MEM,HG04228,HG01496,1,*2/*43+*43,*2/*43+*43,*2/*43+*43,*2/*43+*43,*2/*43+*43,concordant
cohort2,cohort2,BWA-MEM,HG04228,HG01530,1,*2/*10,*2/*10,*2/*10,*2/*10,*2/*10,concordant
cohort2,cohort2,BWA-MEM,HG04228,HG01784,1,*1/*68+*4.021,*1/*68+*4,*1/*4+*68,*4+*68/*1,*1/*4+*68,concordant
cohort2,cohort2,BWA-MEM,HG04228,HG01884,1,*1/*2,*1/*2,*1/*2,*1/*2,*1/*2,concordant
cohort2,cohort2,BWA-MEM,HG04228,HG01940,1,*1/*1,*1/*1,*1/*1,*1/*1,*1/*1,concordant
cohort2,cohort2,BWA-MEM,HG04228,HG01969,1,*1/*2,*1/*2,*1/*2,*1/*2,*1/*2,concordant
cohort2,cohort2,BWA-MEM,HG04228,HG01975,1,*1/*1,*1/*1,*1/*1,*1/*1,*1/*1,concordant
cohort2,cohort2,BWA-MEM,HG04228,HG02015,1,*10/*36.ALDY+*10,*10/*36+*10,*10/*10+*36,*10/*10+*36,*10/*10+*36,concordant
cohort2,cohort2,BWA-MEM,HG04228,HG02027,1,*14/*36.ALDY+*10,*14/*36+*10,*10+*36/*14,*10+*36/*14,*10+*36/*14,concordant
cohort2,cohort2,BWA-MEM,HG04228,HG02040,1,*36.ALDY+*10/*36.ALDY+*10,*36+*10/*36+*10,*10+*36/*10+*36,*10+*36/*10+*36,*10+*36/*10+*36,concordant
cohort2,cohort2,BWA-MEM,HG04228,HG02056,1,*36.ALDY+*10/*36.ALDY+*10,*36+*10/*36+*10,*10+*36/*10+*36,*10+*36/*10+*36,*10+*36/*10+*36,concordant
cohort2,cohort2,BWA-MEM,HG04228,HG02071,1,*10+*10/*63,*10+*10/*63,*10+*10/*63,*10+*36/*2,*2/*10+*36,discordant
cohort2,cohort2,BWA-MEM,HG04228,HG02074,1,*36.ALDY+*10/*36.ALDY+*10,*36+*10/*36+*10,*10+*36/*10+*36,*10+*36/*10+*36,*10+*36/*10+*36,concordant
cohort2,cohort2,BWA-MEM,HG04228,HG02083,1,*10+*36.ALDY+*10/*36.ALDY+*10,*10+*36+*10/*36+*10,*10+*10+*36/*10+*36,*10+*36+*36/*10+*36,*10+*36/*10+*36+*36,discordant
cohort2,cohort2,BWA-MEM,HG04228,HG02129,1,*1/*36.ALDY+*10,*1/*36+*10,*1/*10+*36,*1/*10+*36,*1/*10+*36,concordant
cohort2,cohort2,BWA-MEM,HG04228,HG02132,1,*36.ALDY+*10/*36.ALDY+*10,*36+*10/*36+*10,*10+*36/*10+*36,*10+*36/*10+*36,*10+*36/*10+*36,concordant
cohort2,cohort2,BWA-MEM,HG04228,HG02135,1,*36.ALDY+*10/*36.ALDY+*10,*36+*10/*36+*10,*10+*36/*10+*36,*10+*36/*10+*36,*10+*36/*10+*36,concordant
cohort2,cohort2,BWA-MEM,HG04228,HG02155,1,*10+*36.ALDY+*10/*36.ALDY+*10,*10+*36+*10/*36+*10,*10+*10+*36/*10+*36,*10+*36/*10+*36+*36,*10+*36/*10+*36+*36,discordant
cohort2,cohort2,BWA-MEM,HG04228,HG02178,1,*1+*36.ALDY/*36.ALDY+*10,*1+*36/*36+*10,*1+*36/*10+*36,*10+*36+*36/*1,*1/*10+*36+*36,discordant
cohort2,cohort2,BWA-MEM,HG04228,HG02258,1,*1/*17+*17,*1/*17+*17,*1/*17+*17,*17+*17/*1,*1/*17+*17,concordant
cohort2,cohort2,BWA-MEM,HG04228,HG02300,1,*2/*5,*2/*5,*2/*5,*2/*5,*2/*5,concordant
cohort2,cohort2,BWA-MEM,HG04228,HG02486,1,*2/*29,*2/*29,*2/*29,*2/*29,*2/*29,concordant
cohort2,cohort2,BWA-MEM,HG04228,HG02523,1,*1/*5,*1/*5,*1/*5,*5/*1,*1/*5,concordant
cohort2,cohort2,BWA-MEM,HG04228,HG02559,1,*2/*27,*2/*27,*2/*27,*27/*2,*2/*27,concordant
cohort2,cohort2,BWA-MEM,HG04228,HG02602,1,*2/*5,*2/*5,*2/*5,*2/*5,*2/*5,concordant
cohort2,cohort2,BWA-MEM,HG04228,HG02647,1,*4C+*4C/*17,*4+*4/*17,*4+*4/*17,*4+*4/*17,*4+*4/*17,concordant
cohort2,cohort2,BWA-MEM,HG04228,HG02965,1,*4C+*4C/*17,*4+*4/*17,*4+*4/*17,*17/*4+*4,*4+*4/*17,concordant
cohort2,cohort2,BWA-MEM,HG04228,HG03017,1,*1/*2,*1/*2,*1/*2,*1/*2,*1/*2,concordant
cohort2,cohort2,BWA-MEM,HG04228,HG03139,1,*2+*122+rs1135840+rs16947/*17,*2+*122/*17,*2+*122/*17,*17/*2+*2,*2+*2/*17,discordant
cohort2,cohort2,BWA-MEM,HG04228,HG03225,1,*5/*56B,*5/*56,*5/*56,*56/*5,*5/*56,concordant
cohort2,cohort2,BWA-MEM,HG04228,HG03239,1,*1/*5,*1/*5,*1/*5,*5/*1,*1/*5,concordant
cohort2,cohort2,BWA-MEM,HG04228,HG03471,1,*29/*162,*29/*162,*29/*162,*162/*29,*29/*162,concordant
cohort2,cohort2,BWA-MEM,HG04228,HG03654,1,*2/*2,*2/*2,*2/*2,*2/*2,*2/*2,concordant
cohort2,cohort2,BWA-MEM,HG04228,HG03834,1,*1+*1/*4,*1+*1/*4,*1+*1/*4,*1+*1/*4,*1+*1/*4,concordant
cohort2,cohort2,BWA-MEM,HG04228,HG04184,1,*10/*41,*10/*41,*10/*41,*10/*41,*10/*41,concordant
cohort2,cohort2,BWA-MEM,HG04228,HG06807,1,*2/*4C+*4C,*2/*4+*4,*2/*4+*4,*2/*4+*4,*2/*4+*4,concordant
cohort2,cohort2,BWA-MEM,HG04228,NA18522,1,*1/*106,*1/*106,*1/*106,*106/*1,*1/*106,concordant
cohort2,cohort2,BWA-MEM,HG04228,NA18565,1,*10/*36.ALDY+*10,*10/*36+*10,*10/*10+*36,*10+*36/*36,*10+*36/*36,discordant
cohort2,cohort2,BWA-MEM,HG04228,NA18747,1,*1/*36.ALDY+*10,*1/*36+*10,*1/*10+*36,*1/*10+*36,*1/*10+*36,concordant
cohort2,cohort2,BWA-MEM,HG04228,NA18952,1,*2/*2,*2/*2,*2/*2,*2/*2,*2/*2,concordant
cohort2,cohort2,BWA-MEM,HG04228,NA18974,1,*2/*5,*2/*5,*2/*5,*2/*5,*2/*5,concordant
cohort2,cohort2,BWA-MEM,HG04228,NA18976,1,*1/*36.ALDY+*10,*1/*36+*10,*1/*10+*36,*10+*36/*1,*1/*10+*36,concordant
cohort2,cohort2,BWA-MEM,HG04228,NA18983,1,*1/*1,*1/*1,*1/*1,*1/*1,*1/*1,concordant
cohort2,cohort2,BWA-MEM,HG04228,NA19043,1,*1/*1,*1/*1,*1/*1,*1/*1,*1/*1,concordant
cohort2,cohort2,BWA-MEM,HG04228,NA19087,1,*1/*5,*1/*5,*1/*5,*5/*1,*1/*5,concordant
cohort2,cohort2,BWA-MEM,HG04228,NA19776,1,*1/*36.ALDY+*10,*1/*36+*10,*1/*10+*36,*1/*10+*36,*1/*10+*36,concordant
cohort2,cohort2,BWA-MEM,HG04228,NA19909,1,*1/*4C+*4C,*1/*4+*4,*1/*4+*4,*4+*4/*1,*1/*4+*4,concordant
cohort2,cohort2,BWA-MEM,HG04228,NA20282,1,*2/*4,*2/*4,*2/*4,*2/*4,*2/*4,concordant
cohort2,cohort2,BWA-MEM,HG04228,NA20752,1,*1/*4,*1/*4,*1/*4,*1/*4,*1/*4,concordant
cohort2,cohort2,BWA-MEM,HG04228,NA20805,1,*35/*68+*4.021,*35/*68+*4,*4+*68/*35,*35/*4+*68,*4+*68/*35,concordant
cohort2,cohort2,BWA-MEM,HG04228,NA20905,1,*1/*1,*1/*1,*1/*1,*1/*1,*1/*1,concordant
cohort2,cohort2,BWA-MEM,HG04228,NA21102,1,*1/*1,*1/*1,*1/*1,*1/*1,*1/*1,concordant
cohort2,cohort2,BWA-MEM,NA18522,HG00099,1,*1/*5,*1/*5,*1/*5,*1/*5,*1/*5,concordant
cohort2,cohort2,BWA-MEM,NA18522,HG00133,1,*1/*1,*1/*1,*1/*1,*1/*1,*1/*1,concordant
cohort2,cohort2,BWA-MEM,NA18522,HG00232,1,*1+rs769258/*35,*1/*35,*1/*35,*1/*35,*1/*35,concordant
cohort2,cohort2,BWA-MEM,NA18522,HG00253,1,*1/*1,*1/*1,*1/*1,*1/*1,*1/*1,concordant
cohort2,cohort2,BWA-MEM,NA18522,HG00280,1,*2/*41,*2/*41,*2/*41,*2/*41,*2/*41,concordant
cohort2,cohort2,BWA-MEM,NA18522,HG00320,1,*2/*2+*2,*2/*2+*2,*2/*2+*2,*2+*2/*2,*2/*2+*2,concordant
cohort2,cohort2,BWA-MEM,NA18522,HG00350,1,*1/*1,*1/*1,*1/*1,*1/*1,*1/*1,concordant
cohort2,cohort2,BWA-MEM,NA18522,HG00408,1,*10/*36.ALDY+*10,*10/*36+*10,*10/*10+*36,*10+*36/*10,*10/*10+*36,concordant
cohort2,cohort2,BWA-MEM,NA18522,HG00423,1,*10/*10+*10,*10/*10+*10,*10/*10+*10,*10/*10+*10,*10/*10+*10,concordant
cohort2,cohort2,BWA-MEM,NA18522,HG00544,1,*1/*36.ALDY+*10,*1/*36+*10,*1/*10+*36,*1/*10+*36,*1/*10+*36,concordant
cohort2,cohort2,BWA-MEM,NA18522,HG00558,1,*1/*36.ALDY+*10,*1/*36+*10,*1/*10+*36,*10+*36/*1,*1/*10+*36,concordant
cohort2,cohort2,BWA-MEM,NA18522,HG00597,1,*36.ALDY+*10+*49/*36.ALDY+*39,*36+*10+*49/*36+*39,*10+*36+*49/*36+*39,*49/*10+*36+*36+*83,*10+*36+*36+*83/*49,discordant
cohort2,cohort2,BWA-MEM,NA18522,HG00609,1,*36.ALDY+*10+rs1135822/*49,*36+*10/*49,*10+*36/*49,*10+*36/*49,*10+*36/*49,concordant
cohort2,cohort2,BWA-MEM,NA18522,HG00639,1,*1/*1,*1/*1,*1/*1,*1/*1,*1/*1,concordant
cohort2,cohort2,BWA-MEM,NA18522,HG00658,1,*10+*36.ALDY+*10/*36.ALDY+*10,*10+*36+*10/*36+*10,*10+*10+*36/*10+*36,*10+*36/*10+*36+*36,*10+*36/*10+*36+*36,discordant
cohort2,cohort2,BWA-MEM,NA18522,HG01123,1,*1/*2,*1/*2,*1/*2,*2/*1,*1/*2,concordant
cohort2,cohort2,BWA-MEM,NA18522,HG01167,1,*2/*119,*2/*119,*2/*119,*41/*1,*1/*41,discordant
cohort2,cohort2,BWA-MEM,NA18522,HG01192,1,*5/*41,*5/*41,*5/*41,*41/*5,*5/*41,concordant
cohort2,cohort2,BWA-MEM,NA18522,HG01261,1,*1/*5,*1/*5,*1/*5,*1/*5,*1/*5,concordant
cohort2,cohort2,BWA-MEM,NA18522,HG01496,1,*2/*43+*43,*2/*43+*43,*2/*43+*43,*2/*43+*43,*2/*43+*43,concordant
cohort2,cohort2,BWA-MEM,NA18522,HG01530,1,*2/*10,*2/*10,*2/*10,*2/*10,*2/*10,concordant
cohort2,cohort2,BWA-MEM,NA18522,HG01784,1,*1/*68+*4.021,*1/*68+*4,*1/*4+*68,*4+*68/*1,*1/*4+*68,concordant
cohort2,cohort2,BWA-MEM,NA18522,HG01884,1,*1/*2,*1/*2,*1/*2,*1/*2,*1/*2,concordant
cohort2,cohort2,BWA-MEM,NA18522,HG01940,1,*1/*1,*1/*1,*1/*1,*1/*1,*1/*1,concordant
cohort2,cohort2,BWA-MEM,NA18522,HG01969,1,*1/*2,*1/*2,*1/*2,*1/*2,*1/*2,concordant
cohort2,cohort2,BWA-MEM,NA18522,HG01975,1,*1/*1,*1/*1,*1/*1,*1/*1,*1/*1,concordant
cohort2,cohort2,BWA-MEM,NA18522,HG02015,1,*10/*36.ALDY+*10,*10/*36+*10,*10/*10+*36,*10/*10+*36,*10/*10+*36,concordant
cohort2,cohort2,BWA-MEM,NA18522,HG02027,1,*14/*36.ALDY+*10,*14/*36+*10,*10+*36/*14,*10+*36/*14,*10+*36/*14,concordant
cohort2,cohort2,BWA-MEM,NA18522,HG02040,1,*36.ALDY+*10/*36.ALDY+*10,*36+*10/*36+*10,*10+*36/*10+*36,*10+*36/*10+*36,*10+*36/*10+*36,concordant
cohort2,cohort2,BWA-MEM,NA18522,HG02056,1,*36.ALDY+*10/*36.ALDY+*10,*36+*10/*36+*10,*10+*36/*10+*36,*10+*36/*10+*36,*10+*36/*10+*36,concordant
cohort2,cohort2,BWA-MEM,NA18522,HG02071,1,*10+*10/*63,*10+*10/*63,*10+*10/*63,*10+*36/*2,*2/*10+*36,discordant
cohort2,cohort2,BWA-MEM,NA18522,HG02074,1,*36.ALDY+*10/*36.ALDY+*10,*36+*10/*36+*10,*10+*36/*10+*36,*10+*36/*10+*36,*10+*36/*10+*36,concordant
cohort2,cohort2,BWA-MEM,NA18522,HG02083,1,*10+*36.ALDY+*10/*36.ALDY+*10,*10+*36+*10/*36+*10,*10+*10+*36/*10+*36,*10+*36+*36/*10+*36,*10+*36/*10+*36+*36,discordant
cohort2,cohort2,BWA-MEM,NA18522,HG02129,1,*1/*36.ALDY+*10,*1/*36+*10,*1/*10+*36,*1/*10+*36,*1/*10+*36,concordant
cohort2,cohort2,BWA-MEM,NA18522,HG02132,1,*36.ALDY+*10/*36.ALDY+*10,*36+*10/*36+*10,*10+*36/*10+*36,*10+*36/*10+*36,*10+*36/*10+*36,concordant
cohort2,cohort2,BWA-MEM,NA18522,HG02135,1,*36.ALDY+*10/*36.ALDY+*10,*36+*10/*36+*10,*10+*36/*10+*36,*10+*36/*10+*36,*10+*36/*10+*36,concordant
cohort2,cohort2,BWA-MEM,NA18522,HG02155,1,*10+*36.ALDY+*10/*36.ALDY+*10,*10+*36+*10/*36+*10,*10+*10+*36/*10+*36,*10+*36/*10+*36+*36,*10+*36/*10+*36+*36,discordant
cohort2,cohort2,BWA-MEM,NA18522,HG02178,1,*1+*36.ALDY/*36.ALDY+*10,*1+*36/*36+*10,*1+*36/*10+*36,*10+*36+*36/*1,*1/*10+*36+*36,discordant
cohort2,cohort2,BWA-MEM,NA18522,HG02258,1,*1/*17+*17,*1/*17+*17,*1/*17+*17,*17+*17/*1,*1/*17+*17,concordant
cohort2,cohort2,BWA-MEM,NA18522,HG02300,1,*2/*5,*2/*5,*2/*5,*2/*5,*2/*5,concordant
cohort2,cohort2,BWA-MEM,NA18522,HG02486,1,*2/*29,*2/*29,*2/*29,*2/*29,*2/*29,concordant
cohort2,cohort2,BWA-MEM,NA18522,HG02523,1,*1/*5,*1/*5,*1/*5,*5/*1,*1/*5,concordant
cohort2,cohort2,BWA-MEM,NA18522,HG02559,1,*2/*27,*2/*27,*2/*27,*27/*2,*2/*27,concordant
cohort2,cohort2,BWA-MEM,NA18522,HG02602,1,*2/*5,*2/*5,*2/*5,*2/*5,*2/*5,concordant
cohort2,cohort2,BWA-MEM,NA18522,HG02647,1,*4C+*4C/*17,*4+*4/*17,*4+*4/*17,*4+*4/*17,*4+*4/*17,concordant
cohort2,cohort2,BWA-MEM,NA18522,HG02965,1,*4C+*4C/*17,*4+*4/*17,*4+*4/*17,*17/*4+*4,*4+*4/*17,concordant
cohort2,cohort2,BWA-MEM,NA18522,HG03017,1,*1/*2,*1/*2,*1/*2,*1/*2,*1/*2,concordant
cohort2,cohort2,BWA-MEM,NA18522,HG03139,1,*2+*122+rs1135840+rs16947/*17,*2+*122/*17,*2+*122/*17,*17/*2+*2,*2+*2/*17,discordant
cohort2,cohort2,BWA-MEM,NA18522,HG03225,1,*5/*56B,*5/*56,*5/*56,*56/*5,*5/*56,concordant
cohort2,cohort2,BWA-MEM,NA18522,HG03239,1,*1/*5,*1/*5,*1/*5,*5/*1,*1/*5,concordant
cohort2,cohort2,BWA-MEM,NA18522,HG03471,1,*29/*162,*29/*162,*29/*162,*162/*29,*29/*162,concordant
cohort2,cohort2,BWA-MEM,NA18522,HG03654,1,*2/*2,*2/*2,*2/*2,*2/*2,*2/*2,concordant
cohort2,cohort2,BWA-MEM,NA18522,HG03834,1,*1+*1/*4,*1+*1/*4,*1+*1/*4,*1+*1/*4,*1+*1/*4,concordant
cohort2,cohort2,BWA-MEM,NA18522,HG04184,1,*10/*41,*10/*41,*10/*41,*10/*41,*10/*41,concordant
cohort2,cohort2,BWA-MEM,NA18522,HG04228,1,*1/*43,*1/*43,*1/*43,*43/*1,*1/*43,concordant
cohort2,cohort2,BWA-MEM,NA18522,HG06807,1,*2/*4C+*4C,*2/*4+*4,*2/*4+*4,*2/*4+*4,*2/*4+*4,concordant
cohort2,cohort2,BWA-MEM,NA18522,NA18565,1,*10/*36.ALDY+*10,*10/*36+*10,*10/*10+*36,*10+*36/*36,*10+*36/*36,discordant
cohort2,cohort2,BWA-MEM,NA18522,NA18747,1,*1/*36.ALDY+*10,*1/*36+*10,*1/*10+*36,*1/*10+*36,*1/*10+*36,concordant
cohort2,cohort2,BWA-MEM,NA18522,NA18952,1,*2/*2,*2/*2,*2/*2,*2/*2,*2/*2,concordant
cohort2,cohort2,BWA-MEM,NA18522,NA18974,1,*2/*5,*2/*5,*2/*5,*2/*5,*2/*5,concordant
cohort2,cohort2,BWA-MEM,NA18522,NA18976,1,*1/*36.ALDY+*10,*1/*36+*10,*1/*10+*36,*10+*36/*1,*1/*10+*36,concordant
cohort2,cohort2,BWA-MEM,NA18522,NA18983,1,*1/*1,*1/*1,*1/*1,*1/*1,*1/*1,concordant
cohort2,cohort2,BWA-MEM,NA18522,NA19043,1,*1/*1,*1/*1,*1/*1,*1/*1,*1/*1,concordant
cohort2,cohort2,BWA-MEM,NA18522,NA19087,1,*1/*5,*1/*5,*1/*5,*5/*1,*1/*5,concordant
cohort2,cohort2,BWA-MEM,NA18522,NA19776,1,*1/*36.ALDY+*10,*1/*36+*10,*1/*10+*36,*1/*10+*36,*1/*10+*36,concordant
cohort2,cohort2,BWA-MEM,NA18522,NA19909,1,*1/*4C+*4C,*1/*4+*4,*1/*4+*4,*4+*4/*1,*1/*4+*4,concordant
cohort2,cohort2,BWA-MEM,NA18522,NA20282,1,*2/*4,*2/*4,*2/*4,*2/*4,*2/*4,concordant
cohort2,cohort2,BWA-MEM,NA18522,NA20752,1,*1/*4,*1/*4,*1/*4,*1/*4,*1/*4,concordant
cohort2,cohort2,BWA-MEM,NA18522,NA20805,1,*35/*68+*4.021,*35/*68+*4,*4+*68/*35,*35/*4+*68,*4+*68/*35,concordant
cohort2,cohort2,BWA-MEM,NA18522,NA20905,1,*1/*1,*1/*1,*1/*1,*1/*1,*1/*1,concordant
cohort2,cohort2,BWA-MEM,NA18522,NA21102,1,*1/*1,*1/*1,*1/*1,*1/*1,*1/*1,concordant
cohort2,cohort2,BWA-MEM,NA18952,HG00099,1,*1/*5,*1/*5,*1/*5,*1/*5,*1/*5,concordant
cohort2,cohort2,BWA-MEM,NA18952,HG00133,1,*1/*1,*1/*1,*1/*1,*1/*1,*1/*1,concordant
cohort2,cohort2,BWA-MEM,NA18952,HG00232,1,*1+rs769258/*35,*1/*35,*1/*35,*1/*35,*1/*35,concordant
cohort2,cohort2,BWA-MEM,NA18952,HG00253,1,*1/*1,*1/*1,*1/*1,*1/*1,*1/*1,concordant
cohort2,cohort2,BWA-MEM,NA18952,HG00280,1,*2/*41,*2/*41,*2/*41,*2/*41,*2/*41,concordant
cohort2,cohort2,BWA-MEM,NA18952,HG00320,1,*2/*2+*2,*2/*2+*2,*2/*2+*2,*2+*2/*2,*2/*2+*2,concordant
cohort2,cohort2,BWA-MEM,NA18952,HG00350,1,*1/*1,*1/*1,*1/*1,*1/*1,*1/*1,concordant
cohort2,cohort2,BWA-MEM,NA18952,HG00408,1,*10/*36.ALDY+*10,*10/*36+*10,*10/*10+*36,*10+*36/*10,*10/*10+*36,concordant
cohort2,cohort2,BWA-MEM,NA18952,HG00423,1,*10/*10+*10,*10/*10+*10,*10/*10+*10,*10/*10+*10,*10/*10+*10,concordant
cohort2,cohort2,BWA-MEM,NA18952,HG00544,1,*1/*36.ALDY+*10,*1/*36+*10,*1/*10+*36,*1/*10+*36,*1/*10+*36,concordant
cohort2,cohort2,BWA-MEM,NA18952,HG00558,1,*1/*36.ALDY+*10,*1/*36+*10,*1/*10+*36,*10+*36/*1,*1/*10+*36,concordant
cohort2,cohort2,BWA-MEM,NA18952,HG00597,1,*36.ALDY+*10+*49/*36.ALDY+*39,*36+*10+*49/*36+*39,*10+*36+*49/*36+*39,*49/*10+*36+*36+*83,*10+*36+*36+*83/*49,discordant
cohort2,cohort2,BWA-MEM,NA18952,HG00609,1,*36.ALDY+*10+rs1135822/*49,*36+*10/*49,*10+*36/*49,*10+*36/*49,*10+*36/*49,concordant
cohort2,cohort2,BWA-MEM,NA18952,HG00639,1,*1/*1,*1/*1,*1/*1,*1/*1,*1/*1,concordant
cohort2,cohort2,BWA-MEM,NA18952,HG00658,1,*10+*36.ALDY+*10/*36.ALDY+*10,*10+*36+*10/*36+*10,*10+*10+*36/*10+*36,*10+*36/*10+*36+*36,*10+*36/*10+*36+*36,discordant
cohort2,cohort2,BWA-MEM,NA18952,HG01123,1,*1/*2,*1/*2,*1/*2,*2/*1,*1/*2,concordant
cohort2,cohort2,BWA-MEM,NA18952,HG01167,1,*2/*119,*2/*119,*2/*119,*41/*1,*1/*41,discordant
cohort2,cohort2,BWA-MEM,NA18952,HG01192,1,*5/*41,*5/*41,*5/*41,*41/*5,*5/*41,concordant
cohort2,cohort2,BWA-MEM,NA18952,HG01261,1,*1/*5,*1/*5,*1/*5,*1/*5,*1/*5,concordant
cohort2,cohort2,BWA-MEM,NA18952,HG01496,1,*2/*43+*43,*2/*43+*43,*2/*43+*43,*2/*43+*43,*2/*43+*43,concordant
cohort2,cohort2,BWA-MEM,NA18952,HG01530,1,*2/*10,*2/*10,*2/*10,*2/*10,*2/*10,concordant
cohort2,cohort2,BWA-MEM,NA18952,HG01784,1,*1/*68+*4.021,*1/*68+*4,*1/*4+*68,*4+*68/*1,*1/*4+*68,concordant
cohort2,cohort2,BWA-MEM,NA18952,HG01884,1,*1/*2,*1/*2,*1/*2,*1/*2,*1/*2,concordant
cohort2,cohort2,BWA-MEM,NA18952,HG01940,1,*1/*1,*1/*1,*1/*1,*1/*1,*1/*1,concordant
cohort2,cohort2,BWA-MEM,NA18952,HG01969,1,*1/*2,*1/*2,*1/*2,*1/*2,*1/*2,concordant
cohort2,cohort2,BWA-MEM,NA18952,HG01975,1,*1/*1,*1/*1,*1/*1,*1/*1,*1/*1,concordant
cohort2,cohort2,BWA-MEM,NA18952,HG02015,1,*10/*36.ALDY+*10,*10/*36+*10,*10/*10+*36,*10/*10+*36,*10/*10+*36,concordant
cohort2,cohort2,BWA-MEM,NA18952,HG02027,1,*14/*36.ALDY+*10,*14/*36+*10,*10+*36/*14,*10+*36/*14,*10+*36/*14,concordant
cohort2,cohort2,BWA-MEM,NA18952,HG02040,1,*36.ALDY+*10/*36.ALDY+*10,*36+*10/*36+*10,*10+*36/*10+*36,*10+*36/*10+*36,*10+*36/*10+*36,concordant
cohort2,cohort2,BWA-MEM,NA18952,HG02056,1,*36.ALDY+*10/*36.ALDY+*10,*36+*10/*36+*10,*10+*36/*10+*36,*10+*36/*10+*36,*10+*36/*10+*36,concordant
cohort2,cohort2,BWA-MEM,NA18952,HG02071,1,*10+*10/*63,*10+*10/*63,*10+*10/*63,*10+*36/*2,*2/*10+*36,discordant
cohort2,cohort2,BWA-MEM,NA18952,HG02074,1,*36.ALDY+*10/*36.ALDY+*10,*36+*10/*36+*10,*10+*36/*10+*36,*10+*36/*10+*36,*10+*36/*10+*36,concordant
cohort2,cohort2,BWA-MEM,NA18952,HG02083,1,*10+*36.ALDY+*10/*36.ALDY+*10,*10+*36+*10/*36+*10,*10+*10+*36/*10+*36,*10+*36+*36/*10+*36,*10+*36/*10+*36+*36,discordant
cohort2,cohort2,BWA-MEM,NA18952,HG02129,1,*1/*36.ALDY+*10,*1/*36+*10,*1/*10+*36,*1/*10+*36,*1/*10+*36,concordant
cohort2,cohort2,BWA-MEM,NA18952,HG02132,1,*36.ALDY+*10/*36.ALDY+*10,*36+*10/*36+*10,*10+*36/*10+*36,*10+*36/*10+*36,*10+*36/*10+*36,concordant
cohort2,cohort2,BWA-MEM,NA18952,HG02135,1,*36.ALDY+*10/*36.ALDY+*10,*36+*10/*36+*10,*10+*36/*10+*36,*10+*36/*10+*36,*10+*36/*10+*36,concordant
cohort2,cohort2,BWA-MEM,NA18952,HG02155,1,*10+*36.ALDY+*10/*36.ALDY+*10,*10+*36+*10/*36+*10,*10+*10+*36/*10+*36,*10+*36/*10+*36+*36,*10+*36/*10+*36+*36,discordant
cohort2,cohort2,BWA-MEM,NA18952,HG02178,1,*1+*36.ALDY/*36.ALDY+*10,*1+*36/*36+*10,*1+*36/*10+*36,*10+*36+*36/*1,*1/*10+*36+*36,discordant
cohort2,cohort2,BWA-MEM,NA18952,HG02258,1,*1/*17+*17,*1/*17+*17,*1/*17+*17,*17+*17/*1,*1/*17+*17,concordant
cohort2,cohort2,BWA-MEM,NA18952,HG02300,1,*2/*5,*2/*5,*2/*5,*2/*5,*2/*5,concordant
cohort2,cohort2,BWA-MEM,NA18952,HG02486,1,*2/*29,*2/*29,*2/*29,*2/*29,*2/*29,concordant
cohort2,cohort2,BWA-MEM,NA18952,HG02523,1,*1/*5,*1/*5,*1/*5,*5/*1,*1/*5,concordant
cohort2,cohort2,BWA-MEM,NA18952,HG02559,1,*2/*27,*2/*27,*2/*27,*27/*2,*2/*27,concordant
cohort2,cohort2,BWA-MEM,NA18952,HG02602,1,*2/*5,*2/*5,*2/*5,*2/*5,*2/*5,concordant
cohort2,cohort2,BWA-MEM,NA18952,HG02647,1,*4C+*4C/*17,*4+*4/*17,*4+*4/*17,*4+*4/*17,*4+*4/*17,concordant
cohort2,cohort2,BWA-MEM,NA18952,HG02965,1,*4C+*4C/*17,*4+*4/*17,*4+*4/*17,*17/*4+*4,*4+*4/*17,concordant
cohort2,cohort2,BWA-MEM,NA18952,HG03017,1,*1/*2,*1/*2,*1/*2,*1/*2,*1/*2,concordant
cohort2,cohort2,BWA-MEM,NA18952,HG03139,1,*2+*122+rs1135840+rs16947/*17,*2+*122/*17,*2+*122/*17,*17/*2+*2,*2+*2/*17,discordant
cohort2,cohort2,BWA-MEM,NA18952,HG03225,1,*5/*56B,*5/*56,*5/*56,*56/*5,*5/*56,concordant
cohort2,cohort2,BWA-MEM,NA18952,HG03239,1,*1/*5,*1/*5,*1/*5,*5/*1,*1/*5,concordant
cohort2,cohort2,BWA-MEM,NA18952,HG03471,1,*29/*162,*29/*162,*29/*162,*162/*29,*29/*162,concordant
cohort2,cohort2,BWA-MEM,NA18952,HG03654,1,*2/*2,*2/*2,*2/*2,*2/*2,*2/*2,concordant
cohort2,cohort2,BWA-MEM,NA18952,HG03834,1,*1+*1/*4,*1+*1/*4,*1+*1/*4,*1+*1/*4,*1+*1/*4,concordant
cohort2,cohort2,BWA-MEM,NA18952,HG04184,1,*10/*41,*10/*41,*10/*41,*10/*41,*10/*41,concordant
cohort2,cohort2,BWA-MEM,NA18952,HG04228,1,*1/*43,*1/*43,*1/*43,*43/*1,*1/*43,concordant
cohort2,cohort2,BWA-MEM,NA18952,HG06807,1,*2/*4C+*4C,*2/*4+*4,*2/*4+*4,*2/*4+*4,*2/*4+*4,concordant
cohort2,cohort2,BWA-MEM,NA18952,NA18522,1,*1/*106,*1/*106,*1/*106,*106/*1,*1/*106,concordant
cohort2,cohort2,BWA-MEM,NA18952,NA18565,1,*10/*36.ALDY+*10,*10/*36+*10,*10/*10+*36,*10+*36/*36,*10+*36/*36,discordant
cohort2,cohort2,BWA-MEM,NA18952,NA18747,1,*1/*36.ALDY+*10,*1/*36+*10,*1/*10+*36,*1/*10+*36,*1/*10+*36,concordant
cohort2,cohort2,BWA-MEM,NA18952,NA18974,1,*2/*5,*2/*5,*2/*5,*2/*5,*2/*5,concordant
cohort2,cohort2,BWA-MEM,NA18952,NA18976,1,*1/*36.ALDY+*10,*1/*36+*10,*1/*10+*36,*10+*36/*1,*1/*10+*36,concordant
cohort2,cohort2,BWA-MEM,NA18952,NA18983,1,*1/*1,*1/*1,*1/*1,*1/*1,*1/*1,concordant
cohort2,cohort2,BWA-MEM,NA18952,NA19043,1,*1/*1,*1/*1,*1/*1,*1/*1,*1/*1,concordant
cohort2,cohort2,BWA-MEM,NA18952,NA19087,1,*1/*5,*1/*5,*1/*5,*5/*1,*1/*5,concordant
cohort2,cohort2,BWA-MEM,NA18952,NA19776,1,*1/*36.ALDY+*10,*1/*36+*10,*1/*10+*36,*1/*10+*36,*1/*10+*36,concordant
cohort2,cohort2,BWA-MEM,NA18952,NA19909,1,*1/*4C+*4C,*1/*4+*4,*1/*4+*4,*4+*4/*1,*1/*4+*4,concordant
cohort2,cohort2,BWA-MEM,NA18952,NA20282,1,*2/*4,*2/*4,*2/*4,*2/*4,*2/*4,concordant
cohort2,cohort2,BWA-MEM,NA18952,NA20752,1,*1/*4,*1/*4,*1/*4,*1/*4,*1/*4,concordant
cohort2,cohort2,BWA-MEM,NA18952,NA20805,1,*35/*68+*4.021,*35/*68+*4,*4+*68/*35,*35/*4+*68,*4+*68/*35,concordant
cohort2,cohort2,BWA-MEM,NA18952,NA20905,1,*1/*1,*1/*1,*1/*1,*1/*1,*1/*1,concordant
cohort2,cohort2,BWA-MEM,NA18952,NA21102,1,*1/*1,*1/*1,*1/*1,*1/*1,*1/*1,concordant
cohort2,cohort2,BWA-MEM,NA18983,HG00099,1,*1/*5,*1/*5,*1/*5,*1/*5,*1/*5,concordant
cohort2,cohort2,BWA-MEM,NA18983,HG00133,1,*1/*1,*1/*1,*1/*1,*1/*1,*1/*1,concordant
cohort2,cohort2,BWA-MEM,NA18983,HG00232,1,*1+rs769258/*35,*1/*35,*1/*35,*1/*35,*1/*35,concordant
cohort2,cohort2,BWA-MEM,NA18983,HG00253,1,*1/*1,*1/*1,*1/*1,*1/*1,*1/*1,concordant
cohort2,cohort2,BWA-MEM,NA18983,HG00280,1,*2/*41,*2/*41,*2/*41,*2/*41,*2/*41,concordant
cohort2,cohort2,BWA-MEM,NA18983,HG00320,1,*2/*2+*2,*2/*2+*2,*2/*2+*2,*2+*2/*2,*2/*2+*2,concordant
cohort2,cohort2,BWA-MEM,NA18983,HG00350,1,*1/*1,*1/*1,*1/*1,*1/*1,*1/*1,concordant
cohort2,cohort2,BWA-MEM,NA18983,HG00408,1,*10/*36.ALDY+*10,*10/*36+*10,*10/*10+*36,*10+*36/*10,*10/*10+*36,concordant
cohort2,cohort2,BWA-MEM,NA18983,HG00423,1,*10/*10+*10,*10/*10+*10,*10/*10+*10,*10/*10+*10,*10/*10+*10,concordant
cohort2,cohort2,BWA-MEM,NA18983,HG00544,1,*1/*36.ALDY+*10,*1/*36+*10,*1/*10+*36,*1/*10+*36,*1/*10+*36,concordant
cohort2,cohort2,BWA-MEM,NA18983,HG00558,1,*1/*36.ALDY+*10,*1/*36+*10,*1/*10+*36,*10+*36/*1,*1/*10+*36,concordant
cohort2,cohort2,BWA-MEM,NA18983,HG00597,1,*36.ALDY+*10+*49/*36.ALDY+*39,*36+*10+*49/*36+*39,*10+*36+*49/*36+*39,*49/*10+*36+*36+*83,*10+*36+*36+*83/*49,discordant
cohort2,cohort2,BWA-MEM,NA18983,HG00609,1,*36.ALDY+*10+rs1135822/*49,*36+*10/*49,*10+*36/*49,*10+*36/*49,*10+*36/*49,concordant
cohort2,cohort2,BWA-MEM,NA18983,HG00639,1,*1/*1,*1/*1,*1/*1,*1/*1,*1/*1,concordant
cohort2,cohort2,BWA-MEM,NA18983,HG00658,1,*10+*36.ALDY+*10/*36.ALDY+*10,*10+*36+*10/*36+*10,*10+*10+*36/*10+*36,*10+*36/*10+*36+*36,*10+*36/*10+*36+*36,discordant
cohort2,cohort2,BWA-MEM,NA18983,HG01123,1,*1/*2,*1/*2,*1/*2,*2/*1,*1/*2,concordant
cohort2,cohort2,BWA-MEM,NA18983,HG01167,1,*2/*119,*2/*119,*2/*119,*41/*1,*1/*41,discordant
cohort2,cohort2,BWA-MEM,NA18983,HG01192,1,*5/*41,*5/*41,*5/*41,*41/*5,*5/*41,concordant
cohort2,cohort2,BWA-MEM,NA18983,HG01261,1,*1/*5,*1/*5,*1/*5,*1/*5,*1/*5,concordant
cohort2,cohort2,BWA-MEM,NA18983,HG01496,1,*2/*43+*43,*2/*43+*43,*2/*43+*43,*2/*43+*43,*2/*43+*43,concordant
cohort2,cohort2,BWA-MEM,NA18983,HG01530,1,*2/*10,*2/*10,*2/*10,*2/*10,*2/*10,concordant
cohort2,cohort2,BWA-MEM,NA18983,HG01784,1,*1/*68+*4.021,*1/*68+*4,*1/*4+*68,*4+*68/*1,*1/*4+*68,concordant
cohort2,cohort2,BWA-MEM,NA18983,HG01884,1,*1/*2,*1/*2,*1/*2,*1/*2,*1/*2,concordant
cohort2,cohort2,BWA-MEM,NA18983,HG01940,1,*1/*1,*1/*1,*1/*1,*1/*1,*1/*1,concordant
cohort2,cohort2,BWA-MEM,NA18983,HG01969,1,*1/*2,*1/*2,*1/*2,*1/*2,*1/*2,concordant
cohort2,cohort2,BWA-MEM,NA18983,HG01975,1,*1/*1,*1/*1,*1/*1,*1/*1,*1/*1,concordant
cohort2,cohort2,BWA-MEM,NA18983,HG02015,1,*10/*36.ALDY+*10,*10/*36+*10,*10/*10+*36,*10/*10+*36,*10/*10+*36,concordant
cohort2,cohort2,BWA-MEM,NA18983,HG02027,1,*14/*36.ALDY+*10,*14/*36+*10,*10+*36/*14,*10+*36/*14,*10+*36/*14,concordant
cohort2,cohort2,BWA-MEM,NA18983,HG02040,1,*36.ALDY+*10/*36.ALDY+*10,*36+*10/*36+*10,*10+*36/*10+*36,*10+*36/*10+*36,*10+*36/*10+*36,concordant
cohort2,cohort2,BWA-MEM,NA18983,HG02056,1,*36.ALDY+*10/*36.ALDY+*10,*36+*10/*36+*10,*10+*36/*10+*36,*10+*36/*10+*36,*10+*36/*10+*36,concordant
cohort2,cohort2,BWA-MEM,NA18983,HG02071,1,*10+*10/*63,*10+*10/*63,*10+*10/*63,*10+*36/*2,*2/*10+*36,discordant
cohort2,cohort2,BWA-MEM,NA18983,HG02074,1,*36.ALDY+*10/*36.ALDY+*10,*36+*10/*36+*10,*10+*36/*10+*36,*10+*36/*10+*36,*10+*36/*10+*36,concordant
cohort2,cohort2,BWA-MEM,NA18983,HG02083,1,*10+*36.ALDY+*10/*36.ALDY+*10,*10+*36+*10/*36+*10,*10+*10+*36/*10+*36,*10+*36+*36/*10+*36,*10+*36/*10+*36+*36,discordant
cohort2,cohort2,BWA-MEM,NA18983,HG02129,1,*1/*36.ALDY+*10,*1/*36+*10,*1/*10+*36,*1/*10+*36,*1/*10+*36,concordant
cohort2,cohort2,BWA-MEM,NA18983,HG02132,1,*36.ALDY+*10/*36.ALDY+*10,*36+*10/*36+*10,*10+*36/*10+*36,*10+*36/*10+*36,*10+*36/*10+*36,concordant
cohort2,cohort2,BWA-MEM,NA18983,HG02135,1,*36.ALDY+*10/*36.ALDY+*10,*36+*10/*36+*10,*10+*36/*10+*36,*10+*36/*10+*36,*10+*36/*10+*36,concordant
cohort2,cohort2,BWA-MEM,NA18983,HG02155,1,*10+*36.ALDY+*10/*36.ALDY+*10,*10+*36+*10/*36+*10,*10+*10+*36/*10+*36,*10+*36/*10+*36+*36,*10+*36/*10+*36+*36,discordant
cohort2,cohort2,BWA-MEM,NA18983,HG02178,1,*1+*36.ALDY/*36.ALDY+*10,*1+*36/*36+*10,*1+*36/*10+*36,*10+*36+*36/*1,*1/*10+*36+*36,discordant
cohort2,cohort2,BWA-MEM,NA18983,HG02258,1,*1/*17+*17,*1/*17+*17,*1/*17+*17,*17+*17/*1,*1/*17+*17,concordant
cohort2,cohort2,BWA-MEM,NA18983,HG02300,1,*2/*5,*2/*5,*2/*5,*2/*5,*2/*5,concordant
cohort2,cohort2,BWA-MEM,NA18983,HG02486,1,*2/*29,*2/*29,*2/*29,*2/*29,*2/*29,concordant
cohort2,cohort2,BWA-MEM,NA18983,HG02523,1,*1/*5,*1/*5,*1/*5,*5/*1,*1/*5,concordant
cohort2,cohort2,BWA-MEM,NA18983,HG02559,1,*2/*27,*2/*27,*2/*27,*27/*2,*2/*27,concordant
cohort2,cohort2,BWA-MEM,NA18983,HG02602,1,*2/*5,*2/*5,*2/*5,*2/*5,*2/*5,concordant
cohort2,cohort2,BWA-MEM,NA18983,HG02647,1,*4C+*4C/*17,*4+*4/*17,*4+*4/*17,*4+*4/*17,*4+*4/*17,concordant
cohort2,cohort2,BWA-MEM,NA18983,HG02965,1,*4C+*4C/*17,*4+*4/*17,*4+*4/*17,*17/*4+*4,*4+*4/*17,concordant
cohort2,cohort2,BWA-MEM,NA18983,HG03017,1,*1/*2,*1/*2,*1/*2,*1/*2,*1/*2,concordant
cohort2,cohort2,BWA-MEM,NA18983,HG03139,1,*2+*122+rs1135840+rs16947/*17,*2+*122/*17,*2+*122/*17,*17/*2+*2,*2+*2/*17,discordant
cohort2,cohort2,BWA-MEM,NA18983,HG03225,1,*5/*56B,*5/*56,*5/*56,*56/*5,*5/*56,concordant
cohort2,cohort2,BWA-MEM,NA18983,HG03239,1,*1/*5,*1/*5,*1/*5,*5/*1,*1/*5,concordant
cohort2,cohort2,BWA-MEM,NA18983,HG03471,1,*29/*162,*29/*162,*29/*162,*162/*29,*29/*162,concordant
cohort2,cohort2,BWA-MEM,NA18983,HG03654,1,*2/*2,*2/*2,*2/*2,*2/*2,*2/*2,concordant
cohort2,cohort2,BWA-MEM,NA18983,HG03834,1,*1+*1/*4,*1+*1/*4,*1+*1/*4,*1+*1/*4,*1+*1/*4,concordant
cohort2,cohort2,BWA-MEM,NA18983,HG04184,1,*10/*41,*10/*41,*10/*41,*10/*41,*10/*41,concordant
cohort2,cohort2,BWA-MEM,NA18983,HG04228,1,*1/*43,*1/*43,*1/*43,*43/*1,*1/*43,concordant
cohort2,cohort2,BWA-MEM,NA18983,HG06807,1,*2/*4C+*4C,*2/*4+*4,*2/*4+*4,*2/*4+*4,*2/*4+*4,concordant
cohort2,cohort2,BWA-MEM,NA18983,NA18522,1,*1/*106,*1/*106,*1/*106,*106/*1,*1/*106,concordant
cohort2,cohort2,BWA-MEM,NA18983,NA18565,1,*10/*36.ALDY+*10,*10/*36+*10,*10/*10+*36,*10+*36/*36,*10+*36/*36,discordant
cohort2,cohort2,BWA-MEM,NA18983,NA18747,1,*1/*36.ALDY+*10,*1/*36+*10,*1/*10+*36,*1/*10+*36,*1/*10+*36,concordant
cohort2,cohort2,BWA-MEM,NA18983,NA18952,1,*2/*2,*2/*2,*2/*2,*2/*2,*2/*2,concordant
cohort2,cohort2,BWA-MEM,NA18983,NA18974,1,*2/*5,*2/*5,*2/*5,*2/*5,*2/*5,concordant
cohort2,cohort2,BWA-MEM,NA18983,NA18976,1,*1/*36.ALDY+*10,*1/*36+*10,*1/*10+*36,*10+*36/*1,*1/*10+*36,concordant
cohort2,cohort2,BWA-MEM,NA18983,NA19043,1,*1/*1,*1/*1,*1/*1,*1/*1,*1/*1,concordant
cohort2,cohort2,BWA-MEM,NA18983,NA19087,1,*1/*5,*1/*5,*1/*5,*5/*1,*1/*5,concordant
cohort2,cohort2,BWA-MEM,NA18983,NA19776,1,*1/*36.ALDY+*10,*1/*36+*10,*1/*10+*36,*1/*10+*36,*1/*10+*36,concordant
cohort2,cohort2,BWA-MEM,NA18983,NA19909,1,*1/*4C+*4C,*1/*4+*4,*1/*4+*4,*4+*4/*1,*1/*4+*4,concordant
cohort2,cohort2,BWA-MEM,NA18983,NA20282,1,*2/*4,*2/*4,*2/*4,*2/*4,*2/*4,concordant
cohort2,cohort2,BWA-MEM,NA18983,NA20752,1,*1/*4,*1/*4,*1/*4,*1/*4,*1/*4,concordant
cohort2,cohort2,BWA-MEM,NA18983,NA20805,1,*35/*68+*4.021,*35/*68+*4,*4+*68/*35,*35/*4+*68,*4+*68/*35,concordant
cohort2,cohort2,BWA-MEM,NA18983,NA20905,1,*1/*1,*1/*1,*1/*1,*1/*1,*1/*1,concordant
cohort2,cohort2,BWA-MEM,NA18983,NA21102,1,*1/*1,*1/*1,*1/*1,*1/*1,*1/*1,concordant
cohort2,cohort2,BWA-MEM,NA19043,HG00099,1,*1/*5,*1/*5,*1/*5,*1/*5,*1/*5,concordant
cohort2,cohort2,BWA-MEM,NA19043,HG00133,1,*1/*1,*1/*1,*1/*1,*1/*1,*1/*1,concordant
cohort2,cohort2,BWA-MEM,NA19043,HG00232,1,*1+rs769258/*35,*1/*35,*1/*35,*1/*35,*1/*35,concordant
cohort2,cohort2,BWA-MEM,NA19043,HG00253,1,*1/*1,*1/*1,*1/*1,*1/*1,*1/*1,concordant
cohort2,cohort2,BWA-MEM,NA19043,HG00280,1,*2/*41,*2/*41,*2/*41,*2/*41,*2/*41,concordant
cohort2,cohort2,BWA-MEM,NA19043,HG00320,1,*2/*2+*2,*2/*2+*2,*2/*2+*2,*2+*2/*2,*2/*2+*2,concordant
cohort2,cohort2,BWA-MEM,NA19043,HG00350,1,*1/*1,*1/*1,*1/*1,*1/*1,*1/*1,concordant
cohort2,cohort2,BWA-MEM,NA19043,HG00408,1,*10/*36.ALDY+*10,*10/*36+*10,*10/*10+*36,*10+*36/*10,*10/*10+*36,concordant
cohort2,cohort2,BWA-MEM,NA19043,HG00423,1,*10/*10+*10,*10/*10+*10,*10/*10+*10,*10/*10+*10,*10/*10+*10,concordant
cohort2,cohort2,BWA-MEM,NA19043,HG00544,1,*1/*36.ALDY+*10,*1/*36+*10,*1/*10+*36,*1/*10+*36,*1/*10+*36,concordant
cohort2,cohort2,BWA-MEM,NA19043,HG00558,1,*1/*36.ALDY+*10,*1/*36+*10,*1/*10+*36,*10+*36/*1,*1/*10+*36,concordant
cohort2,cohort2,BWA-MEM,NA19043,HG00597,1,*36.ALDY+*10+*49/*36.ALDY+*39,*36+*10+*49/*36+*39,*10+*36+*49/*36+*39,*49/*10+*36+*36+*83,*10+*36+*36+*83/*49,discordant
cohort2,cohort2,BWA-MEM,NA19043,HG00609,1,*36.ALDY+*10+rs1135822/*49,*36+*10/*49,*10+*36/*49,*10+*36/*49,*10+*36/*49,concordant
cohort2,cohort2,BWA-MEM,NA19043,HG00639,1,*1/*1,*1/*1,*1/*1,*1/*1,*1/*1,concordant
cohort2,cohort2,BWA-MEM,NA19043,HG00658,1,*10+*36.ALDY+*10/*36.ALDY+*10,*10+*36+*10/*36+*10,*10+*10+*36/*10+*36,*10+*36/*10+*36+*36,*10+*36/*10+*36+*36,discordant
cohort2,cohort2,BWA-MEM,NA19043,HG01123,1,*1/*2,*1/*2,*1/*2,*2/*1,*1/*2,concordant
cohort2,cohort2,BWA-MEM,NA19043,HG01167,1,*2/*119,*2/*119,*2/*119,*41/*1,*1/*41,discordant
cohort2,cohort2,BWA-MEM,NA19043,HG01192,1,*5/*41,*5/*41,*5/*41,*41/*5,*5/*41,concordant
cohort2,cohort2,BWA-MEM,NA19043,HG01261,1,*1/*5,*1/*5,*1/*5,*1/*5,*1/*5,concordant
cohort2,cohort2,BWA-MEM,NA19043,HG01496,1,*2/*43+*43,*2/*43+*43,*2/*43+*43,*2/*43+*43,*2/*43+*43,concordant
cohort2,cohort2,BWA-MEM,NA19043,HG01530,1,*2/*10,*2/*10,*2/*10,*2/*10,*2/*10,concordant
cohort2,cohort2,BWA-MEM,NA19043,HG01784,1,*1/*68+*4.021,*1/*68+*4,*1/*4+*68,*4+*68/*1,*1/*4+*68,concordant
cohort2,cohort2,BWA-MEM,NA19043,HG01884,1,*1/*2,*1/*2,*1/*2,*1/*2,*1/*2,concordant
cohort2,cohort2,BWA-MEM,NA19043,HG01940,1,*1/*1,*1/*1,*1/*1,*1/*1,*1/*1,concordant
cohort2,cohort2,BWA-MEM,NA19043,HG01969,1,*1/*2,*1/*2,*1/*2,*1/*2,*1/*2,concordant
cohort2,cohort2,BWA-MEM,NA19043,HG01975,1,*1/*1,*1/*1,*1/*1,*1/*1,*1/*1,concordant
cohort2,cohort2,BWA-MEM,NA19043,HG02015,1,*10/*36.ALDY+*10,*10/*36+*10,*10/*10+*36,*10/*10+*36,*10/*10+*36,concordant
cohort2,cohort2,BWA-MEM,NA19043,HG02027,1,*14/*36.ALDY+*10,*14/*36+*10,*10+*36/*14,*10+*36/*14,*10+*36/*14,concordant
cohort2,cohort2,BWA-MEM,NA19043,HG02040,1,*36.ALDY+*10/*36.ALDY+*10,*36+*10/*36+*10,*10+*36/*10+*36,*10+*36/*10+*36,*10+*36/*10+*36,concordant
cohort2,cohort2,BWA-MEM,NA19043,HG02056,1,*36.ALDY+*10/*36.ALDY+*10,*36+*10/*36+*10,*10+*36/*10+*36,*10+*36/*10+*36,*10+*36/*10+*36,concordant
cohort2,cohort2,BWA-MEM,NA19043,HG02071,1,*10+*10/*63,*10+*10/*63,*10+*10/*63,*10+*36/*2,*2/*10+*36,discordant
cohort2,cohort2,BWA-MEM,NA19043,HG02074,1,*36.ALDY+*10/*36.ALDY+*10,*36+*10/*36+*10,*10+*36/*10+*36,*10+*36/*10+*36,*10+*36/*10+*36,concordant
cohort2,cohort2,BWA-MEM,NA19043,HG02083,1,*10+*36.ALDY+*10/*36.ALDY+*10,*10+*36+*10/*36+*10,*10+*10+*36/*10+*36,*10+*36+*36/*10+*36,*10+*36/*10+*36+*36,discordant
cohort2,cohort2,BWA-MEM,NA19043,HG02129,1,*1/*36.ALDY+*10,*1/*36+*10,*1/*10+*36,*1/*10+*36,*1/*10+*36,concordant
cohort2,cohort2,BWA-MEM,NA19043,HG02132,1,*36.ALDY+*10/*36.ALDY+*10,*36+*10/*36+*10,*10+*36/*10+*36,*10+*36/*10+*36,*10+*36/*10+*36,concordant
cohort2,cohort2,BWA-MEM,NA19043,HG02135,1,*36.ALDY+*10/*36.ALDY+*10,*36+*10/*36+*10,*10+*36/*10+*36,*10+*36/*10+*36,*10+*36/*10+*36,concordant
cohort2,cohort2,BWA-MEM,NA19043,HG02155,1,*10+*36.ALDY+*10/*36.ALDY+*10,*10+*36+*10/*36+*10,*10+*10+*36/*10+*36,*10+*36/*10+*36+*36,*10+*36/*10+*36+*36,discordant
cohort2,cohort2,BWA-MEM,NA19043,HG02178,1,*1+*36.ALDY/*36.ALDY+*10,*1+*36/*36+*10,*1+*36/*10+*36,*10+*36+*36/*1,*1/*10+*36+*36,discordant
cohort2,cohort2,BWA-MEM,NA19043,HG02258,1,*1/*17+*17,*1/*17+*17,*1/*17+*17,*17+*17/*1,*1/*17+*17,concordant
cohort2,cohort2,BWA-MEM,NA19043,HG02300,1,*2/*5,*2/*5,*2/*5,*2/*5,*2/*5,concordant
cohort2,cohort2,BWA-MEM,NA19043,HG02486,1,*2/*29,*2/*29,*2/*29,*2/*29,*2/*29,concordant
cohort2,cohort2,BWA-MEM,NA19043,HG02523,1,*1/*5,*1/*5,*1/*5,*5/*1,*1/*5,concordant
cohort2,cohort2,BWA-MEM,NA19043,HG02559,1,*2/*27,*2/*27,*2/*27,*27/*2,*2/*27,concordant
cohort2,cohort2,BWA-MEM,NA19043,HG02602,1,*2/*5,*2/*5,*2/*5,*2/*5,*2/*5,concordant
cohort2,cohort2,BWA-MEM,NA19043,HG02647,1,*4C+*4C/*17,*4+*4/*17,*4+*4/*17,*4+*4/*17,*4+*4/*17,concordant
cohort2,cohort2,BWA-MEM,NA19043,HG02965,1,*4C+*4C/*17,*4+*4/*17,*4+*4/*17,*17/*4+*4,*4+*4/*17,concordant
cohort2,cohort2,BWA-MEM,NA19043,HG03017,1,*1/*2,*1/*2,*1/*2,*1/*2,*1/*2,concordant
cohort2,cohort2,BWA-MEM,NA19043,HG03139,1,*2+*122+rs1135840+rs16947/*17,*2+*122/*17,*2+*122/*17,*17/*2+*2,*2+*2/*17,discordant
cohort2,cohort2,BWA-MEM,NA19043,HG03225,1,*5/*56B,*5/*56,*5/*56,*56/*5,*5/*56,concordant
cohort2,cohort2,BWA-MEM,NA19043,HG03239,1,*1/*5,*1/*5,*1/*5,*5/*1,*1/*5,concordant
cohort2,cohort2,BWA-MEM,NA19043,HG03471,1,*29/*162,*29/*162,*29/*162,*162/*29,*29/*162,concordant
cohort2,cohort2,BWA-MEM,NA19043,HG03654,1,*2/*2,*2/*2,*2/*2,*2/*2,*2/*2,concordant
cohort2,cohort2,BWA-MEM,NA19043,HG03834,1,*1+*1/*4,*1+*1/*4,*1+*1/*4,*1+*1/*4,*1+*1/*4,concordant
cohort2,cohort2,BWA-MEM,NA19043,HG04184,1,*10/*41,*10/*41,*10/*41,*10/*41,*10/*41,concordant
cohort2,cohort2,BWA-MEM,NA19043,HG04228,1,*1/*43,*1/*43,*1/*43,*43/*1,*1/*43,concordant
cohort2,cohort2,BWA-MEM,NA19043,HG06807,1,*2/*4C+*4C,*2/*4+*4,*2/*4+*4,*2/*4+*4,*2/*4+*4,concordant
cohort2,cohort2,BWA-MEM,NA19043,NA18522,1,*1/*106,*1/*106,*1/*106,*106/*1,*1/*106,concordant
cohort2,cohort2,BWA-MEM,NA19043,NA18565,1,*10/*36.ALDY+*10,*10/*36+*10,*10/*10+*36,*10+*36/*36,*10+*36/*36,discordant
cohort2,cohort2,BWA-MEM,NA19043,NA18747,1,*1/*36.ALDY+*10,*1/*36+*10,*1/*10+*36,*1/*10+*36,*1/*10+*36,concordant
cohort2,cohort2,BWA-MEM,NA19043,NA18952,1,*2/*2,*2/*2,*2/*2,*2/*2,*2/*2,concordant
cohort2,cohort2,BWA-MEM,NA19043,NA18974,1,*2/*5,*2/*5,*2/*5,*2/*5,*2/*5,concordant
cohort2,cohort2,BWA-MEM,NA19043,NA18976,1,*1/*36.ALDY+*10,*1/*36+*10,*1/*10+*36,*10+*36/*1,*1/*10+*36,concordant
cohort2,cohort2,BWA-MEM,NA19043,NA18983,1,*1/*1,*1/*1,*1/*1,*1/*1,*1/*1,concordant
cohort2,cohort2,BWA-MEM,NA19043,NA19087,1,*1/*5,*1/*5,*1/*5,*5/*1,*1/*5,concordant
cohort2,cohort2,BWA-MEM,NA19043,NA19776,1,*1/*36.ALDY+*10,*1/*36+*10,*1/*10+*36,*1/*10+*36,*1/*10+*36,concordant
cohort2,cohort2,BWA-MEM,NA19043,NA19909,1,*1/*4C+*4C,*1/*4+*4,*1/*4+*4,*4+*4/*1,*1/*4+*4,concordant
cohort2,cohort2,BWA-MEM,NA19043,NA20282,1,*2/*4,*2/*4,*2/*4,*2/*4,*2/*4,concordant
cohort2,cohort2,BWA-MEM,NA19043,NA20752,1,*1/*4,*1/*4,*1/*4,*1/*4,*1/*4,concordant
cohort2,cohort2,BWA-MEM,NA19043,NA20805,1,*35/*68+*4.021,*35/*68+*4,*4+*68/*35,*35/*4+*68,*4+*68/*35,concordant
cohort2,cohort2,BWA-MEM,NA19043,NA20905,1,*1/*1,*1/*1,*1/*1,*1/*1,*1/*1,concordant
cohort2,cohort2,BWA-MEM,NA19043,NA21102,1,*1/*1,*1/*1,*1/*1,*1/*1,*1/*1,concordant
cohort2,cohort2,BWA-MEM,NA20282,HG00099,1,*1/*5,*1/*5,*1/*5,*1/*5,*1/*5,concordant
cohort2,cohort2,BWA-MEM,NA20282,HG00133,1,*1/*1,*1/*1,*1/*1,*1/*1,*1/*1,concordant
cohort2,cohort2,BWA-MEM,NA20282,HG00232,1,*1+rs769258/*35,*1/*35,*1/*35,*1/*35,*1/*35,concordant
cohort2,cohort2,BWA-MEM,NA20282,HG00253,1,*1/*1,*1/*1,*1/*1,*1/*1,*1/*1,concordant
cohort2,cohort2,BWA-MEM,NA20282,HG00280,1,*2/*41,*2/*41,*2/*41,*2/*41,*2/*41,concordant
cohort2,cohort2,BWA-MEM,NA20282,HG00320,1,*2/*2+*2,*2/*2+*2,*2/*2+*2,*2+*2/*2,*2/*2+*2,concordant
cohort2,cohort2,BWA-MEM,NA20282,HG00350,1,*1/*1,*1/*1,*1/*1,*1/*1,*1/*1,concordant
cohort2,cohort2,BWA-MEM,NA20282,HG00408,1,*10/*36.ALDY+*10,*10/*36+*10,*10/*10+*36,*10+*36/*10,*10/*10+*36,concordant
cohort2,cohort2,BWA-MEM,NA20282,HG00423,1,*10/*10+*10,*10/*10+*10,*10/*10+*10,*10/*10+*10,*10/*10+*10,concordant
cohort2,cohort2,BWA-MEM,NA20282,HG00544,1,*1/*36.ALDY+*10,*1/*36+*10,*1/*10+*36,*1/*10+*36,*1/*10+*36,concordant
cohort2,cohort2,BWA-MEM,NA20282,HG00558,1,*1/*36.ALDY+*10,*1/*36+*10,*1/*10+*36,*10+*36/*1,*1/*10+*36,concordant
cohort2,cohort2,BWA-MEM,NA20282,HG00597,1,*36.ALDY+*10+*49/*36.ALDY+*39,*36+*10+*49/*36+*39,*10+*36+*49/*36+*39,*49/*10+*36+*36+*83,*10+*36+*36+*83/*49,discordant
cohort2,cohort2,BWA-MEM,NA20282,HG00609,1,*36.ALDY+*10+rs1135822/*49,*36+*10/*49,*10+*36/*49,*10+*36/*49,*10+*36/*49,concordant
cohort2,cohort2,BWA-MEM,NA20282,HG00639,1,*1/*1,*1/*1,*1/*1,*1/*1,*1/*1,concordant
cohort2,cohort2,BWA-MEM,NA20282,HG00658,1,*10+*36.ALDY+*10/*36.ALDY+*10,*10+*36+*10/*36+*10,*10+*10+*36/*10+*36,*10+*36/*10+*36+*36,*10+*36/*10+*36+*36,discordant
cohort2,cohort2,BWA-MEM,NA20282,HG01123,1,*1/*2,*1/*2,*1/*2,*2/*1,*1/*2,concordant
cohort2,cohort2,BWA-MEM,NA20282,HG01167,1,*2/*119,*2/*119,*2/*119,*41/*1,*1/*41,discordant
cohort2,cohort2,BWA-MEM,NA20282,HG01192,1,*5/*41,*5/*41,*5/*41,*41/*5,*5/*41,concordant
cohort2,cohort2,BWA-MEM,NA20282,HG01261,1,*1/*5,*1/*5,*1/*5,*1/*5,*1/*5,concordant
cohort2,cohort2,BWA-MEM,NA20282,HG01496,1,*2/*43+*43,*2/*43+*43,*2/*43+*43,*2/*43+*43,*2/*43+*43,concordant
cohort2,cohort2,BWA-MEM,NA20282,HG01530,1,*2/*10,*2/*10,*2/*10,*2/*10,*2/*10,concordant
cohort2,cohort2,BWA-MEM,NA20282,HG01784,1,*1/*68+*4.021,*1/*68+*4,*1/*4+*68,*4+*68/*1,*1/*4+*68,concordant
cohort2,cohort2,BWA-MEM,NA20282,HG01884,1,*1/*2,*1/*2,*1/*2,*1/*2,*1/*2,concordant
cohort2,cohort2,BWA-MEM,NA20282,HG01940,1,*1/*1,*1/*1,*1/*1,*1/*1,*1/*1,concordant
cohort2,cohort2,BWA-MEM,NA20282,HG01969,1,*1/*2,*1/*2,*1/*2,*1/*2,*1/*2,concordant
cohort2,cohort2,BWA-MEM,NA20282,HG01975,1,*1/*1,*1/*1,*1/*1,*1/*1,*1/*1,concordant
cohort2,cohort2,BWA-MEM,NA20282,HG02015,1,*10/*36.ALDY+*10,*10/*36+*10,*10/*10+*36,*10/*10+*36,*10/*10+*36,concordant
cohort2,cohort2,BWA-MEM,NA20282,HG02027,1,*14/*36.ALDY+*10,*14/*36+*10,*10+*36/*14,*10+*36/*14,*10+*36/*14,concordant
cohort2,cohort2,BWA-MEM,NA20282,HG02040,1,*36.ALDY+*10/*36.ALDY+*10,*36+*10/*36+*10,*10+*36/*10+*36,*10+*36/*10+*36,*10+*36/*10+*36,concordant
cohort2,cohort2,BWA-MEM,NA20282,HG02056,1,*36.ALDY+*10/*36.ALDY+*10,*36+*10/*36+*10,*10+*36/*10+*36,*10+*36/*10+*36,*10+*36/*10+*36,concordant
cohort2,cohort2,BWA-MEM,NA20282,HG02071,1,*10+*10/*63,*10+*10/*63,*10+*10/*63,*10+*36/*2,*2/*10+*36,discordant
cohort2,cohort2,BWA-MEM,NA20282,HG02074,1,*36.ALDY+*10/*36.ALDY+*10,*36+*10/*36+*10,*10+*36/*10+*36,*10+*36/*10+*36,*10+*36/*10+*36,concordant
cohort2,cohort2,BWA-MEM,NA20282,HG02083,1,*10+*36.ALDY+*10/*36.ALDY+*10,*10+*36+*10/*36+*10,*10+*10+*36/*10+*36,*10+*36+*36/*10+*36,*10+*36/*10+*36+*36,discordant
cohort2,cohort2,BWA-MEM,NA20282,HG02129,1,*1/*36.ALDY+*10,*1/*36+*10,*1/*10+*36,*1/*10+*36,*1/*10+*36,concordant
cohort2,cohort2,BWA-MEM,NA20282,HG02132,1,*36.ALDY+*10/*36.ALDY+*10,*36+*10/*36+*10,*10+*36/*10+*36,*10+*36/*10+*36,*10+*36/*10+*36,concordant
cohort2,cohort2,BWA-MEM,NA20282,HG02135,1,*36.ALDY+*10/*36.ALDY+*10,*36+*10/*36+*10,*10+*36/*10+*36,*10+*36/*10+*36,*10+*36/*10+*36,concordant
cohort2,cohort2,BWA-MEM,NA20282,HG02155,1,*10+*36.ALDY+*10/*36.ALDY+*10,*10+*36+*10/*36+*10,*10+*10+*36/*10+*36,*10+*36/*10+*36+*36,*10+*36/*10+*36+*36,discordant
cohort2,cohort2,BWA-MEM,NA20282,HG02178,1,*1+*36.ALDY/*36.ALDY+*10,*1+*36/*36+*10,*1+*36/*10+*36,*10+*36+*36/*1,*1/*10+*36+*36,discordant
cohort2,cohort2,BWA-MEM,NA20282,HG02258,1,*1/*17+*17,*1/*17+*17,*1/*17+*17,*17+*17/*1,*1/*17+*17,concordant
cohort2,cohort2,BWA-MEM,NA20282,HG02300,1,*2/*5,*2/*5,*2/*5,*2/*5,*2/*5,concordant
cohort2,cohort2,BWA-MEM,NA20282,HG02486,1,*2/*29,*2/*29,*2/*29,*2/*29,*2/*29,concordant
cohort2,cohort2,BWA-MEM,NA20282,HG02523,1,*1/*5,*1/*5,*1/*5,*5/*1,*1/*5,concordant
cohort2,cohort2,BWA-MEM,NA20282,HG02559,1,*2/*27,*2/*27,*2/*27,*27/*2,*2/*27,concordant
cohort2,cohort2,BWA-MEM,NA20282,HG02602,1,*2/*5,*2/*5,*2/*5,*2/*5,*2/*5,concordant
cohort2,cohort2,BWA-MEM,NA20282,HG02647,1,*4C+*4C/*17,*4+*4/*17,*4+*4/*17,*4+*4/*17,*4+*4/*17,concordant
cohort2,cohort2,BWA-MEM,NA20282,HG02965,1,*4C+*4C/*17,*4+*4/*17,*4+*4/*17,*17/*4+*4,*4+*4/*17,concordant
cohort2,cohort2,BWA-MEM,NA20282,HG03017,1,*1/*2,*1/*2,*1/*2,*1/*2,*1/*2,concordant
cohort2,cohort2,BWA-MEM,NA20282,HG03139,1,*2+*122+rs1135840+rs16947/*17,*2+*122/*17,*2+*122/*17,*17/*2+*2,*2+*2/*17,discordant
cohort2,cohort2,BWA-MEM,NA20282,HG03225,1,*5/*56B,*5/*56,*5/*56,*56/*5,*5/*56,concordant
cohort2,cohort2,BWA-MEM,NA20282,HG03239,1,*1/*5,*1/*5,*1/*5,*5/*1,*1/*5,concordant
cohort2,cohort2,BWA-MEM,NA20282,HG03471,1,*29/*162,*29/*162,*29/*162,*162/*29,*29/*162,concordant
cohort2,cohort2,BWA-MEM,NA20282,HG03654,1,*2/*2,*2/*2,*2/*2,*2/*2,*2/*2,concordant
cohort2,cohort2,BWA-MEM,NA20282,HG03834,1,*1+*1/*4,*1+*1/*4,*1+*1/*4,*1+*1/*4,*1+*1/*4,concordant
cohort2,cohort2,BWA-MEM,NA20282,HG04184,1,*10/*41,*10/*41,*10/*41,*10/*41,*10/*41,concordant
cohort2,cohort2,BWA-MEM,NA20282,HG04228,1,*1/*43,*1/*43,*1/*43,*43/*1,*1/*43,concordant
cohort2,cohort2,BWA-MEM,NA20282,HG06807,1,*2/*4C+*4C,*2/*4+*4,*2/*4+*4,*2/*4+*4,*2/*4+*4,concordant
cohort2,cohort2,BWA-MEM,NA20282,NA18522,1,*1/*106,*1/*106,*1/*106,*106/*1,*1/*106,concordant
cohort2,cohort2,BWA-MEM,NA20282,NA18565,1,*10/*36.ALDY+*10,*10/*36+*10,*10/*10+*36,*10+*36/*36,*10+*36/*36,discordant
cohort2,cohort2,BWA-MEM,NA20282,NA18747,1,*1/*36.ALDY+*10,*1/*36+*10,*1/*10+*36,*1/*10+*36,*1/*10+*36,concordant
cohort2,cohort2,BWA-MEM,NA20282,NA18952,1,*2/*2,*2/*2,*2/*2,*2/*2,*2/*2,concordant
cohort2,cohort2,BWA-MEM,NA20282,NA18974,1,*2/*5,*2/*5,*2/*5,*2/*5,*2/*5,concordant
cohort2,cohort2,BWA-MEM,NA20282,NA18976,1,*1/*36.ALDY+*10,*1/*36+*10,*1/*10+*36,*10+*36/*1,*1/*10+*36,concordant
cohort2,cohort2,BWA-MEM,NA20282,NA18983,1,*1/*1,*1/*1,*1/*1,*1/*1,*1/*1,concordant
cohort2,cohort2,BWA-MEM,NA20282,NA19043,1,*1/*1,*1/*1,*1/*1,*1/*1,*1/*1,concordant
cohort2,cohort2,BWA-MEM,NA20282,NA19087,1,*1/*5,*1/*5,*1/*5,*5/*1,*1/*5,concordant
cohort2,cohort2,BWA-MEM,NA20282,NA19776,1,*1/*36.ALDY+*10,*1/*36+*10,*1/*10+*36,*1/*10+*36,*1/*10+*36,concordant
cohort2,cohort2,BWA-MEM,NA20282,NA19909,1,*1/*4C+*4C,*1/*4+*4,*1/*4+*4,*4+*4/*1,*1/*4+*4,concordant
cohort2,cohort2,BWA-MEM,NA20282,NA20752,1,*1/*4,*1/*4,*1/*4,*1/*4,*1/*4,concordant
cohort2,cohort2,BWA-MEM,NA20282,NA20805,1,*35/*68+*4.021,*35/*68+*4,*4+*68/*35,*35/*4+*68,*4+*68/*35,concordant
cohort2,cohort2,BWA-MEM,NA20282,NA20905,1,*1/*1,*1/*1,*1/*1,*1/*1,*1/*1,concordant
cohort2,cohort2,BWA-MEM,NA20282,NA21102,1,*1/*1,*1/*1,*1/*1,*1/*1,*1/*1,concordant
cohort2,cohort2,BWA-MEM,NA20752,HG00099,1,*1/*5,*1/*5,*1/*5,*1/*5,*1/*5,concordant
cohort2,cohort2,BWA-MEM,NA20752,HG00133,1,*1/*1,*1/*1,*1/*1,*1/*1,*1/*1,concordant
cohort2,cohort2,BWA-MEM,NA20752,HG00232,1,*1+rs769258/*35,*1/*35,*1/*35,*1/*35,*1/*35,concordant
cohort2,cohort2,BWA-MEM,NA20752,HG00253,1,*1/*1,*1/*1,*1/*1,*1/*1,*1/*1,concordant
cohort2,cohort2,BWA-MEM,NA20752,HG00280,1,*2/*41,*2/*41,*2/*41,*2/*41,*2/*41,concordant
cohort2,cohort2,BWA-MEM,NA20752,HG00320,1,*2/*2+*2,*2/*2+*2,*2/*2+*2,*2+*2/*2,*2/*2+*2,concordant
cohort2,cohort2,BWA-MEM,NA20752,HG00350,1,*1/*1,*1/*1,*1/*1,*1/*1,*1/*1,concordant
cohort2,cohort2,BWA-MEM,NA20752,HG00408,1,*10/*36.ALDY+*10,*10/*36+*10,*10/*10+*36,*10+*36/*10,*10/*10+*36,concordant
cohort2,cohort2,BWA-MEM,NA20752,HG00423,1,*10/*10+*10,*10/*10+*10,*10/*10+*10,*10/*10+*10,*10/*10+*10,concordant
cohort2,cohort2,BWA-MEM,NA20752,HG00544,1,*1/*36.ALDY+*10,*1/*36+*10,*1/*10+*36,*1/*10+*36,*1/*10+*36,concordant
cohort2,cohort2,BWA-MEM,NA20752,HG00558,1,*1/*36.ALDY+*10,*1/*36+*10,*1/*10+*36,*10+*36/*1,*1/*10+*36,concordant
cohort2,cohort2,BWA-MEM,NA20752,HG00597,1,*36.ALDY+*10+*49/*36.ALDY+*39,*36+*10+*49/*36+*39,*10+*36+*49/*36+*39,*49/*10+*36+*36+*83,*10+*36+*36+*83/*49,discordant
cohort2,cohort2,BWA-MEM,NA20752,HG00609,1,*36.ALDY+*10+rs1135822/*49,*36+*10/*49,*10+*36/*49,*10+*36/*49,*10+*36/*49,concordant
cohort2,cohort2,BWA-MEM,NA20752,HG00639,1,*1/*1,*1/*1,*1/*1,*1/*1,*1/*1,concordant
cohort2,cohort2,BWA-MEM,NA20752,HG00658,1,*10+*36.ALDY+*10/*36.ALDY+*10,*10+*36+*10/*36+*10,*10+*10+*36/*10+*36,*10+*36/*10+*36+*36,*10+*36/*10+*36+*36,discordant
cohort2,cohort2,BWA-MEM,NA20752,HG01123,1,*1/*2,*1/*2,*1/*2,*2/*1,*1/*2,concordant
cohort2,cohort2,BWA-MEM,NA20752,HG01167,1,*2/*119,*2/*119,*2/*119,*41/*1,*1/*41,discordant
cohort2,cohort2,BWA-MEM,NA20752,HG01192,1,*5/*41,*5/*41,*5/*41,*41/*5,*5/*41,concordant
cohort2,cohort2,BWA-MEM,NA20752,HG01261,1,*1/*5,*1/*5,*1/*5,*1/*5,*1/*5,concordant
cohort2,cohort2,BWA-MEM,NA20752,HG01496,1,*2/*43+*43,*2/*43+*43,*2/*43+*43,*2/*43+*43,*2/*43+*43,concordant
cohort2,cohort2,BWA-MEM,NA20752,HG01530,1,*2/*10,*2/*10,*2/*10,*2/*10,*2/*10,concordant
cohort2,cohort2,BWA-MEM,NA20752,HG01784,1,*1/*68+*4.021,*1/*68+*4,*1/*4+*68,*4+*68/*1,*1/*4+*68,concordant
cohort2,cohort2,BWA-MEM,NA20752,HG01884,1,*1/*2,*1/*2,*1/*2,*1/*2,*1/*2,concordant
cohort2,cohort2,BWA-MEM,NA20752,HG01940,1,*1/*1,*1/*1,*1/*1,*1/*1,*1/*1,concordant
cohort2,cohort2,BWA-MEM,NA20752,HG01969,1,*1/*2,*1/*2,*1/*2,*1/*2,*1/*2,concordant
cohort2,cohort2,BWA-MEM,NA20752,HG01975,1,*1/*1,*1/*1,*1/*1,*1/*1,*1/*1,concordant
cohort2,cohort2,BWA-MEM,NA20752,HG02015,1,*10/*36.ALDY+*10,*10/*36+*10,*10/*10+*36,*10/*10+*36,*10/*10+*36,concordant
cohort2,cohort2,BWA-MEM,NA20752,HG02027,1,*14/*36.ALDY+*10,*14/*36+*10,*10+*36/*14,*10+*36/*14,*10+*36/*14,concordant
cohort2,cohort2,BWA-MEM,NA20752,HG02040,1,*36.ALDY+*10/*36.ALDY+*10,*36+*10/*36+*10,*10+*36/*10+*36,*10+*36/*10+*36,*10+*36/*10+*36,concordant
cohort2,cohort2,BWA-MEM,NA20752,HG02056,1,*36.ALDY+*10/*36.ALDY+*10,*36+*10/*36+*10,*10+*36/*10+*36,*10+*36/*10+*36,*10+*36/*10+*36,concordant
cohort2,cohort2,BWA-MEM,NA20752,HG02071,1,*10+*10/*63,*10+*10/*63,*10+*10/*63,*10+*36/*2,*2/*10+*36,discordant
cohort2,cohort2,BWA-MEM,NA20752,HG02074,1,*36.ALDY+*10/*36.ALDY+*10,*36+*10/*36+*10,*10+*36/*10+*36,*10+*36/*10+*36,*10+*36/*10+*36,concordant
cohort2,cohort2,BWA-MEM,NA20752,HG02083,1,*10+*36.ALDY+*10/*36.ALDY+*10,*10+*36+*10/*36+*10,*10+*10+*36/*10+*36,*10+*36+*36/*10+*36,*10+*36/*10+*36+*36,discordant
cohort2,cohort2,BWA-MEM,NA20752,HG02129,1,*1/*36.ALDY+*10,*1/*36+*10,*1/*10+*36,*1/*10+*36,*1/*10+*36,concordant
cohort2,cohort2,BWA-MEM,NA20752,HG02132,1,*36.ALDY+*10/*36.ALDY+*10,*36+*10/*36+*10,*10+*36/*10+*36,*10+*36/*10+*36,*10+*36/*10+*36,concordant
cohort2,cohort2,BWA-MEM,NA20752,HG02135,1,*36.ALDY+*10/*36.ALDY+*10,*36+*10/*36+*10,*10+*36/*10+*36,*10+*36/*10+*36,*10+*36/*10+*36,concordant
cohort2,cohort2,BWA-MEM,NA20752,HG02155,1,*10+*36.ALDY+*10/*36.ALDY+*10,*10+*36+*10/*36+*10,*10+*10+*36/*10+*36,*10+*36/*10+*36+*36,*10+*36/*10+*36+*36,discordant
cohort2,cohort2,BWA-MEM,NA20752,HG02178,1,*1+*36.ALDY/*36.ALDY+*10,*1+*36/*36+*10,*1+*36/*10+*36,*10+*36+*36/*1,*1/*10+*36+*36,discordant
cohort2,cohort2,BWA-MEM,NA20752,HG02258,1,*1/*17+*17,*1/*17+*17,*1/*17+*17,*17+*17/*1,*1/*17+*17,concordant
cohort2,cohort2,BWA-MEM,NA20752,HG02300,1,*2/*5,*2/*5,*2/*5,*2/*5,*2/*5,concordant
cohort2,cohort2,BWA-MEM,NA20752,HG02486,1,*2/*29,*2/*29,*2/*29,*2/*29,*2/*29,concordant
cohort2,cohort2,BWA-MEM,NA20752,HG02523,1,*1/*5,*1/*5,*1/*5,*5/*1,*1/*5,concordant
cohort2,cohort2,BWA-MEM,NA20752,HG02559,1,*2/*27,*2/*27,*2/*27,*27/*2,*2/*27,concordant
cohort2,cohort2,BWA-MEM,NA20752,HG02602,1,*2/*5,*2/*5,*2/*5,*2/*5,*2/*5,concordant
cohort2,cohort2,BWA-MEM,NA20752,HG02647,1,*4C+*4C/*17,*4+*4/*17,*4+*4/*17,*4+*4/*17,*4+*4/*17,concordant
cohort2,cohort2,BWA-MEM,NA20752,HG02965,1,*4C+*4C/*17,*4+*4/*17,*4+*4/*17,*17/*4+*4,*4+*4/*17,concordant
cohort2,cohort2,BWA-MEM,NA20752,HG03017,1,*1/*2,*1/*2,*1/*2,*1/*2,*1/*2,concordant
cohort2,cohort2,BWA-MEM,NA20752,HG03139,1,*2+*122+rs1135840+rs16947/*17,*2+*122/*17,*2+*122/*17,*17/*2+*2,*2+*2/*17,discordant
cohort2,cohort2,BWA-MEM,NA20752,HG03225,1,*5/*56B,*5/*56,*5/*56,*56/*5,*5/*56,concordant
cohort2,cohort2,BWA-MEM,NA20752,HG03239,1,*1/*5,*1/*5,*1/*5,*5/*1,*1/*5,concordant
cohort2,cohort2,BWA-MEM,NA20752,HG03471,1,*29/*162,*29/*162,*29/*162,*162/*29,*29/*162,concordant
cohort2,cohort2,BWA-MEM,NA20752,HG03654,1,*2/*2,*2/*2,*2/*2,*2/*2,*2/*2,concordant
cohort2,cohort2,BWA-MEM,NA20752,HG03834,1,*1+*1/*4,*1+*1/*4,*1+*1/*4,*1+*1/*4,*1+*1/*4,concordant
cohort2,cohort2,BWA-MEM,NA20752,HG04184,1,*10/*41,*10/*41,*10/*41,*10/*41,*10/*41,concordant
cohort2,cohort2,BWA-MEM,NA20752,HG04228,1,*1/*43,*1/*43,*1/*43,*43/*1,*1/*43,concordant
cohort2,cohort2,BWA-MEM,NA20752,HG06807,1,*2/*4C+*4C,*2/*4+*4,*2/*4+*4,*2/*4+*4,*2/*4+*4,concordant
cohort2,cohort2,BWA-MEM,NA20752,NA18522,1,*1/*106,*1/*106,*1/*106,*106/*1,*1/*106,concordant
cohort2,cohort2,BWA-MEM,NA20752,NA18565,1,*10/*36.ALDY+*10,*10/*36+*10,*10/*10+*36,*10+*36/*36,*10+*36/*36,discordant
cohort2,cohort2,BWA-MEM,NA20752,NA18747,1,*1/*36.ALDY+*10,*1/*36+*10,*1/*10+*36,*1/*10+*36,*1/*10+*36,concordant
cohort2,cohort2,BWA-MEM,NA20752,NA18952,1,*2/*2,*2/*2,*2/*2,*2/*2,*2/*2,concordant
cohort2,cohort2,BWA-MEM,NA20752,NA18974,1,*2/*5,*2/*5,*2/*5,*2/*5,*2/*5,concordant
cohort2,cohort2,BWA-MEM,NA20752,NA18976,1,*1/*36.ALDY+*10,*1/*36+*10,*1/*10+*36,*10+*36/*1,*1/*10+*36,concordant
cohort2,cohort2,BWA-MEM,NA20752,NA18983,1,*1/*1,*1/*1,*1/*1,*1/*1,*1/*1,concordant
cohort2,cohort2,BWA-MEM,NA20752,NA19043,1,*1/*1,*1/*1,*1/*1,*1/*1,*1/*1,concordant
cohort2,cohort2,BWA-MEM,NA20752,NA19087,1,*1/*5,*1/*5,*1/*5,*5/*1,*1/*5,concordant
cohort2,cohort2,BWA-MEM,NA20752,NA19776,1,*1/*36.ALDY+*10,*1/*36+*10,*1/*10+*36,*1/*10+*36,*1/*10+*36,concordant
cohort2,cohort2,BWA-MEM,NA20752,NA19909,1,*1/*4C+*4C,*1/*4+*4,*1/*4+*4,*4+*4/*1,*1/*4+*4,concordant
cohort2,cohort2,BWA-MEM,NA20752,NA20282,1,*2/*4,*2/*4,*2/*4,*2/*4,*2/*4,concordant
cohort2,cohort2,BWA-MEM,NA20752,NA20805,1,*35/*68+*4.021,*35/*68+*4,*4+*68/*35,*35/*4+*68,*4+*68/*35,concordant
cohort2,cohort2,BWA-MEM,NA20752,NA20905,1,*1/*1,*1/*1,*1/*1,*1/*1,*1/*1,concordant
cohort2,cohort2,BWA-MEM,NA20752,NA21102,1,*1/*1,*1/*1,*1/*1,*1/*1,*1/*1,concordant
cohort2,cohort2,BWA-MEM,NA20905,HG00099,1,*1/*5,*1/*5,*1/*5,*1/*5,*1/*5,concordant
cohort2,cohort2,BWA-MEM,NA20905,HG00133,1,*1/*1,*1/*1,*1/*1,*1/*1,*1/*1,concordant
cohort2,cohort2,BWA-MEM,NA20905,HG00232,1,*1+rs769258/*35,*1/*35,*1/*35,*1/*35,*1/*35,concordant
cohort2,cohort2,BWA-MEM,NA20905,HG00253,1,*1/*1,*1/*1,*1/*1,*1/*1,*1/*1,concordant
cohort2,cohort2,BWA-MEM,NA20905,HG00280,1,*2/*41,*2/*41,*2/*41,*2/*41,*2/*41,concordant
cohort2,cohort2,BWA-MEM,NA20905,HG00320,1,*2/*2+*2,*2/*2+*2,*2/*2+*2,*2+*2/*2,*2/*2+*2,concordant
cohort2,cohort2,BWA-MEM,NA20905,HG00350,1,*1/*1,*1/*1,*1/*1,*1/*1,*1/*1,concordant
cohort2,cohort2,BWA-MEM,NA20905,HG00408,1,*10/*36.ALDY+*10,*10/*36+*10,*10/*10+*36,*10+*36/*10,*10/*10+*36,concordant
cohort2,cohort2,BWA-MEM,NA20905,HG00423,1,*10/*10+*10,*10/*10+*10,*10/*10+*10,*10/*10+*10,*10/*10+*10,concordant
cohort2,cohort2,BWA-MEM,NA20905,HG00544,1,*1/*36.ALDY+*10,*1/*36+*10,*1/*10+*36,*1/*10+*36,*1/*10+*36,concordant
cohort2,cohort2,BWA-MEM,NA20905,HG00558,1,*1/*36.ALDY+*10,*1/*36+*10,*1/*10+*36,*10+*36/*1,*1/*10+*36,concordant
cohort2,cohort2,BWA-MEM,NA20905,HG00597,1,*36.ALDY+*10+*49/*36.ALDY+*39,*36+*10+*49/*36+*39,*10+*36+*49/*36+*39,*49/*10+*36+*36+*83,*10+*36+*36+*83/*49,discordant
cohort2,cohort2,BWA-MEM,NA20905,HG00609,1,*36.ALDY+*10+rs1135822/*49,*36+*10/*49,*10+*36/*49,*10+*36/*49,*10+*36/*49,concordant
cohort2,cohort2,BWA-MEM,NA20905,HG00639,1,*1/*1,*1/*1,*1/*1,*1/*1,*1/*1,concordant
cohort2,cohort2,BWA-MEM,NA20905,HG00658,1,*10+*36.ALDY+*10/*36.ALDY+*10,*10+*36+*10/*36+*10,*10+*10+*36/*10+*36,*10+*36/*10+*36+*36,*10+*36/*10+*36+*36,discordant
cohort2,cohort2,BWA-MEM,NA20905,HG01123,1,*1/*2,*1/*2,*1/*2,*2/*1,*1/*2,concordant
cohort2,cohort2,BWA-MEM,NA20905,HG01167,1,*2/*119,*2/*119,*2/*119,*41/*1,*1/*41,discordant
cohort2,cohort2,BWA-MEM,NA20905,HG01192,1,*5/*41,*5/*41,*5/*41,*41/*5,*5/*41,concordant
cohort2,cohort2,BWA-MEM,NA20905,HG01261,1,*1/*5,*1/*5,*1/*5,*1/*5,*1/*5,concordant
cohort2,cohort2,BWA-MEM,NA20905,HG01496,1,*2/*43+*43,*2/*43+*43,*2/*43+*43,*2/*43+*43,*2/*43+*43,concordant
cohort2,cohort2,BWA-MEM,NA20905,HG01530,1,*2/*10,*2/*10,*2/*10,*2/*10,*2/*10,concordant
cohort2,cohort2,BWA-MEM,NA20905,HG01784,1,*1/*68+*4.021,*1/*68+*4,*1/*4+*68,*4+*68/*1,*1/*4+*68,concordant
cohort2,cohort2,BWA-MEM,NA20905,HG01884,1,*1/*2,*1/*2,*1/*2,*1/*2,*1/*2,concordant
cohort2,cohort2,BWA-MEM,NA20905,HG01940,1,*1/*1,*1/*1,*1/*1,*1/*1,*1/*1,concordant
cohort2,cohort2,BWA-MEM,NA20905,HG01969,1,*1/*2,*1/*2,*1/*2,*1/*2,*1/*2,concordant
cohort2,cohort2,BWA-MEM,NA20905,HG01975,1,*1/*1,*1/*1,*1/*1,*1/*1,*1/*1,concordant
cohort2,cohort2,BWA-MEM,NA20905,HG02015,1,*10/*36.ALDY+*10,*10/*36+*10,*10/*10+*36,*10/*10+*36,*10/*10+*36,concordant
cohort2,cohort2,BWA-MEM,NA20905,HG02027,1,*14/*36.ALDY+*10,*14/*36+*10,*10+*36/*14,*10+*36/*14,*10+*36/*14,concordant
cohort2,cohort2,BWA-MEM,NA20905,HG02040,1,*36.ALDY+*10/*36.ALDY+*10,*36+*10/*36+*10,*10+*36/*10+*36,*10+*36/*10+*36,*10+*36/*10+*36,concordant
cohort2,cohort2,BWA-MEM,NA20905,HG02056,1,*36.ALDY+*10/*36.ALDY+*10,*36+*10/*36+*10,*10+*36/*10+*36,*10+*36/*10+*36,*10+*36/*10+*36,concordant
cohort2,cohort2,BWA-MEM,NA20905,HG02071,1,*10+*10/*63,*10+*10/*63,*10+*10/*63,*10+*36/*2,*2/*10+*36,discordant
cohort2,cohort2,BWA-MEM,NA20905,HG02074,1,*36.ALDY+*10/*36.ALDY+*10,*36+*10/*36+*10,*10+*36/*10+*36,*10+*36/*10+*36,*10+*36/*10+*36,concordant
cohort2,cohort2,BWA-MEM,NA20905,HG02083,1,*10+*36.ALDY+*10/*36.ALDY+*10,*10+*36+*10/*36+*10,*10+*10+*36/*10+*36,*10+*36+*36/*10+*36,*10+*36/*10+*36+*36,discordant
cohort2,cohort2,BWA-MEM,NA20905,HG02129,1,*1/*36.ALDY+*10,*1/*36+*10,*1/*10+*36,*1/*10+*36,*1/*10+*36,concordant
cohort2,cohort2,BWA-MEM,NA20905,HG02132,1,*36.ALDY+*10/*36.ALDY+*10,*36+*10/*36+*10,*10+*36/*10+*36,*10+*36/*10+*36,*10+*36/*10+*36,concordant
cohort2,cohort2,BWA-MEM,NA20905,HG02135,1,*36.ALDY+*10/*36.ALDY+*10,*36+*10/*36+*10,*10+*36/*10+*36,*10+*36/*10+*36,*10+*36/*10+*36,concordant
cohort2,cohort2,BWA-MEM,NA20905,HG02155,1,*10+*36.ALDY+*10/*36.ALDY+*10,*10+*36+*10/*36+*10,*10+*10+*36/*10+*36,*10+*36/*10+*36+*36,*10+*36/*10+*36+*36,discordant
cohort2,cohort2,BWA-MEM,NA20905,HG02178,1,*1+*36.ALDY/*36.ALDY+*10,*1+*36/*36+*10,*1+*36/*10+*36,*10+*36+*36/*1,*1/*10+*36+*36,discordant
cohort2,cohort2,BWA-MEM,NA20905,HG02258,1,*1/*17+*17,*1/*17+*17,*1/*17+*17,*17+*17/*1,*1/*17+*17,concordant
cohort2,cohort2,BWA-MEM,NA20905,HG02300,1,*2/*5,*2/*5,*2/*5,*2/*5,*2/*5,concordant
cohort2,cohort2,BWA-MEM,NA20905,HG02486,1,*2/*29,*2/*29,*2/*29,*2/*29,*2/*29,concordant
cohort2,cohort2,BWA-MEM,NA20905,HG02523,1,*1/*5,*1/*5,*1/*5,*5/*1,*1/*5,concordant
cohort2,cohort2,BWA-MEM,NA20905,HG02559,1,*2/*27,*2/*27,*2/*27,*27/*2,*2/*27,concordant
cohort2,cohort2,BWA-MEM,NA20905,HG02602,1,*2/*5,*2/*5,*2/*5,*2/*5,*2/*5,concordant
cohort2,cohort2,BWA-MEM,NA20905,HG02647,1,*4C+*4C/*17,*4+*4/*17,*4+*4/*17,*4+*4/*17,*4+*4/*17,concordant
cohort2,cohort2,BWA-MEM,NA20905,HG02965,1,*4C+*4C/*17,*4+*4/*17,*4+*4/*17,*17/*4+*4,*4+*4/*17,concordant
cohort2,cohort2,BWA-MEM,NA20905,HG03017,1,*1/*2,*1/*2,*1/*2,*1/*2,*1/*2,concordant
cohort2,cohort2,BWA-MEM,NA20905,HG03139,1,*2+*122+rs1135840+rs16947/*17,*2+*122/*17,*2+*122/*17,*17/*2+*2,*2+*2/*17,discordant
cohort2,cohort2,BWA-MEM,NA20905,HG03225,1,*5/*56B,*5/*56,*5/*56,*56/*5,*5/*56,concordant
cohort2,cohort2,BWA-MEM,NA20905,HG03239,1,*1/*5,*1/*5,*1/*5,*5/*1,*1/*5,concordant
cohort2,cohort2,BWA-MEM,NA20905,HG03471,1,*29/*162,*29/*162,*29/*162,*162/*29,*29/*162,concordant
cohort2,cohort2,BWA-MEM,NA20905,HG03654,1,*2/*2,*2/*2,*2/*2,*2/*2,*2/*2,concordant
cohort2,cohort2,BWA-MEM,NA20905,HG03834,1,*1+*1/*4,*1+*1/*4,*1+*1/*4,*1+*1/*4,*1+*1/*4,concordant
cohort2,cohort2,BWA-MEM,NA20905,HG04184,1,*10/*41,*10/*41,*10/*41,*10/*41,*10/*41,concordant
cohort2,cohort2,BWA-MEM,NA20905,HG04228,1,*1/*43,*1/*43,*1/*43,*43/*1,*1/*43,concordant
cohort2,cohort2,BWA-MEM,NA20905,HG06807,1,*2/*4C+*4C,*2/*4+*4,*2/*4+*4,*2/*4+*4,*2/*4+*4,concordant
cohort2,cohort2,BWA-MEM,NA20905,NA18522,1,*1/*106,*1/*106,*1/*106,*106/*1,*1/*106,concordant
cohort2,cohort2,BWA-MEM,NA20905,NA18565,1,*10/*36.ALDY+*10,*10/*36+*10,*10/*10+*36,*10+*36/*36,*10+*36/*36,discordant
cohort2,cohort2,BWA-MEM,NA20905,NA18747,1,*1/*36.ALDY+*10,*1/*36+*10,*1/*10+*36,*1/*10+*36,*1/*10+*36,concordant
cohort2,cohort2,BWA-MEM,NA20905,NA18952,1,*2/*2,*2/*2,*2/*2,*2/*2,*2/*2,concordant
cohort2,cohort2,BWA-MEM,NA20905,NA18974,1,*2/*5,*2/*5,*2/*5,*2/*5,*2/*5,concordant
cohort2,cohort2,BWA-MEM,NA20905,NA18976,1,*1/*36.ALDY+*10,*1/*36+*10,*1/*10+*36,*10+*36/*1,*1/*10+*36,concordant
cohort2,cohort2,BWA-MEM,NA20905,NA18983,1,*1/*1,*1/*1,*1/*1,*1/*1,*1/*1,concordant
cohort2,cohort2,BWA-MEM,NA20905,NA19043,1,*1/*1,*1/*1,*1/*1,*1/*1,*1/*1,concordant
cohort2,cohort2,BWA-MEM,NA20905,NA19087,1,*1/*5,*1/*5,*1/*5,*5/*1,*1/*5,concordant
cohort2,cohort2,BWA-MEM,NA20905,NA19776,1,*1/*36.ALDY+*10,*1/*36+*10,*1/*10+*36,*1/*10+*36,*1/*10+*36,concordant
cohort2,cohort2,BWA-MEM,NA20905,NA19909,1,*1/*4C+*4C,*1/*4+*4,*1/*4+*4,*4+*4/*1,*1/*4+*4,concordant
cohort2,cohort2,BWA-MEM,NA20905,NA20282,1,*2/*4,*2/*4,*2/*4,*2/*4,*2/*4,concordant
cohort2,cohort2,BWA-MEM,NA20905,NA20752,1,*1/*4,*1/*4,*1/*4,*1/*4,*1/*4,concordant
cohort2,cohort2,BWA-MEM,NA20905,NA20805,1,*35/*68+*4.021,*35/*68+*4,*4+*68/*35,*35/*4+*68,*4+*68/*35,concordant
cohort2,cohort2,BWA-MEM,NA20905,NA21102,1,*1/*1,*1/*1,*1/*1,*1/*1,*1/*1,concordant
cohort2,cohort2,BWA-MEM,NA21102,HG00099,1,*1/*5,*1/*5,*1/*5,*1/*5,*1/*5,concordant
cohort2,cohort2,BWA-MEM,NA21102,HG00133,1,*1/*1,*1/*1,*1/*1,*1/*1,*1/*1,concordant
cohort2,cohort2,BWA-MEM,NA21102,HG00232,1,*1+rs769258/*35,*1/*35,*1/*35,*1/*35,*1/*35,concordant
cohort2,cohort2,BWA-MEM,NA21102,HG00253,1,*1/*1,*1/*1,*1/*1,*1/*1,*1/*1,concordant
cohort2,cohort2,BWA-MEM,NA21102,HG00280,1,*2/*41,*2/*41,*2/*41,*2/*41,*2/*41,concordant
cohort2,cohort2,BWA-MEM,NA21102,HG00320,1,*2/*2+*2,*2/*2+*2,*2/*2+*2,*2+*2/*2,*2/*2+*2,concordant
cohort2,cohort2,BWA-MEM,NA21102,HG00350,1,*1/*1,*1/*1,*1/*1,*1/*1,*1/*1,concordant
cohort2,cohort2,BWA-MEM,NA21102,HG00408,1,*10/*36.ALDY+*10,*10/*36+*10,*10/*10+*36,*10+*36/*10,*10/*10+*36,concordant
cohort2,cohort2,BWA-MEM,NA21102,HG00423,1,*10/*10+*10,*10/*10+*10,*10/*10+*10,*10/*10+*10,*10/*10+*10,concordant
cohort2,cohort2,BWA-MEM,NA21102,HG00544,1,*1/*36.ALDY+*10,*1/*36+*10,*1/*10+*36,*1/*10+*36,*1/*10+*36,concordant
cohort2,cohort2,BWA-MEM,NA21102,HG00558,1,*1/*36.ALDY+*10,*1/*36+*10,*1/*10+*36,*10+*36/*1,*1/*10+*36,concordant
cohort2,cohort2,BWA-MEM,NA21102,HG00597,1,*36.ALDY+*10+*49/*36.ALDY+*39,*36+*10+*49/*36+*39,*10+*36+*49/*36+*39,*49/*10+*36+*36+*83,*10+*36+*36+*83/*49,discordant
cohort2,cohort2,BWA-MEM,NA21102,HG00609,1,*36.ALDY+*10+rs1135822/*49,*36+*10/*49,*10+*36/*49,*10+*36/*49,*10+*36/*49,concordant
cohort2,cohort2,BWA-MEM,NA21102,HG00639,1,*1/*1,*1/*1,*1/*1,*1/*1,*1/*1,concordant
cohort2,cohort2,BWA-MEM,NA21102,HG00658,1,*10+*36.ALDY+*10/*36.ALDY+*10,*10+*36+*10/*36+*10,*10+*10+*36/*10+*36,*10+*36/*10+*36+*36,*10+*36/*10+*36+*36,discordant
cohort2,cohort2,BWA-MEM,NA21102,HG01123,1,*1/*2,*1/*2,*1/*2,*2/*1,*1/*2,concordant
cohort2,cohort2,BWA-MEM,NA21102,HG01167,1,*2/*119,*2/*119,*2/*119,*41/*1,*1/*41,discordant
cohort2,cohort2,BWA-MEM,NA21102,HG01192,1,*5/*41,*5/*41,*5/*41,*41/*5,*5/*41,concordant
cohort2,cohort2,BWA-MEM,NA21102,HG01261,1,*1/*5,*1/*5,*1/*5,*1/*5,*1/*5,concordant
cohort2,cohort2,BWA-MEM,NA21102,HG01496,1,*2/*43+*43,*2/*43+*43,*2/*43+*43,*2/*43+*43,*2/*43+*43,concordant
cohort2,cohort2,BWA-MEM,NA21102,HG01530,1,*2/*10,*2/*10,*2/*10,*2/*10,*2/*10,concordant
cohort2,cohort2,BWA-MEM,NA21102,HG01784,1,*1/*68+*4.021,*1/*68+*4,*1/*4+*68,*4+*68/*1,*1/*4+*68,concordant
cohort2,cohort2,BWA-MEM,NA21102,HG01884,1,*1/*2,*1/*2,*1/*2,*1/*2,*1/*2,concordant
cohort2,cohort2,BWA-MEM,NA21102,HG01940,1,*1/*1,*1/*1,*1/*1,*1/*1,*1/*1,concordant
cohort2,cohort2,BWA-MEM,NA21102,HG01969,1,*1/*2,*1/*2,*1/*2,*1/*2,*1/*2,concordant
cohort2,cohort2,BWA-MEM,NA21102,HG01975,1,*1/*1,*1/*1,*1/*1,*1/*1,*1/*1,concordant
cohort2,cohort2,BWA-MEM,NA21102,HG02015,1,*10/*36.ALDY+*10,*10/*36+*10,*10/*10+*36,*10/*10+*36,*10/*10+*36,concordant
cohort2,cohort2,BWA-MEM,NA21102,HG02027,1,*14/*36.ALDY+*10,*14/*36+*10,*10+*36/*14,*10+*36/*14,*10+*36/*14,concordant
cohort2,cohort2,BWA-MEM,NA21102,HG02040,1,*36.ALDY+*10/*36.ALDY+*10,*36+*10/*36+*10,*10+*36/*10+*36,*10+*36/*10+*36,*10+*36/*10+*36,concordant
cohort2,cohort2,BWA-MEM,NA21102,HG02056,1,*36.ALDY+*10/*36.ALDY+*10,*36+*10/*36+*10,*10+*36/*10+*36,*10+*36/*10+*36,*10+*36/*10+*36,concordant
cohort2,cohort2,BWA-MEM,NA21102,HG02071,1,*10+*10/*63,*10+*10/*63,*10+*10/*63,*10+*36/*2,*2/*10+*36,discordant
cohort2,cohort2,BWA-MEM,NA21102,HG02074,1,*36.ALDY+*10/*36.ALDY+*10,*36+*10/*36+*10,*10+*36/*10+*36,*10+*36/*10+*36,*10+*36/*10+*36,concordant
cohort2,cohort2,BWA-MEM,NA21102,HG02083,1,*10+*36.ALDY+*10/*36.ALDY+*10,*10+*36+*10/*36+*10,*10+*10+*36/*10+*36,*10+*36+*36/*10+*36,*10+*36/*10+*36+*36,discordant
cohort2,cohort2,BWA-MEM,NA21102,HG02129,1,*1/*36.ALDY+*10,*1/*36+*10,*1/*10+*36,*1/*10+*36,*1/*10+*36,concordant
cohort2,cohort2,BWA-MEM,NA21102,HG02132,1,*36.ALDY+*10/*36.ALDY+*10,*36+*10/*36+*10,*10+*36/*10+*36,*10+*36/*10+*36,*10+*36/*10+*36,concordant
cohort2,cohort2,BWA-MEM,NA21102,HG02135,1,*36.ALDY+*10/*36.ALDY+*10,*36+*10/*36+*10,*10+*36/*10+*36,*10+*36/*10+*36,*10+*36/*10+*36,concordant
cohort2,cohort2,BWA-MEM,NA21102,HG02155,1,*10+*36.ALDY+*10/*36.ALDY+*10,*10+*36+*10/*36+*10,*10+*10+*36/*10+*36,*10+*36/*10+*36+*36,*10+*36/*10+*36+*36,discordant
cohort2,cohort2,BWA-MEM,NA21102,HG02178,1,*1+*36.ALDY/*36.ALDY+*10,*1+*36/*36+*10,*1+*36/*10+*36,*10+*36+*36/*1,*1/*10+*36+*36,discordant
cohort2,cohort2,BWA-MEM,NA21102,HG02258,1,*1/*17+*17,*1/*17+*17,*1/*17+*17,*17+*17/*1,*1/*17+*17,concordant
cohort2,cohort2,BWA-MEM,NA21102,HG02300,1,*2/*5,*2/*5,*2/*5,*2/*5,*2/*5,concordant
cohort2,cohort2,BWA-MEM,NA21102,HG02486,1,*2/*29,*2/*29,*2/*29,*2/*29,*2/*29,concordant
cohort2,cohort2,BWA-MEM,NA21102,HG02523,1,*1/*5,*1/*5,*1/*5,*5/*1,*1/*5,concordant
cohort2,cohort2,BWA-MEM,NA21102,HG02559,1,*2/*27,*2/*27,*2/*27,*27/*2,*2/*27,concordant
cohort2,cohort2,BWA-MEM,NA21102,HG02602,1,*2/*5,*2/*5,*2/*5,*2/*5,*2/*5,concordant
cohort2,cohort2,BWA-MEM,NA21102,HG02647,1,*4C+*4C/*17,*4+*4/*17,*4+*4/*17,*4+*4/*17,*4+*4/*17,concordant
cohort2,cohort2,BWA-MEM,NA21102,HG02965,1,*4C+*4C/*17,*4+*4/*17,*4+*4/*17,*17/*4+*4,*4+*4/*17,concordant
cohort2,cohort2,BWA-MEM,NA21102,HG03017,1,*1/*2,*1/*2,*1/*2,*1/*2,*1/*2,concordant
cohort2,cohort2,BWA-MEM,NA21102,HG03139,1,*2+*122+rs1135840+rs16947/*17,*2+*122/*17,*2+*122/*17,*17/*2+*2,*2+*2/*17,discordant
cohort2,cohort2,BWA-MEM,NA21102,HG03225,1,*5/*56B,*5/*56,*5/*56,*56/*5,*5/*56,concordant
cohort2,cohort2,BWA-MEM,NA21102,HG03239,1,*1/*5,*1/*5,*1/*5,*5/*1,*1/*5,concordant
cohort2,cohort2,BWA-MEM,NA21102,HG03471,1,*29/*162,*29/*162,*29/*162,*162/*29,*29/*162,concordant
cohort2,cohort2,BWA-MEM,NA21102,HG03654,1,*2/*2,*2/*2,*2/*2,*2/*2,*2/*2,concordant
cohort2,cohort2,BWA-MEM,NA21102,HG03834,1,*1+*1/*4,*1+*1/*4,*1+*1/*4,*1+*1/*4,*1+*1/*4,concordant
cohort2,cohort2,BWA-MEM,NA21102,HG04184,1,*10/*41,*10/*41,*10/*41,*10/*41,*10/*41,concordant
cohort2,cohort2,BWA-MEM,NA21102,HG04228,1,*1/*43,*1/*43,*1/*43,*43/*1,*1/*43,concordant
cohort2,cohort2,BWA-MEM,NA21102,HG06807,1,*2/*4C+*4C,*2/*4+*4,*2/*4+*4,*2/*4+*4,*2/*4+*4,concordant
cohort2,cohort2,BWA-MEM,NA21102,NA18522,1,*1/*106,*1/*106,*1/*106,*106/*1,*1/*106,concordant
cohort2,cohort2,BWA-MEM,NA21102,NA18565,1,*10/*36.ALDY+*10,*10/*36+*10,*10/*10+*36,*10+*36/*36,*10+*36/*36,discordant
cohort2,cohort2,BWA-MEM,NA21102,NA18747,1,*1/*36.ALDY+*10,*1/*36+*10,*1/*10+*36,*1/*10+*36,*1/*10+*36,concordant
cohort2,cohort2,BWA-MEM,NA21102,NA18952,1,*2/*2,*2/*2,*2/*2,*2/*2,*2/*2,concordant
cohort2,cohort2,BWA-MEM,NA21102,NA18974,1,*2/*5,*2/*5,*2/*5,*2/*5,*2/*5,concordant
cohort2,cohort2,BWA-MEM,NA21102,NA18976,1,*1/*36.ALDY+*10,*1/*36+*10,*1/*10+*36,*10+*36/*1,*1/*10+*36,concordant
cohort2,cohort2,BWA-MEM,NA21102,NA18983,1,*1/*1,*1/*1,*1/*1,*1/*1,*1/*1,concordant
cohort2,cohort2,BWA-MEM,NA21102,NA19043,1,*1/*1,*1/*1,*1/*1,*1/*1,*1/*1,concordant
cohort2,cohort2,BWA-MEM,NA21102,NA19087,1,*1/*5,*1/*5,*1/*5,*5/*1,*1/*5,concordant
cohort2,cohort2,BWA-MEM,NA21102,NA19776,1,*1/*36.ALDY+*10,*1/*36+*10,*1/*10+*36,*1/*10+*36,*1/*10+*36,concordant
cohort2,cohort2,BWA-MEM,NA21102,NA19909,1,*1/*4C+*4C,*1/*4+*4,*1/*4+*4,*4+*4/*1,*1/*4+*4,concordant
cohort2,cohort2,BWA-MEM,NA21102,NA20282,1,*2/*4,*2/*4,*2/*4,*2/*4,*2/*4,concordant
cohort2,cohort2,BWA-MEM,NA21102,NA20752,1,*1/*4,*1/*4,*1/*4,*1/*4,*1/*4,concordant
cohort2,cohort2,BWA-MEM,NA21102,NA20805,1,*35/*68+*4.021,*35/*68+*4,*4+*68/*35,*35/*4+*68,*4+*68/*35,concordant
cohort2,cohort2,BWA-MEM,NA21102,NA20905,1,*1/*1,*1/*1,*1/*1,*1/*1,*1/*1,concordant
cohort1_dragen,cohort1,DRAGEN,HG00673,HG00438,1,*36.ALDY+*10/*36.ALDY+*71,*36+*10/*36+*71,*10+*36/*36+*71,*10+*36+*36/*71,*10+*36+*36/*71,discordant
cohort1_dragen,cohort1,DRAGEN,HG00673,HG00621,1,*5/*49,*5/*49,*5/*49,*5/*49,*5/*49,concordant
cohort1_dragen,cohort1,DRAGEN,HG00673,HG00733,1,*41/*68+*4,*41/*68+*4,*4+*68/*41,*41/*4+*68,*4+*68/*41,concordant
cohort1_dragen,cohort1,DRAGEN,HG00673,HG00735,1,*1/*4,*1/*4,*1/*4,*4/*1,*1/*4,concordant
cohort1_dragen,cohort1,DRAGEN,HG00673,HG00741,1,*1/*2,*1/*2,*1/*2,*2/*1,*1/*2,concordant
cohort1_dragen,cohort1,DRAGEN,HG00673,HG01071,1,*4/*41,*4/*41,*4/*41,*41/*4,*4/*41,concordant
cohort1_dragen,cohort1,DRAGEN,HG00673,HG01106,1,*4.028/*35,*4/*35,*4/*35,*35/*4,*4/*35,concordant
cohort1_dragen,cohort1,DRAGEN,HG00673,HG01109,1,*41/*106,*41/*106,*41/*106,*106/*41,*41/*106,concordant
cohort1_dragen,cohort1,DRAGEN,HG00673,HG01175,1,*41/*41,*41/*41,*41/*41,*41/*41,*41/*41,concordant
cohort1_dragen,cohort1,DRAGEN,HG00673,HG01243,1,*1/*5,*1/*5,*1/*5,*5/*1,*1/*5,concordant
cohort1_dragen,cohort1,DRAGEN,HG00673,HG01258,1,*2+*68/*68+*4,*2+*68/*68+*4,*2+*68/*4+*68,*2/*4+*68+*68,*2/*4+*68+*68,discordant
cohort1_dragen,cohort1,DRAGEN,HG00673,HG01358,1,*1/*1,*1/*1,*1/*1,*1/*1,*1/*1,concordant
cohort1_dragen,cohort1,DRAGEN,HG00673,HG01361,1,*1/*4.028,*1/*4,*1/*4,*1/*4,*1/*4,concordant
cohort1_dragen,cohort1,DRAGEN,HG00673,HG01891,1,*5/*29,*5/*29,*5/*29,*29/*5,*5/*29,concordant
cohort1_dragen,cohort1,DRAGEN,HG00673,HG01928,1,*1/*1,*1/*1,*1/*1,*1/*1,*1/*1,concordant
cohort1_dragen,cohort1,DRAGEN,HG00673,HG01952,1,*1/*4.028,*1/*4,*1/*4,*1/*4,*1/*4,concordant
cohort1_dragen,cohort1,DRAGEN,HG00673,HG01978,1,*1/*1,*1/*1,*1/*1,*1/*1,*1/*1,concordant
cohort1_dragen,cohort1,DRAGEN,HG00673,HG02055,1,*1/*1,*1/*1,*1/*1,*1/*1,*1/*1,concordant
cohort1_dragen,cohort1,DRAGEN,HG00673,HG02080,1,*2/*10,*2/*10,*2/*10,*10/*2,*2/*10,concordant
cohort1_dragen,cohort1,DRAGEN,HG00673,HG02109,1,*1/*45,*1/*45,*1/*45,*45/*1,*1/*45,concordant
cohort1_dragen,cohort1,DRAGEN,HG00673,HG02145,1,*5/*84,*5/*84,*5/*84,*5/*84,*5/*84,concordant
cohort1_dragen,cohort1,DRAGEN,HG00673,HG02148,1,*1/*2,*1/*2,*1/*2,*1/*2,*1/*2,concordant
cohort1_dragen,cohort1,DRAGEN,HG00673,HG02257,1,*2/*35,*2/*35,*2/*35,*35/*2,*2/*35,concordant
cohort1_dragen,cohort1,DRAGEN,HG00673,HG02572,1,*1/*152,*1/*152,*1/*152,*1/*152,*1/*152,concordant
cohort1_dragen,cohort1,DRAGEN,HG00673,HG02622,1,*17/*46,*17/*46,*17/*46,*46/*17,*17/*46,concordant
cohort1_dragen,cohort1,DRAGEN,HG00673,HG02630,1,*1/*46,*1/*46,*1/*46,*1/*46,*1/*46,concordant
cohort1_dragen,cohort1,DRAGEN,HG00673,HG02717,1,*1/*1,*1/*1,*1/*1,*1/*1,*1/*1,concordant
cohort1_dragen,cohort1,DRAGEN,HG00673,HG02723,1,*2/*17,*2/*17,*2/*17,*2/*17,*2/*17,concordant
cohort1_dragen,cohort1,DRAGEN,HG00673,HG02818,1,*1/*2,*1/*2,*1/*2,*2/*1,*1/*2,concordant
cohort1_dragen,cohort1,DRAGEN,HG00673,HG02886,1,*1/*4,*1/*4,*1/*4,*4/*1,*1/*4,concordant
cohort1_dragen,cohort1,DRAGEN,HG00673,HG03098,1,*2/*29,*2/*29,*2/*29,*2/*29,*2/*29,concordant
cohort1_dragen,cohort1,DRAGEN,HG00673,HG03453,1,*1/*29,*1/*29,*1/*29,*29/*1,*1/*29,concordant
cohort1_dragen,cohort1,DRAGEN,HG00673,HG03486,1,*1/*17,*1/*17,*1/*17,*1/*17,*1/*17,concordant
cohort1_dragen,cohort1,DRAGEN,HG00673,HG03492,1,*2/*41,*2/*41,*2/*41,*2/*41,*2/*41,concordant
cohort1_dragen,cohort1,DRAGEN,HG00673,HG03516,1,*2/*17,*2/*17,*2/*17,*17/*2,*2/*17,concordant
cohort1_dragen,cohort1,DRAGEN,HG00673,HG03540,1,*2+*2/*17,*2+*2/*17,*2+*2/*17,*17/*2+*2,*2+*2/*17,concordant
cohort1_dragen,cohort1,DRAGEN,HG00673,HG03579,1,*1/*2,*1/*2,*1/*2,*2/*1,*1/*2,concordant
cohort1_dragen,cohort1,DRAGEN,HG00673,NA18906,1,*17/*125,*17/*125,*17/*125,*17/*125,*17/*125,concordant
cohort1_dragen,cohort1,DRAGEN,HG00673,NA19240,1,*15/*17,*15/*17,*15/*17,*17/*15,*15/*17,concordant
cohort1_dragen,cohort1,DRAGEN,HG00673,NA20129,1,*4C/*4C,*4/*4,*4/*4,*5/*4+*4,*4+*4/*5,discordant
cohort1_dragen,cohort1,DRAGEN,HG00673,NA21309,1,*5/*29,*5/*29,*5/*29,*29/*5,*5/*29,concordant
cohort1_dragen,cohort1,DRAGEN,HG00673,NA24385,1,*2/*4,*2/*4,*2/*4,*2/*4,*2/*4,concordant
cohort1_dragen,cohort1,DRAGEN,HG00673,NA24631,1,*36.ALDY+*10/*49,*36+*10/*49,*10+*36/*49,*49/*10+*36,*10+*36/*49,concordant
cohort1_dragen,cohort1,DRAGEN,HG00735,HG00438,1,*36.ALDY+*10/*36.ALDY+*71,*36+*10/*36+*71,*10+*36/*36+*71,*10+*36+*36/*71,*10+*36+*36/*71,discordant
cohort1_dragen,cohort1,DRAGEN,HG00735,HG00621,1,*5/*49,*5/*49,*5/*49,*5/*49,*5/*49,concordant
cohort1_dragen,cohort1,DRAGEN,HG00735,HG00673,1,*1/*10,*1/*10,*1/*10,*1/*10,*1/*10,concordant
cohort1_dragen,cohort1,DRAGEN,HG00735,HG00733,1,*41/*68+*4,*41/*68+*4,*4+*68/*41,*41/*4+*68,*4+*68/*41,concordant
cohort1_dragen,cohort1,DRAGEN,HG00735,HG00741,1,*1/*2,*1/*2,*1/*2,*2/*1,*1/*2,concordant
cohort1_dragen,cohort1,DRAGEN,HG00735,HG01071,1,*4/*41,*4/*41,*4/*41,*41/*4,*4/*41,concordant
cohort1_dragen,cohort1,DRAGEN,HG00735,HG01106,1,*4.028/*35,*4/*35,*4/*35,*35/*4,*4/*35,concordant
cohort1_dragen,cohort1,DRAGEN,HG00735,HG01109,1,*41/*106,*41/*106,*41/*106,*106/*41,*41/*106,concordant
cohort1_dragen,cohort1,DRAGEN,HG00735,HG01175,1,*41/*41,*41/*41,*41/*41,*41/*41,*41/*41,concordant
cohort1_dragen,cohort1,DRAGEN,HG00735,HG01243,1,*1/*5,*1/*5,*1/*5,*5/*1,*1/*5,concordant
cohort1_dragen,cohort1,DRAGEN,HG00735,HG01258,1,*2+*68/*68+*4,*2+*68/*68+*4,*2+*68/*4+*68,*2/*4+*68+*68,*2/*4+*68+*68,discordant
cohort1_dragen,cohort1,DRAGEN,HG00735,HG01358,1,*1/*1,*1/*1,*1/*1,*1/*1,*1/*1,concordant
cohort1_dragen,cohort1,DRAGEN,HG00735,HG01361,1,*1/*4.028,*1/*4,*1/*4,*1/*4,*1/*4,concordant
cohort1_dragen,cohort1,DRAGEN,HG00735,HG01891,1,*5/*29,*5/*29,*5/*29,*29/*5,*5/*29,concordant
cohort1_dragen,cohort1,DRAGEN,HG00735,HG01928,1,*1/*1,*1/*1,*1/*1,*1/*1,*1/*1,concordant
cohort1_dragen,cohort1,DRAGEN,HG00735,HG01952,1,*1/*4.028,*1/*4,*1/*4,*1/*4,*1/*4,concordant
cohort1_dragen,cohort1,DRAGEN,HG00735,HG01978,1,*1/*1,*1/*1,*1/*1,*1/*1,*1/*1,concordant
cohort1_dragen,cohort1,DRAGEN,HG00735,HG02055,1,*1/*1,*1/*1,*1/*1,*1/*1,*1/*1,concordant
cohort1_dragen,cohort1,DRAGEN,HG00735,HG02080,1,*2/*10,*2/*10,*2/*10,*10/*2,*2/*10,concordant
cohort1_dragen,cohort1,DRAGEN,HG00735,HG02109,1,*1/*45,*1/*45,*1/*45,*45/*1,*1/*45,concordant
cohort1_dragen,cohort1,DRAGEN,HG00735,HG02145,1,*5/*84,*5/*84,*5/*84,*5/*84,*5/*84,concordant
cohort1_dragen,cohort1,DRAGEN,HG00735,HG02148,1,*1/*2,*1/*2,*1/*2,*1/*2,*1/*2,concordant
cohort1_dragen,cohort1,DRAGEN,HG00735,HG02257,1,*2/*35,*2/*35,*2/*35,*35/*2,*2/*35,concordant
cohort1_dragen,cohort1,DRAGEN,HG00735,HG02572,1,*1/*152,*1/*152,*1/*152,*1/*152,*1/*152,concordant
cohort1_dragen,cohort1,DRAGEN,HG00735,HG02622,1,*17/*46,*17/*46,*17/*46,*46/*17,*17/*46,concordant
cohort1_dragen,cohort1,DRAGEN,HG00735,HG02630,1,*1/*46,*1/*46,*1/*46,*1/*46,*1/*46,concordant
cohort1_dragen,cohort1,DRAGEN,HG00735,HG02717,1,*1/*1,*1/*1,*1/*1,*1/*1,*1/*1,concordant
cohort1_dragen,cohort1,DRAGEN,HG00735,HG02723,1,*2/*17,*2/*17,*2/*17,*2/*17,*2/*17,concordant
cohort1_dragen,cohort1,DRAGEN,HG00735,HG02818,1,*1/*2,*1/*2,*1/*2,*2/*1,*1/*2,concordant
cohort1_dragen,cohort1,DRAGEN,HG00735,HG02886,1,*1/*4,*1/*4,*1/*4,*4/*1,*1/*4,concordant
cohort1_dragen,cohort1,DRAGEN,HG00735,HG03098,1,*2/*29,*2/*29,*2/*29,*2/*29,*2/*29,concordant
cohort1_dragen,cohort1,DRAGEN,HG00735,HG03453,1,*1/*29,*1/*29,*1/*29,*29/*1,*1/*29,concordant
cohort1_dragen,cohort1,DRAGEN,HG00735,HG03486,1,*1/*17,*1/*17,*1/*17,*1/*17,*1/*17,concordant
cohort1_dragen,cohort1,DRAGEN,HG00735,HG03492,1,*2/*41,*2/*41,*2/*41,*2/*41,*2/*41,concordant
cohort1_dragen,cohort1,DRAGEN,HG00735,HG03516,1,*2/*17,*2/*17,*2/*17,*17/*2,*2/*17,concordant
cohort1_dragen,cohort1,DRAGEN,HG00735,HG03540,1,*2+*2/*17,*2+*2/*17,*2+*2/*17,*17/*2+*2,*2+*2/*17,concordant
cohort1_dragen,cohort1,DRAGEN,HG00735,HG03579,1,*1/*2,*1/*2,*1/*2,*2/*1,*1/*2,concordant
cohort1_dragen,cohort1,DRAGEN,HG00735,NA18906,1,*17/*125,*17/*125,*17/*125,*17/*125,*17/*125,concordant
cohort1_dragen,cohort1,DRAGEN,HG00735,NA19240,1,*15/*17,*15/*17,*15/*17,*17/*15,*15/*17,concordant
cohort1_dragen,cohort1,DRAGEN,HG00735,NA20129,1,*4C/*4C,*4/*4,*4/*4,*5/*4+*4,*4+*4/*5,discordant
cohort1_dragen,cohort1,DRAGEN,HG00735,NA21309,1,*5/*29,*5/*29,*5/*29,*29/*5,*5/*29,concordant
cohort1_dragen,cohort1,DRAGEN,HG00735,NA24385,1,*2/*4,*2/*4,*2/*4,*2/*4,*2/*4,concordant
cohort1_dragen,cohort1,DRAGEN,HG00735,NA24631,1,*36.ALDY+*10/*49,*36+*10/*49,*10+*36/*49,*49/*10+*36,*10+*36/*49,concordant
cohort1_dragen,cohort1,DRAGEN,HG00741,HG00438,1,*36.ALDY+*10/*36.ALDY+*71,*36+*10/*36+*71,*10+*36/*36+*71,*10+*36+*36/*71,*10+*36+*36/*71,discordant
cohort1_dragen,cohort1,DRAGEN,HG00741,HG00621,1,*5/*49,*5/*49,*5/*49,*5/*49,*5/*49,concordant
cohort1_dragen,cohort1,DRAGEN,HG00741,HG00673,1,*1/*10,*1/*10,*1/*10,*1/*10,*1/*10,concordant
cohort1_dragen,cohort1,DRAGEN,HG00741,HG00733,1,*41/*68+*4,*41/*68+*4,*4+*68/*41,*41/*4+*68,*4+*68/*41,concordant
cohort1_dragen,cohort1,DRAGEN,HG00741,HG00735,1,*1/*4,*1/*4,*1/*4,*4/*1,*1/*4,concordant
cohort1_dragen,cohort1,DRAGEN,HG00741,HG01071,1,*4/*41,*4/*41,*4/*41,*41/*4,*4/*41,concordant
cohort1_dragen,cohort1,DRAGEN,HG00741,HG01106,1,*4.028/*35,*4/*35,*4/*35,*35/*4,*4/*35,concordant
cohort1_dragen,cohort1,DRAGEN,HG00741,HG01109,1,*41/*106,*41/*106,*41/*106,*106/*41,*41/*106,concordant
cohort1_dragen,cohort1,DRAGEN,HG00741,HG01175,1,*41/*41,*41/*41,*41/*41,*41/*41,*41/*41,concordant
cohort1_dragen,cohort1,DRAGEN,HG00741,HG01243,1,*1/*5,*1/*5,*1/*5,*5/*1,*1/*5,concordant
cohort1_dragen,cohort1,DRAGEN,HG00741,HG01258,1,*2+*68/*68+*4,*2+*68/*68+*4,*2+*68/*4+*68,*2/*4+*68+*68,*2/*4+*68+*68,discordant
cohort1_dragen,cohort1,DRAGEN,HG00741,HG01358,1,*1/*1,*1/*1,*1/*1,*1/*1,*1/*1,concordant
cohort1_dragen,cohort1,DRAGEN,HG00741,HG01361,1,*1/*4.028,*1/*4,*1/*4,*1/*4,*1/*4,concordant
cohort1_dragen,cohort1,DRAGEN,HG00741,HG01891,1,*5/*29,*5/*29,*5/*29,*29/*5,*5/*29,concordant
cohort1_dragen,cohort1,DRAGEN,HG00741,HG01928,1,*1/*1,*1/*1,*1/*1,*1/*1,*1/*1,concordant
cohort1_dragen,cohort1,DRAGEN,HG00741,HG01952,1,*1/*4.028,*1/*4,*1/*4,*1/*4,*1/*4,concordant
cohort1_dragen,cohort1,DRAGEN,HG00741,HG01978,1,*1/*1,*1/*1,*1/*1,*1/*1,*1/*1,concordant
cohort1_dragen,cohort1,DRAGEN,HG00741,HG02055,1,*1/*1,*1/*1,*1/*1,*1/*1,*1/*1,concordant
cohort1_dragen,cohort1,DRAGEN,HG00741,HG02080,1,*2/*10,*2/*10,*2/*10,*10/*2,*2/*10,concordant
cohort1_dragen,cohort1,DRAGEN,HG00741,HG02109,1,*1/*45,*1/*45,*1/*45,*45/*1,*1/*45,concordant
cohort1_dragen,cohort1,DRAGEN,HG00741,HG02145,1,*5/*84,*5/*84,*5/*84,*5/*84,*5/*84,concordant
cohort1_dragen,cohort1,DRAGEN,HG00741,HG02148,1,*1/*2,*1/*2,*1/*2,*1/*2,*1/*2,concordant
cohort1_dragen,cohort1,DRAGEN,HG00741,HG02257,1,*2/*35,*2/*35,*2/*35,*35/*2,*2/*35,concordant
cohort1_dragen,cohort1,DRAGEN,HG00741,HG02572,1,*1/*152,*1/*152,*1/*152,*1/*152,*1/*152,concordant
cohort1_dragen,cohort1,DRAGEN,HG00741,HG02622,1,*17/*46,*17/*46,*17/*46,*46/*17,*17/*46,concordant
cohort1_dragen,cohort1,DRAGEN,HG00741,HG02630,1,*1/*46,*1/*46,*1/*46,*1/*46,*1/*46,concordant
cohort1_dragen,cohort1,DRAGEN,HG00741,HG02717,1,*1/*1,*1/*1,*1/*1,*1/*1,*1/*1,concordant
cohort1_dragen,cohort1,DRAGEN,HG00741,HG02723,1,*2/*17,*2/*17,*2/*17,*2/*17,*2/*17,concordant
cohort1_dragen,cohort1,DRAGEN,HG00741,HG02818,1,*1/*2,*1/*2,*1/*2,*2/*1,*1/*2,concordant
cohort1_dragen,cohort1,DRAGEN,HG00741,HG02886,1,*1/*4,*1/*4,*1/*4,*4/*1,*1/*4,concordant
cohort1_dragen,cohort1,DRAGEN,HG00741,HG03098,1,*2/*29,*2/*29,*2/*29,*2/*29,*2/*29,concordant
cohort1_dragen,cohort1,DRAGEN,HG00741,HG03453,1,*1/*29,*1/*29,*1/*29,*29/*1,*1/*29,concordant
cohort1_dragen,cohort1,DRAGEN,HG00741,HG03486,1,*1/*17,*1/*17,*1/*17,*1/*17,*1/*17,concordant
cohort1_dragen,cohort1,DRAGEN,HG00741,HG03492,1,*2/*41,*2/*41,*2/*41,*2/*41,*2/*41,concordant
cohort1_dragen,cohort1,DRAGEN,HG00741,HG03516,1,*2/*17,*2/*17,*2/*17,*17/*2,*2/*17,concordant
cohort1_dragen,cohort1,DRAGEN,HG00741,HG03540,1,*2+*2/*17,*2+*2/*17,*2+*2/*17,*17/*2+*2,*2+*2/*17,concordant
cohort1_dragen,cohort1,DRAGEN,HG00741,HG03579,1,*1/*2,*1/*2,*1/*2,*2/*1,*1/*2,concordant
cohort1_dragen,cohort1,DRAGEN,HG00741,NA18906,1,*17/*125,*17/*125,*17/*125,*17/*125,*17/*125,concordant
cohort1_dragen,cohort1,DRAGEN,HG00741,NA19240,1,*15/*17,*15/*17,*15/*17,*17/*15,*15/*17,concordant
cohort1_dragen,cohort1,DRAGEN,HG00741,NA20129,1,*4C/*4C,*4/*4,*4/*4,*5/*4+*4,*4+*4/*5,discordant
cohort1_dragen,cohort1,DRAGEN,HG00741,NA21309,1,*5/*29,*5/*29,*5/*29,*29/*5,*5/*29,concordant
cohort1_dragen,cohort1,DRAGEN,HG00741,NA24385,1,*2/*4,*2/*4,*2/*4,*2/*4,*2/*4,concordant
cohort1_dragen,cohort1,DRAGEN,HG00741,NA24631,1,*36.ALDY+*10/*49,*36+*10/*49,*10+*36/*49,*49/*10+*36,*10+*36/*49,concordant
cohort1_dragen,cohort1,DRAGEN,HG01071,HG00438,1,*36.ALDY+*10/*36.ALDY+*71,*36+*10/*36+*71,*10+*36/*36+*71,*10+*36+*36/*71,*10+*36+*36/*71,discordant
cohort1_dragen,cohort1,DRAGEN,HG01071,HG00621,1,*5/*49,*5/*49,*5/*49,*5/*49,*5/*49,concordant
cohort1_dragen,cohort1,DRAGEN,HG01071,HG00673,1,*1/*10,*1/*10,*1/*10,*1/*10,*1/*10,concordant
cohort1_dragen,cohort1,DRAGEN,HG01071,HG00733,1,*41/*68+*4,*41/*68+*4,*4+*68/*41,*41/*4+*68,*4+*68/*41,concordant
cohort1_dragen,cohort1,DRAGEN,HG01071,HG00735,1,*1/*4,*1/*4,*1/*4,*4/*1,*1/*4,concordant
cohort1_dragen,cohort1,DRAGEN,HG01071,HG00741,1,*1/*2,*1/*2,*1/*2,*2/*1,*1/*2,concordant
cohort1_dragen,cohort1,DRAGEN,HG01071,HG01106,1,*4.028/*35,*4/*35,*4/*35,*35/*4,*4/*35,concordant
cohort1_dragen,cohort1,DRAGEN,HG01071,HG01109,1,*41/*106,*41/*106,*41/*106,*106/*41,*41/*106,concordant
cohort1_dragen,cohort1,DRAGEN,HG01071,HG01175,1,*41/*41,*41/*41,*41/*41,*41/*41,*41/*41,concordant
cohort1_dragen,cohort1,DRAGEN,HG01071,HG01243,1,*1/*5,*1/*5,*1/*5,*5/*1,*1/*5,concordant
cohort1_dragen,cohort1,DRAGEN,HG01071,HG01258,1,*2+*68/*68+*4,*2+*68/*68+*4,*2+*68/*4+*68,*2/*4+*68+*68,*2/*4+*68+*68,discordant
cohort1_dragen,cohort1,DRAGEN,HG01071,HG01358,1,*1/*1,*1/*1,*1/*1,*1/*1,*1/*1,concordant
cohort1_dragen,cohort1,DRAGEN,HG01071,HG01361,1,*1/*4.028,*1/*4,*1/*4,*1/*4,*1/*4,concordant
cohort1_dragen,cohort1,DRAGEN,HG01071,HG01891,1,*5/*29,*5/*29,*5/*29,*29/*5,*5/*29,concordant
cohort1_dragen,cohort1,DRAGEN,HG01071,HG01928,1,*1/*1,*1/*1,*1/*1,*1/*1,*1/*1,concordant
cohort1_dragen,cohort1,DRAGEN,HG01071,HG01952,1,*1/*4.028,*1/*4,*1/*4,*1/*4,*1/*4,concordant
cohort1_dragen,cohort1,DRAGEN,HG01071,HG01978,1,*1/*1,*1/*1,*1/*1,*1/*1,*1/*1,concordant
cohort1_dragen,cohort1,DRAGEN,HG01071,HG02055,1,*1/*1,*1/*1,*1/*1,*1/*1,*1/*1,concordant
cohort1_dragen,cohort1,DRAGEN,HG01071,HG02080,1,*2/*10,*2/*10,*2/*10,*10/*2,*2/*10,concordant
cohort1_dragen,cohort1,DRAGEN,HG01071,HG02109,1,*1/*45,*1/*45,*1/*45,*45/*1,*1/*45,concordant
cohort1_dragen,cohort1,DRAGEN,HG01071,HG02145,1,*5/*84,*5/*84,*5/*84,*5/*84,*5/*84,concordant
cohort1_dragen,cohort1,DRAGEN,HG01071,HG02148,1,*1/*2,*1/*2,*1/*2,*1/*2,*1/*2,concordant
cohort1_dragen,cohort1,DRAGEN,HG01071,HG02257,1,*2/*35,*2/*35,*2/*35,*35/*2,*2/*35,concordant
cohort1_dragen,cohort1,DRAGEN,HG01071,HG02572,1,*1/*152,*1/*152,*1/*152,*1/*152,*1/*152,concordant
cohort1_dragen,cohort1,DRAGEN,HG01071,HG02622,1,*17/*46,*17/*46,*17/*46,*46/*17,*17/*46,concordant
cohort1_dragen,cohort1,DRAGEN,HG01071,HG02630,1,*1/*46,*1/*46,*1/*46,*1/*46,*1/*46,concordant
cohort1_dragen,cohort1,DRAGEN,HG01071,HG02717,1,*1/*1,*1/*1,*1/*1,*1/*1,*1/*1,concordant
cohort1_dragen,cohort1,DRAGEN,HG01071,HG02723,1,*2/*17,*2/*17,*2/*17,*2/*17,*2/*17,concordant
cohort1_dragen,cohort1,DRAGEN,HG01071,HG02818,1,*1/*2,*1/*2,*1/*2,*2/*1,*1/*2,concordant
cohort1_dragen,cohort1,DRAGEN,HG01071,HG02886,1,*1/*4,*1/*4,*1/*4,*4/*1,*1/*4,concordant
cohort1_dragen,cohort1,DRAGEN,HG01071,HG03098,1,*2/*29,*2/*29,*2/*29,*2/*29,*2/*29,concordant
cohort1_dragen,cohort1,DRAGEN,HG01071,HG03453,1,*1/*29,*1/*29,*1/*29,*29/*1,*1/*29,concordant
cohort1_dragen,cohort1,DRAGEN,HG01071,HG03486,1,*1/*17,*1/*17,*1/*17,*1/*17,*1/*17,concordant
cohort1_dragen,cohort1,DRAGEN,HG01071,HG03492,1,*2/*41,*2/*41,*2/*41,*2/*41,*2/*41,concordant
cohort1_dragen,cohort1,DRAGEN,HG01071,HG03516,1,*2/*17,*2/*17,*2/*17,*17/*2,*2/*17,concordant
cohort1_dragen,cohort1,DRAGEN,HG01071,HG03540,1,*2+*2/*17,*2+*2/*17,*2+*2/*17,*17/*2+*2,*2+*2/*17,concordant
cohort1_dragen,cohort1,DRAGEN,HG01071,HG03579,1,*1/*2,*1/*2,*1/*2,*2/*1,*1/*2,concordant
cohort1_dragen,cohort1,DRAGEN,HG01071,NA18906,1,*17/*125,*17/*125,*17/*125,*17/*125,*17/*125,concordant
cohort1_dragen,cohort1,DRAGEN,HG01071,NA19240,1,*15/*17,*15/*17,*15/*17,*17/*15,*15/*17,concordant
cohort1_dragen,cohort1,DRAGEN,HG01071,NA20129,1,*4C/*4C,*4/*4,*4/*4,*5/*4+*4,*4+*4/*5,discordant
cohort1_dragen,cohort1,DRAGEN,HG01071,NA21309,1,*5/*29,*5/*29,*5/*29,*29/*5,*5/*29,concordant
cohort1_dragen,cohort1,DRAGEN,HG01071,NA24385,1,*2/*4,*2/*4,*2/*4,*2/*4,*2/*4,concordant
cohort1_dragen,cohort1,DRAGEN,HG01071,NA24631,1,*36.ALDY+*10/*49,*36+*10/*49,*10+*36/*49,*49/*10+*36,*10+*36/*49,concordant
cohort1_dragen,cohort1,DRAGEN,HG01106,HG00438,1,*36.ALDY+*10/*36.ALDY+*71,*36+*10/*36+*71,*10+*36/*36+*71,*10+*36+*36/*71,*10+*36+*36/*71,discordant
cohort1_dragen,cohort1,DRAGEN,HG01106,HG00621,1,*5/*49,*5/*49,*5/*49,*5/*49,*5/*49,concordant
cohort1_dragen,cohort1,DRAGEN,HG01106,HG00673,1,*1/*10,*1/*10,*1/*10,*1/*10,*1/*10,concordant
cohort1_dragen,cohort1,DRAGEN,HG01106,HG00733,1,*41/*68+*4,*41/*68+*4,*4+*68/*41,*41/*4+*68,*4+*68/*41,concordant
cohort1_dragen,cohort1,DRAGEN,HG01106,HG00735,1,*1/*4,*1/*4,*1/*4,*4/*1,*1/*4,concordant
cohort1_dragen,cohort1,DRAGEN,HG01106,HG00741,1,*1/*2,*1/*2,*1/*2,*2/*1,*1/*2,concordant
cohort1_dragen,cohort1,DRAGEN,HG01106,HG01071,1,*4/*41,*4/*41,*4/*41,*41/*4,*4/*41,concordant
cohort1_dragen,cohort1,DRAGEN,HG01106,HG01109,1,*41/*106,*41/*106,*41/*106,*106/*41,*41/*106,concordant
cohort1_dragen,cohort1,DRAGEN,HG01106,HG01175,1,*41/*41,*41/*41,*41/*41,*41/*41,*41/*41,concordant
cohort1_dragen,cohort1,DRAGEN,HG01106,HG01243,1,*1/*5,*1/*5,*1/*5,*5/*1,*1/*5,concordant
cohort1_dragen,cohort1,DRAGEN,HG01106,HG01258,1,*2+*68/*68+*4,*2+*68/*68+*4,*2+*68/*4+*68,*2/*4+*68+*68,*2/*4+*68+*68,discordant
cohort1_dragen,cohort1,DRAGEN,HG01106,HG01358,1,*1/*1,*1/*1,*1/*1,*1/*1,*1/*1,concordant
cohort1_dragen,cohort1,DRAGEN,HG01106,HG01361,1,*1/*4.028,*1/*4,*1/*4,*1/*4,*1/*4,concordant
cohort1_dragen,cohort1,DRAGEN,HG01106,HG01891,1,*5/*29,*5/*29,*5/*29,*29/*5,*5/*29,concordant
cohort1_dragen,cohort1,DRAGEN,HG01106,HG01928,1,*1/*1,*1/*1,*1/*1,*1/*1,*1/*1,concordant
cohort1_dragen,cohort1,DRAGEN,HG01106,HG01952,1,*1/*4.028,*1/*4,*1/*4,*1/*4,*1/*4,concordant
cohort1_dragen,cohort1,DRAGEN,HG01106,HG01978,1,*1/*1,*1/*1,*1/*1,*1/*1,*1/*1,concordant
cohort1_dragen,cohort1,DRAGEN,HG01106,HG02055,1,*1/*1,*1/*1,*1/*1,*1/*1,*1/*1,concordant
cohort1_dragen,cohort1,DRAGEN,HG01106,HG02080,1,*2/*10,*2/*10,*2/*10,*10/*2,*2/*10,concordant
cohort1_dragen,cohort1,DRAGEN,HG01106,HG02109,1,*1/*45,*1/*45,*1/*45,*45/*1,*1/*45,concordant
cohort1_dragen,cohort1,DRAGEN,HG01106,HG02145,1,*5/*84,*5/*84,*5/*84,*5/*84,*5/*84,concordant
cohort1_dragen,cohort1,DRAGEN,HG01106,HG02148,1,*1/*2,*1/*2,*1/*2,*1/*2,*1/*2,concordant
cohort1_dragen,cohort1,DRAGEN,HG01106,HG02257,1,*2/*35,*2/*35,*2/*35,*35/*2,*2/*35,concordant
cohort1_dragen,cohort1,DRAGEN,HG01106,HG02572,1,*1/*152,*1/*152,*1/*152,*1/*152,*1/*152,concordant
cohort1_dragen,cohort1,DRAGEN,HG01106,HG02622,1,*17/*46,*17/*46,*17/*46,*46/*17,*17/*46,concordant
cohort1_dragen,cohort1,DRAGEN,HG01106,HG02630,1,*1/*46,*1/*46,*1/*46,*1/*46,*1/*46,concordant
cohort1_dragen,cohort1,DRAGEN,HG01106,HG02717,1,*1/*1,*1/*1,*1/*1,*1/*1,*1/*1,concordant
cohort1_dragen,cohort1,DRAGEN,HG01106,HG02723,1,*2/*17,*2/*17,*2/*17,*2/*17,*2/*17,concordant
cohort1_dragen,cohort1,DRAGEN,HG01106,HG02818,1,*1/*2,*1/*2,*1/*2,*2/*1,*1/*2,concordant
cohort1_dragen,cohort1,DRAGEN,HG01106,HG02886,1,*1/*4,*1/*4,*1/*4,*4/*1,*1/*4,concordant
cohort1_dragen,cohort1,DRAGEN,HG01106,HG03098,1,*2/*29,*2/*29,*2/*29,*2/*29,*2/*29,concordant
cohort1_dragen,cohort1,DRAGEN,HG01106,HG03453,1,*1/*29,*1/*29,*1/*29,*29/*1,*1/*29,concordant
cohort1_dragen,cohort1,DRAGEN,HG01106,HG03486,1,*1/*17,*1/*17,*1/*17,*1/*17,*1/*17,concordant
cohort1_dragen,cohort1,DRAGEN,HG01106,HG03492,1,*2/*41,*2/*41,*2/*41,*2/*41,*2/*41,concordant
cohort1_dragen,cohort1,DRAGEN,HG01106,HG03516,1,*2/*17,*2/*17,*2/*17,*17/*2,*2/*17,concordant
cohort1_dragen,cohort1,DRAGEN,HG01106,HG03540,1,*2+*2/*17,*2+*2/*17,*2+*2/*17,*17/*2+*2,*2+*2/*17,concordant
cohort1_dragen,cohort1,DRAGEN,HG01106,HG03579,1,*1/*2,*1/*2,*1/*2,*2/*1,*1/*2,concordant
cohort1_dragen,cohort1,DRAGEN,HG01106,NA18906,1,*17/*125,*17/*125,*17/*125,*17/*125,*17/*125,concordant
cohort1_dragen,cohort1,DRAGEN,HG01106,NA19240,1,*15/*17,*15/*17,*15/*17,*17/*15,*15/*17,concordant
cohort1_dragen,cohort1,DRAGEN,HG01106,NA20129,1,*4C/*4C,*4/*4,*4/*4,*5/*4+*4,*4+*4/*5,discordant
cohort1_dragen,cohort1,DRAGEN,HG01106,NA21309,1,*5/*29,*5/*29,*5/*29,*29/*5,*5/*29,concordant
cohort1_dragen,cohort1,DRAGEN,HG01106,NA24385,1,*2/*4,*2/*4,*2/*4,*2/*4,*2/*4,concordant
cohort1_dragen,cohort1,DRAGEN,HG01106,NA24631,1,*36.ALDY+*10/*49,*36+*10/*49,*10+*36/*49,*49/*10+*36,*10+*36/*49,concordant
cohort1_dragen,cohort1,DRAGEN,HG01109,HG00438,1,*36.ALDY+*10/*36.ALDY+*71,*36+*10/*36+*71,*10+*36/*36+*71,*10+*36+*36/*71,*10+*36+*36/*71,discordant
cohort1_dragen,cohort1,DRAGEN,HG01109,HG00621,1,*5/*49,*5/*49,*5/*49,*5/*49,*5/*49,concordant
cohort1_dragen,cohort1,DRAGEN,HG01109,HG00673,1,*1/*10,*1/*10,*1/*10,*1/*10,*1/*10,concordant
cohort1_dragen,cohort1,DRAGEN,HG01109,HG00733,1,*41/*68+*4,*41/*68+*4,*4+*68/*41,*41/*4+*68,*4+*68/*41,concordant
cohort1_dragen,cohort1,DRAGEN,HG01109,HG00735,1,*1/*4,*1/*4,*1/*4,*4/*1,*1/*4,concordant
cohort1_dragen,cohort1,DRAGEN,HG01109,HG00741,1,*1/*2,*1/*2,*1/*2,*2/*1,*1/*2,concordant
cohort1_dragen,cohort1,DRAGEN,HG01109,HG01071,1,*4/*41,*4/*41,*4/*41,*41/*4,*4/*41,concordant
cohort1_dragen,cohort1,DRAGEN,HG01109,HG01106,1,*4.028/*35,*4/*35,*4/*35,*35/*4,*4/*35,concordant
cohort1_dragen,cohort1,DRAGEN,HG01109,HG01175,1,*41/*41,*41/*41,*41/*41,*41/*41,*41/*41,concordant
cohort1_dragen,cohort1,DRAGEN,HG01109,HG01243,1,*1/*5,*1/*5,*1/*5,*5/*1,*1/*5,concordant
cohort1_dragen,cohort1,DRAGEN,HG01109,HG01258,1,*2+*68/*68+*4,*2+*68/*68+*4,*2+*68/*4+*68,*2/*4+*68+*68,*2/*4+*68+*68,discordant
cohort1_dragen,cohort1,DRAGEN,HG01109,HG01358,1,*1/*1,*1/*1,*1/*1,*1/*1,*1/*1,concordant
cohort1_dragen,cohort1,DRAGEN,HG01109,HG01361,1,*1/*4.028,*1/*4,*1/*4,*1/*4,*1/*4,concordant
cohort1_dragen,cohort1,DRAGEN,HG01109,HG01891,1,*5/*29,*5/*29,*5/*29,*29/*5,*5/*29,concordant
cohort1_dragen,cohort1,DRAGEN,HG01109,HG01928,1,*1/*1,*1/*1,*1/*1,*1/*1,*1/*1,concordant
cohort1_dragen,cohort1,DRAGEN,HG01109,HG01952,1,*1/*4.028,*1/*4,*1/*4,*1/*4,*1/*4,concordant
cohort1_dragen,cohort1,DRAGEN,HG01109,HG01978,1,*1/*1,*1/*1,*1/*1,*1/*1,*1/*1,concordant
cohort1_dragen,cohort1,DRAGEN,HG01109,HG02055,1,*1/*1,*1/*1,*1/*1,*1/*1,*1/*1,concordant
cohort1_dragen,cohort1,DRAGEN,HG01109,HG02080,1,*2/*10,*2/*10,*2/*10,*10/*2,*2/*10,concordant
cohort1_dragen,cohort1,DRAGEN,HG01109,HG02109,1,*1/*45,*1/*45,*1/*45,*45/*1,*1/*45,concordant
cohort1_dragen,cohort1,DRAGEN,HG01109,HG02145,1,*5/*84,*5/*84,*5/*84,*5/*84,*5/*84,concordant
cohort1_dragen,cohort1,DRAGEN,HG01109,HG02148,1,*1/*2,*1/*2,*1/*2,*1/*2,*1/*2,concordant
cohort1_dragen,cohort1,DRAGEN,HG01109,HG02257,1,*2/*35,*2/*35,*2/*35,*35/*2,*2/*35,concordant
cohort1_dragen,cohort1,DRAGEN,HG01109,HG02572,1,*1/*152,*1/*152,*1/*152,*1/*152,*1/*152,concordant
cohort1_dragen,cohort1,DRAGEN,HG01109,HG02622,1,*17/*46,*17/*46,*17/*46,*46/*17,*17/*46,concordant
cohort1_dragen,cohort1,DRAGEN,HG01109,HG02630,1,*1/*46,*1/*46,*1/*46,*1/*46,*1/*46,concordant
cohort1_dragen,cohort1,DRAGEN,HG01109,HG02717,1,*1/*1,*1/*1,*1/*1,*1/*1,*1/*1,concordant
cohort1_dragen,cohort1,DRAGEN,HG01109,HG02723,1,*2/*17,*2/*17,*2/*17,*2/*17,*2/*17,concordant
cohort1_dragen,cohort1,DRAGEN,HG01109,HG02818,1,*1/*2,*1/*2,*1/*2,*2/*1,*1/*2,concordant
cohort1_dragen,cohort1,DRAGEN,HG01109,HG02886,1,*1/*4,*1/*4,*1/*4,*4/*1,*1/*4,concordant
cohort1_dragen,cohort1,DRAGEN,HG01109,HG03098,1,*2/*29,*2/*29,*2/*29,*2/*29,*2/*29,concordant
cohort1_dragen,cohort1,DRAGEN,HG01109,HG03453,1,*1/*29,*1/*29,*1/*29,*29/*1,*1/*29,concordant
cohort1_dragen,cohort1,DRAGEN,HG01109,HG03486,1,*1/*17,*1/*17,*1/*17,*1/*17,*1/*17,concordant
cohort1_dragen,cohort1,DRAGEN,HG01109,HG03492,1,*2/*41,*2/*41,*2/*41,*2/*41,*2/*41,concordant
cohort1_dragen,cohort1,DRAGEN,HG01109,HG03516,1,*2/*17,*2/*17,*2/*17,*17/*2,*2/*17,concordant
cohort1_dragen,cohort1,DRAGEN,HG01109,HG03540,1,*2+*2/*17,*2+*2/*17,*2+*2/*17,*17/*2+*2,*2+*2/*17,concordant
cohort1_dragen,cohort1,DRAGEN,HG01109,HG03579,1,*1/*2,*1/*2,*1/*2,*2/*1,*1/*2,concordant
cohort1_dragen,cohort1,DRAGEN,HG01109,NA18906,1,*17/*125,*17/*125,*17/*125,*17/*125,*17/*125,concordant
cohort1_dragen,cohort1,DRAGEN,HG01109,NA19240,1,*15/*17,*15/*17,*15/*17,*17/*15,*15/*17,concordant
cohort1_dragen,cohort1,DRAGEN,HG01109,NA20129,1,*4C/*4C,*4/*4,*4/*4,*5/*4+*4,*4+*4/*5,discordant
cohort1_dragen,cohort1,DRAGEN,HG01109,NA21309,1,*5/*29,*5/*29,*5/*29,*29/*5,*5/*29,concordant
cohort1_dragen,cohort1,DRAGEN,HG01109,NA24385,1,*2/*4,*2/*4,*2/*4,*2/*4,*2/*4,concordant
cohort1_dragen,cohort1,DRAGEN,HG01109,NA24631,1,*36.ALDY+*10/*49,*36+*10/*49,*10+*36/*49,*49/*10+*36,*10+*36/*49,concordant
cohort1_dragen,cohort1,DRAGEN,HG01175,HG00438,1,*36.ALDY+*10/*36.ALDY+*71,*36+*10/*36+*71,*10+*36/*36+*71,*10+*36+*36/*71,*10+*36+*36/*71,discordant
cohort1_dragen,cohort1,DRAGEN,HG01175,HG00621,1,*5/*49,*5/*49,*5/*49,*5/*49,*5/*49,concordant
cohort1_dragen,cohort1,DRAGEN,HG01175,HG00673,1,*1/*10,*1/*10,*1/*10,*1/*10,*1/*10,concordant
cohort1_dragen,cohort1,DRAGEN,HG01175,HG00733,1,*41/*68+*4,*41/*68+*4,*4+*68/*41,*41/*4+*68,*4+*68/*41,concordant
cohort1_dragen,cohort1,DRAGEN,HG01175,HG00735,1,*1/*4,*1/*4,*1/*4,*4/*1,*1/*4,concordant
cohort1_dragen,cohort1,DRAGEN,HG01175,HG00741,1,*1/*2,*1/*2,*1/*2,*2/*1,*1/*2,concordant
cohort1_dragen,cohort1,DRAGEN,HG01175,HG01071,1,*4/*41,*4/*41,*4/*41,*41/*4,*4/*41,concordant
cohort1_dragen,cohort1,DRAGEN,HG01175,HG01106,1,*4.028/*35,*4/*35,*4/*35,*35/*4,*4/*35,concordant
cohort1_dragen,cohort1,DRAGEN,HG01175,HG01109,1,*41/*106,*41/*106,*41/*106,*106/*41,*41/*106,concordant
cohort1_dragen,cohort1,DRAGEN,HG01175,HG01243,1,*1/*5,*1/*5,*1/*5,*5/*1,*1/*5,concordant
cohort1_dragen,cohort1,DRAGEN,HG01175,HG01258,1,*2+*68/*68+*4,*2+*68/*68+*4,*2+*68/*4+*68,*2/*4+*68+*68,*2/*4+*68+*68,discordant
cohort1_dragen,cohort1,DRAGEN,HG01175,HG01358,1,*1/*1,*1/*1,*1/*1,*1/*1,*1/*1,concordant
cohort1_dragen,cohort1,DRAGEN,HG01175,HG01361,1,*1/*4.028,*1/*4,*1/*4,*1/*4,*1/*4,concordant
cohort1_dragen,cohort1,DRAGEN,HG01175,HG01891,1,*5/*29,*5/*29,*5/*29,*29/*5,*5/*29,concordant
cohort1_dragen,cohort1,DRAGEN,HG01175,HG01928,1,*1/*1,*1/*1,*1/*1,*1/*1,*1/*1,concordant
cohort1_dragen,cohort1,DRAGEN,HG01175,HG01952,1,*1/*4.028,*1/*4,*1/*4,*1/*4,*1/*4,concordant
cohort1_dragen,cohort1,DRAGEN,HG01175,HG01978,1,*1/*1,*1/*1,*1/*1,*1/*1,*1/*1,concordant
cohort1_dragen,cohort1,DRAGEN,HG01175,HG02055,1,*1/*1,*1/*1,*1/*1,*1/*1,*1/*1,concordant
cohort1_dragen,cohort1,DRAGEN,HG01175,HG02080,1,*2/*10,*2/*10,*2/*10,*10/*2,*2/*10,concordant
cohort1_dragen,cohort1,DRAGEN,HG01175,HG02109,1,*1/*45,*1/*45,*1/*45,*45/*1,*1/*45,concordant
cohort1_dragen,cohort1,DRAGEN,HG01175,HG02145,1,*5/*84,*5/*84,*5/*84,*5/*84,*5/*84,concordant
cohort1_dragen,cohort1,DRAGEN,HG01175,HG02148,1,*1/*2,*1/*2,*1/*2,*1/*2,*1/*2,concordant
cohort1_dragen,cohort1,DRAGEN,HG01175,HG02257,1,*2/*35,*2/*35,*2/*35,*35/*2,*2/*35,concordant
cohort1_dragen,cohort1,DRAGEN,HG01175,HG02572,1,*1/*152,*1/*152,*1/*152,*1/*152,*1/*152,concordant
cohort1_dragen,cohort1,DRAGEN,HG01175,HG02622,1,*17/*46,*17/*46,*17/*46,*46/*17,*17/*46,concordant
cohort1_dragen,cohort1,DRAGEN,HG01175,HG02630,1,*1/*46,*1/*46,*1/*46,*1/*46,*1/*46,concordant
cohort1_dragen,cohort1,DRAGEN,HG01175,HG02717,1,*1/*1,*1/*1,*1/*1,*1/*1,*1/*1,concordant
cohort1_dragen,cohort1,DRAGEN,HG01175,HG02723,1,*2/*17,*2/*17,*2/*17,*2/*17,*2/*17,concordant
cohort1_dragen,cohort1,DRAGEN,HG01175,HG02818,1,*1/*2,*1/*2,*1/*2,*2/*1,*1/*2,concordant
cohort1_dragen,cohort1,DRAGEN,HG01175,HG02886,1,*1/*4,*1/*4,*1/*4,*4/*1,*1/*4,concordant
cohort1_dragen,cohort1,DRAGEN,HG01175,HG03098,1,*2/*29,*2/*29,*2/*29,*2/*29,*2/*29,concordant
cohort1_dragen,cohort1,DRAGEN,HG01175,HG03453,1,*1/*29,*1/*29,*1/*29,*29/*1,*1/*29,concordant
cohort1_dragen,cohort1,DRAGEN,HG01175,HG03486,1,*1/*17,*1/*17,*1/*17,*1/*17,*1/*17,concordant
cohort1_dragen,cohort1,DRAGEN,HG01175,HG03492,1,*2/*41,*2/*41,*2/*41,*2/*41,*2/*41,concordant
cohort1_dragen,cohort1,DRAGEN,HG01175,HG03516,1,*2/*17,*2/*17,*2/*17,*17/*2,*2/*17,concordant
cohort1_dragen,cohort1,DRAGEN,HG01175,HG03540,1,*2+*2/*17,*2+*2/*17,*2+*2/*17,*17/*2+*2,*2+*2/*17,concordant
cohort1_dragen,cohort1,DRAGEN,HG01175,HG03579,1,*1/*2,*1/*2,*1/*2,*2/*1,*1/*2,concordant
cohort1_dragen,cohort1,DRAGEN,HG01175,NA18906,1,*17/*125,*17/*125,*17/*125,*17/*125,*17/*125,concordant
cohort1_dragen,cohort1,DRAGEN,HG01175,NA19240,1,*15/*17,*15/*17,*15/*17,*17/*15,*15/*17,concordant
cohort1_dragen,cohort1,DRAGEN,HG01175,NA20129,1,*4C/*4C,*4/*4,*4/*4,*5/*4+*4,*4+*4/*5,discordant
cohort1_dragen,cohort1,DRAGEN,HG01175,NA21309,1,*5/*29,*5/*29,*5/*29,*29/*5,*5/*29,concordant
cohort1_dragen,cohort1,DRAGEN,HG01175,NA24385,1,*2/*4,*2/*4,*2/*4,*2/*4,*2/*4,concordant
cohort1_dragen,cohort1,DRAGEN,HG01175,NA24631,1,*36.ALDY+*10/*49,*36+*10/*49,*10+*36/*49,*49/*10+*36,*10+*36/*49,concordant
cohort1_dragen,cohort1,DRAGEN,HG01358,HG00438,1,*36.ALDY+*10/*36.ALDY+*71,*36+*10/*36+*71,*10+*36/*36+*71,*10+*36+*36/*71,*10+*36+*36/*71,discordant
cohort1_dragen,cohort1,DRAGEN,HG01358,HG00621,1,*5/*49,*5/*49,*5/*49,*5/*49,*5/*49,concordant
cohort1_dragen,cohort1,DRAGEN,HG01358,HG00673,1,*1/*10,*1/*10,*1/*10,*1/*10,*1/*10,concordant
cohort1_dragen,cohort1,DRAGEN,HG01358,HG00733,1,*41/*68+*4,*41/*68+*4,*4+*68/*41,*41/*4+*68,*4+*68/*41,concordant
cohort1_dragen,cohort1,DRAGEN,HG01358,HG00735,1,*1/*4,*1/*4,*1/*4,*4/*1,*1/*4,concordant
cohort1_dragen,cohort1,DRAGEN,HG01358,HG00741,1,*1/*2,*1/*2,*1/*2,*2/*1,*1/*2,concordant
cohort1_dragen,cohort1,DRAGEN,HG01358,HG01071,1,*4/*41,*4/*41,*4/*41,*41/*4,*4/*41,concordant
cohort1_dragen,cohort1,DRAGEN,HG01358,HG01106,1,*4.028/*35,*4/*35,*4/*35,*35/*4,*4/*35,concordant
cohort1_dragen,cohort1,DRAGEN,HG01358,HG01109,1,*41/*106,*41/*106,*41/*106,*106/*41,*41/*106,concordant
cohort1_dragen,cohort1,DRAGEN,HG01358,HG01175,1,*41/*41,*41/*41,*41/*41,*41/*41,*41/*41,concordant
cohort1_dragen,cohort1,DRAGEN,HG01358,HG01243,1,*1/*5,*1/*5,*1/*5,*5/*1,*1/*5,concordant
cohort1_dragen,cohort1,DRAGEN,HG01358,HG01258,1,*2+*68/*68+*4,*2+*68/*68+*4,*2+*68/*4+*68,*2/*4+*68+*68,*2/*4+*68+*68,discordant
cohort1_dragen,cohort1,DRAGEN,HG01358,HG01361,1,*1/*4.028,*1/*4,*1/*4,*1/*4,*1/*4,concordant
cohort1_dragen,cohort1,DRAGEN,HG01358,HG01891,1,*5/*29,*5/*29,*5/*29,*29/*5,*5/*29,concordant
cohort1_dragen,cohort1,DRAGEN,HG01358,HG01928,1,*1/*1,*1/*1,*1/*1,*1/*1,*1/*1,concordant
cohort1_dragen,cohort1,DRAGEN,HG01358,HG01952,1,*1/*4.028,*1/*4,*1/*4,*1/*4,*1/*4,concordant
cohort1_dragen,cohort1,DRAGEN,HG01358,HG01978,1,*1/*1,*1/*1,*1/*1,*1/*1,*1/*1,concordant
cohort1_dragen,cohort1,DRAGEN,HG01358,HG02055,1,*1/*1,*1/*1,*1/*1,*1/*1,*1/*1,concordant
cohort1_dragen,cohort1,DRAGEN,HG01358,HG02080,1,*2/*10,*2/*10,*2/*10,*10/*2,*2/*10,concordant
cohort1_dragen,cohort1,DRAGEN,HG01358,HG02109,1,*1/*45,*1/*45,*1/*45,*45/*1,*1/*45,concordant
cohort1_dragen,cohort1,DRAGEN,HG01358,HG02145,1,*5/*84,*5/*84,*5/*84,*5/*84,*5/*84,concordant
cohort1_dragen,cohort1,DRAGEN,HG01358,HG02148,1,*1/*2,*1/*2,*1/*2,*1/*2,*1/*2,concordant
cohort1_dragen,cohort1,DRAGEN,HG01358,HG02257,1,*2/*35,*2/*35,*2/*35,*35/*2,*2/*35,concordant
cohort1_dragen,cohort1,DRAGEN,HG01358,HG02572,1,*1/*152,*1/*152,*1/*152,*1/*152,*1/*152,concordant
cohort1_dragen,cohort1,DRAGEN,HG01358,HG02622,1,*17/*46,*17/*46,*17/*46,*46/*17,*17/*46,concordant
cohort1_dragen,cohort1,DRAGEN,HG01358,HG02630,1,*1/*46,*1/*46,*1/*46,*1/*46,*1/*46,concordant
cohort1_dragen,cohort1,DRAGEN,HG01358,HG02717,1,*1/*1,*1/*1,*1/*1,*1/*1,*1/*1,concordant
cohort1_dragen,cohort1,DRAGEN,HG01358,HG02723,1,*2/*17,*2/*17,*2/*17,*2/*17,*2/*17,concordant
cohort1_dragen,cohort1,DRAGEN,HG01358,HG02818,1,*1/*2,*1/*2,*1/*2,*2/*1,*1/*2,concordant
cohort1_dragen,cohort1,DRAGEN,HG01358,HG02886,1,*1/*4,*1/*4,*1/*4,*4/*1,*1/*4,concordant
cohort1_dragen,cohort1,DRAGEN,HG01358,HG03098,1,*2/*29,*2/*29,*2/*29,*2/*29,*2/*29,concordant
cohort1_dragen,cohort1,DRAGEN,HG01358,HG03453,1,*1/*29,*1/*29,*1/*29,*29/*1,*1/*29,concordant
cohort1_dragen,cohort1,DRAGEN,HG01358,HG03486,1,*1/*17,*1/*17,*1/*17,*1/*17,*1/*17,concordant
cohort1_dragen,cohort1,DRAGEN,HG01358,HG03492,1,*2/*41,*2/*41,*2/*41,*2/*41,*2/*41,concordant
cohort1_dragen,cohort1,DRAGEN,HG01358,HG03516,1,*2/*17,*2/*17,*2/*17,*17/*2,*2/*17,concordant
cohort1_dragen,cohort1,DRAGEN,HG01358,HG03540,1,*2+*2/*17,*2+*2/*17,*2+*2/*17,*17/*2+*2,*2+*2/*17,concordant
cohort1_dragen,cohort1,DRAGEN,HG01358,HG03579,1,*1/*2,*1/*2,*1/*2,*2/*1,*1/*2,concordant
cohort1_dragen,cohort1,DRAGEN,HG01358,NA18906,1,*17/*125,*17/*125,*17/*125,*17/*125,*17/*125,concordant
cohort1_dragen,cohort1,DRAGEN,HG01358,NA19240,1,*15/*17,*15/*17,*15/*17,*17/*15,*15/*17,concordant
cohort1_dragen,cohort1,DRAGEN,HG01358,NA20129,1,*4C/*4C,*4/*4,*4/*4,*5/*4+*4,*4+*4/*5,discordant
cohort1_dragen,cohort1,DRAGEN,HG01358,NA21309,1,*5/*29,*5/*29,*5/*29,*29/*5,*5/*29,concordant
cohort1_dragen,cohort1,DRAGEN,HG01358,NA24385,1,*2/*4,*2/*4,*2/*4,*2/*4,*2/*4,concordant
cohort1_dragen,cohort1,DRAGEN,HG01358,NA24631,1,*36.ALDY+*10/*49,*36+*10/*49,*10+*36/*49,*49/*10+*36,*10+*36/*49,concordant
cohort1_dragen,cohort1,DRAGEN,HG01361,HG00438,1,*36.ALDY+*10/*36.ALDY+*71,*36+*10/*36+*71,*10+*36/*36+*71,*10+*36+*36/*71,*10+*36+*36/*71,discordant
cohort1_dragen,cohort1,DRAGEN,HG01361,HG00621,1,*5/*49,*5/*49,*5/*49,*5/*49,*5/*49,concordant
cohort1_dragen,cohort1,DRAGEN,HG01361,HG00673,1,*1/*10,*1/*10,*1/*10,*1/*10,*1/*10,concordant
cohort1_dragen,cohort1,DRAGEN,HG01361,HG00733,1,*41/*68+*4,*41/*68+*4,*4+*68/*41,*41/*4+*68,*4+*68/*41,concordant
cohort1_dragen,cohort1,DRAGEN,HG01361,HG00735,1,*1/*4,*1/*4,*1/*4,*4/*1,*1/*4,concordant
cohort1_dragen,cohort1,DRAGEN,HG01361,HG00741,1,*1/*2,*1/*2,*1/*2,*2/*1,*1/*2,concordant
cohort1_dragen,cohort1,DRAGEN,HG01361,HG01071,1,*4/*41,*4/*41,*4/*41,*41/*4,*4/*41,concordant
cohort1_dragen,cohort1,DRAGEN,HG01361,HG01106,1,*4.028/*35,*4/*35,*4/*35,*35/*4,*4/*35,concordant
cohort1_dragen,cohort1,DRAGEN,HG01361,HG01109,1,*41/*106,*41/*106,*41/*106,*106/*41,*41/*106,concordant
cohort1_dragen,cohort1,DRAGEN,HG01361,HG01175,1,*41/*41,*41/*41,*41/*41,*41/*41,*41/*41,concordant
cohort1_dragen,cohort1,DRAGEN,HG01361,HG01243,1,*1/*5,*1/*5,*1/*5,*5/*1,*1/*5,concordant
cohort1_dragen,cohort1,DRAGEN,HG01361,HG01258,1,*2+*68/*68+*4,*2+*68/*68+*4,*2+*68/*4+*68,*2/*4+*68+*68,*2/*4+*68+*68,discordant
cohort1_dragen,cohort1,DRAGEN,HG01361,HG01358,1,*1/*1,*1/*1,*1/*1,*1/*1,*1/*1,concordant
cohort1_dragen,cohort1,DRAGEN,HG01361,HG01891,1,*5/*29,*5/*29,*5/*29,*29/*5,*5/*29,concordant
cohort1_dragen,cohort1,DRAGEN,HG01361,HG01928,1,*1/*1,*1/*1,*1/*1,*1/*1,*1/*1,concordant
cohort1_dragen,cohort1,DRAGEN,HG01361,HG01952,1,*1/*4.028,*1/*4,*1/*4,*1/*4,*1/*4,concordant
cohort1_dragen,cohort1,DRAGEN,HG01361,HG01978,1,*1/*1,*1/*1,*1/*1,*1/*1,*1/*1,concordant
cohort1_dragen,cohort1,DRAGEN,HG01361,HG02055,1,*1/*1,*1/*1,*1/*1,*1/*1,*1/*1,concordant
cohort1_dragen,cohort1,DRAGEN,HG01361,HG02080,1,*2/*10,*2/*10,*2/*10,*10/*2,*2/*10,concordant
cohort1_dragen,cohort1,DRAGEN,HG01361,HG02109,1,*1/*45,*1/*45,*1/*45,*45/*1,*1/*45,concordant
cohort1_dragen,cohort1,DRAGEN,HG01361,HG02145,1,*5/*84,*5/*84,*5/*84,*5/*84,*5/*84,concordant
cohort1_dragen,cohort1,DRAGEN,HG01361,HG02148,1,*1/*2,*1/*2,*1/*2,*1/*2,*1/*2,concordant
cohort1_dragen,cohort1,DRAGEN,HG01361,HG02257,1,*2/*35,*2/*35,*2/*35,*35/*2,*2/*35,concordant
cohort1_dragen,cohort1,DRAGEN,HG01361,HG02572,1,*1/*152,*1/*152,*1/*152,*1/*152,*1/*152,concordant
cohort1_dragen,cohort1,DRAGEN,HG01361,HG02622,1,*17/*46,*17/*46,*17/*46,*46/*17,*17/*46,concordant
cohort1_dragen,cohort1,DRAGEN,HG01361,HG02630,1,*1/*46,*1/*46,*1/*46,*1/*46,*1/*46,concordant
cohort1_dragen,cohort1,DRAGEN,HG01361,HG02717,1,*1/*1,*1/*1,*1/*1,*1/*1,*1/*1,concordant
cohort1_dragen,cohort1,DRAGEN,HG01361,HG02723,1,*2/*17,*2/*17,*2/*17,*2/*17,*2/*17,concordant
cohort1_dragen,cohort1,DRAGEN,HG01361,HG02818,1,*1/*2,*1/*2,*1/*2,*2/*1,*1/*2,concordant
cohort1_dragen,cohort1,DRAGEN,HG01361,HG02886,1,*1/*4,*1/*4,*1/*4,*4/*1,*1/*4,concordant
cohort1_dragen,cohort1,DRAGEN,HG01361,HG03098,1,*2/*29,*2/*29,*2/*29,*2/*29,*2/*29,concordant
cohort1_dragen,cohort1,DRAGEN,HG01361,HG03453,1,*1/*29,*1/*29,*1/*29,*29/*1,*1/*29,concordant
cohort1_dragen,cohort1,DRAGEN,HG01361,HG03486,1,*1/*17,*1/*17,*1/*17,*1/*17,*1/*17,concordant
cohort1_dragen,cohort1,DRAGEN,HG01361,HG03492,1,*2/*41,*2/*41,*2/*41,*2/*41,*2/*41,concordant
cohort1_dragen,cohort1,DRAGEN,HG01361,HG03516,1,*2/*17,*2/*17,*2/*17,*17/*2,*2/*17,concordant
cohort1_dragen,cohort1,DRAGEN,HG01361,HG03540,1,*2+*2/*17,*2+*2/*17,*2+*2/*17,*17/*2+*2,*2+*2/*17,concordant
cohort1_dragen,cohort1,DRAGEN,HG01361,HG03579,1,*1/*2,*1/*2,*1/*2,*2/*1,*1/*2,concordant
cohort1_dragen,cohort1,DRAGEN,HG01361,NA18906,1,*17/*125,*17/*125,*17/*125,*17/*125,*17/*125,concordant
cohort1_dragen,cohort1,DRAGEN,HG01361,NA19240,1,*15/*17,*15/*17,*15/*17,*17/*15,*15/*17,concordant
cohort1_dragen,cohort1,DRAGEN,HG01361,NA20129,1,*4C/*4C,*4/*4,*4/*4,*5/*4+*4,*4+*4/*5,discordant
cohort1_dragen,cohort1,DRAGEN,HG01361,NA21309,1,*5/*29,*5/*29,*5/*29,*29/*5,*5/*29,concordant
cohort1_dragen,cohort1,DRAGEN,HG01361,NA24385,1,*2/*4,*2/*4,*2/*4,*2/*4,*2/*4,concordant
cohort1_dragen,cohort1,DRAGEN,HG01361,NA24631,1,*36.ALDY+*10/*49,*36+*10/*49,*10+*36/*49,*49/*10+*36,*10+*36/*49,concordant
cohort1_dragen,cohort1,DRAGEN,HG01928,HG00438,1,*36.ALDY+*10/*36.ALDY+*71,*36+*10/*36+*71,*10+*36/*36+*71,*10+*36+*36/*71,*10+*36+*36/*71,discordant
cohort1_dragen,cohort1,DRAGEN,HG01928,HG00621,1,*5/*49,*5/*49,*5/*49,*5/*49,*5/*49,concordant
cohort1_dragen,cohort1,DRAGEN,HG01928,HG00673,1,*1/*10,*1/*10,*1/*10,*1/*10,*1/*10,concordant
cohort1_dragen,cohort1,DRAGEN,HG01928,HG00733,1,*41/*68+*4,*41/*68+*4,*4+*68/*41,*41/*4+*68,*4+*68/*41,concordant
cohort1_dragen,cohort1,DRAGEN,HG01928,HG00735,1,*1/*4,*1/*4,*1/*4,*4/*1,*1/*4,concordant
cohort1_dragen,cohort1,DRAGEN,HG01928,HG00741,1,*1/*2,*1/*2,*1/*2,*2/*1,*1/*2,concordant
cohort1_dragen,cohort1,DRAGEN,HG01928,HG01071,1,*4/*41,*4/*41,*4/*41,*41/*4,*4/*41,concordant
cohort1_dragen,cohort1,DRAGEN,HG01928,HG01106,1,*4.028/*35,*4/*35,*4/*35,*35/*4,*4/*35,concordant
cohort1_dragen,cohort1,DRAGEN,HG01928,HG01109,1,*41/*106,*41/*106,*41/*106,*106/*41,*41/*106,concordant
cohort1_dragen,cohort1,DRAGEN,HG01928,HG01175,1,*41/*41,*41/*41,*41/*41,*41/*41,*41/*41,concordant
cohort1_dragen,cohort1,DRAGEN,HG01928,HG01243,1,*1/*5,*1/*5,*1/*5,*5/*1,*1/*5,concordant
cohort1_dragen,cohort1,DRAGEN,HG01928,HG01258,1,*2+*68/*68+*4,*2+*68/*68+*4,*2+*68/*4+*68,*2/*4+*68+*68,*2/*4+*68+*68,discordant
cohort1_dragen,cohort1,DRAGEN,HG01928,HG01358,1,*1/*1,*1/*1,*1/*1,*1/*1,*1/*1,concordant
cohort1_dragen,cohort1,DRAGEN,HG01928,HG01361,1,*1/*4.028,*1/*4,*1/*4,*1/*4,*1/*4,concordant
cohort1_dragen,cohort1,DRAGEN,HG01928,HG01891,1,*5/*29,*5/*29,*5/*29,*29/*5,*5/*29,concordant
cohort1_dragen,cohort1,DRAGEN,HG01928,HG01952,1,*1/*4.028,*1/*4,*1/*4,*1/*4,*1/*4,concordant
cohort1_dragen,cohort1,DRAGEN,HG01928,HG01978,1,*1/*1,*1/*1,*1/*1,*1/*1,*1/*1,concordant
cohort1_dragen,cohort1,DRAGEN,HG01928,HG02055,1,*1/*1,*1/*1,*1/*1,*1/*1,*1/*1,concordant
cohort1_dragen,cohort1,DRAGEN,HG01928,HG02080,1,*2/*10,*2/*10,*2/*10,*10/*2,*2/*10,concordant
cohort1_dragen,cohort1,DRAGEN,HG01928,HG02109,1,*1/*45,*1/*45,*1/*45,*45/*1,*1/*45,concordant
cohort1_dragen,cohort1,DRAGEN,HG01928,HG02145,1,*5/*84,*5/*84,*5/*84,*5/*84,*5/*84,concordant
cohort1_dragen,cohort1,DRAGEN,HG01928,HG02148,1,*1/*2,*1/*2,*1/*2,*1/*2,*1/*2,concordant
cohort1_dragen,cohort1,DRAGEN,HG01928,HG02257,1,*2/*35,*2/*35,*2/*35,*35/*2,*2/*35,concordant
cohort1_dragen,cohort1,DRAGEN,HG01928,HG02572,1,*1/*152,*1/*152,*1/*152,*1/*152,*1/*152,concordant
cohort1_dragen,cohort1,DRAGEN,HG01928,HG02622,1,*17/*46,*17/*46,*17/*46,*46/*17,*17/*46,concordant
cohort1_dragen,cohort1,DRAGEN,HG01928,HG02630,1,*1/*46,*1/*46,*1/*46,*1/*46,*1/*46,concordant
cohort1_dragen,cohort1,DRAGEN,HG01928,HG02717,1,*1/*1,*1/*1,*1/*1,*1/*1,*1/*1,concordant
cohort1_dragen,cohort1,DRAGEN,HG01928,HG02723,1,*2/*17,*2/*17,*2/*17,*2/*17,*2/*17,concordant
cohort1_dragen,cohort1,DRAGEN,HG01928,HG02818,1,*1/*2,*1/*2,*1/*2,*2/*1,*1/*2,concordant
cohort1_dragen,cohort1,DRAGEN,HG01928,HG02886,1,*1/*4,*1/*4,*1/*4,*4/*1,*1/*4,concordant
cohort1_dragen,cohort1,DRAGEN,HG01928,HG03098,1,*2/*29,*2/*29,*2/*29,*2/*29,*2/*29,concordant
cohort1_dragen,cohort1,DRAGEN,HG01928,HG03453,1,*1/*29,*1/*29,*1/*29,*29/*1,*1/*29,concordant
cohort1_dragen,cohort1,DRAGEN,HG01928,HG03486,1,*1/*17,*1/*17,*1/*17,*1/*17,*1/*17,concordant
cohort1_dragen,cohort1,DRAGEN,HG01928,HG03492,1,*2/*41,*2/*41,*2/*41,*2/*41,*2/*41,concordant
cohort1_dragen,cohort1,DRAGEN,HG01928,HG03516,1,*2/*17,*2/*17,*2/*17,*17/*2,*2/*17,concordant
cohort1_dragen,cohort1,DRAGEN,HG01928,HG03540,1,*2+*2/*17,*2+*2/*17,*2+*2/*17,*17/*2+*2,*2+*2/*17,concordant
cohort1_dragen,cohort1,DRAGEN,HG01928,HG03579,1,*1/*2,*1/*2,*1/*2,*2/*1,*1/*2,concordant
cohort1_dragen,cohort1,DRAGEN,HG01928,NA18906,1,*17/*125,*17/*125,*17/*125,*17/*125,*17/*125,concordant
cohort1_dragen,cohort1,DRAGEN,HG01928,NA19240,1,*15/*17,*15/*17,*15/*17,*17/*15,*15/*17,concordant
cohort1_dragen,cohort1,DRAGEN,HG01928,NA20129,1,*4C/*4C,*4/*4,*4/*4,*5/*4+*4,*4+*4/*5,discordant
cohort1_dragen,cohort1,DRAGEN,HG01928,NA21309,1,*5/*29,*5/*29,*5/*29,*29/*5,*5/*29,concordant
cohort1_dragen,cohort1,DRAGEN,HG01928,NA24385,1,*2/*4,*2/*4,*2/*4,*2/*4,*2/*4,concordant
cohort1_dragen,cohort1,DRAGEN,HG01928,NA24631,1,*36.ALDY+*10/*49,*36+*10/*49,*10+*36/*49,*49/*10+*36,*10+*36/*49,concordant
cohort1_dragen,cohort1,DRAGEN,HG01952,HG00438,1,*36.ALDY+*10/*36.ALDY+*71,*36+*10/*36+*71,*10+*36/*36+*71,*10+*36+*36/*71,*10+*36+*36/*71,discordant
cohort1_dragen,cohort1,DRAGEN,HG01952,HG00621,1,*5/*49,*5/*49,*5/*49,*5/*49,*5/*49,concordant
cohort1_dragen,cohort1,DRAGEN,HG01952,HG00673,1,*1/*10,*1/*10,*1/*10,*1/*10,*1/*10,concordant
cohort1_dragen,cohort1,DRAGEN,HG01952,HG00733,1,*41/*68+*4,*41/*68+*4,*4+*68/*41,*41/*4+*68,*4+*68/*41,concordant
cohort1_dragen,cohort1,DRAGEN,HG01952,HG00735,1,*1/*4,*1/*4,*1/*4,*4/*1,*1/*4,concordant
cohort1_dragen,cohort1,DRAGEN,HG01952,HG00741,1,*1/*2,*1/*2,*1/*2,*2/*1,*1/*2,concordant
cohort1_dragen,cohort1,DRAGEN,HG01952,HG01071,1,*4/*41,*4/*41,*4/*41,*41/*4,*4/*41,concordant
cohort1_dragen,cohort1,DRAGEN,HG01952,HG01106,1,*4.028/*35,*4/*35,*4/*35,*35/*4,*4/*35,concordant
cohort1_dragen,cohort1,DRAGEN,HG01952,HG01109,1,*41/*106,*41/*106,*41/*106,*106/*41,*41/*106,concordant
cohort1_dragen,cohort1,DRAGEN,HG01952,HG01175,1,*41/*41,*41/*41,*41/*41,*41/*41,*41/*41,concordant
cohort1_dragen,cohort1,DRAGEN,HG01952,HG01243,1,*1/*5,*1/*5,*1/*5,*5/*1,*1/*5,concordant
cohort1_dragen,cohort1,DRAGEN,HG01952,HG01258,1,*2+*68/*68+*4,*2+*68/*68+*4,*2+*68/*4+*68,*2/*4+*68+*68,*2/*4+*68+*68,discordant
cohort1_dragen,cohort1,DRAGEN,HG01952,HG01358,1,*1/*1,*1/*1,*1/*1,*1/*1,*1/*1,concordant
cohort1_dragen,cohort1,DRAGEN,HG01952,HG01361,1,*1/*4.028,*1/*4,*1/*4,*1/*4,*1/*4,concordant
cohort1_dragen,cohort1,DRAGEN,HG01952,HG01891,1,*5/*29,*5/*29,*5/*29,*29/*5,*5/*29,concordant
cohort1_dragen,cohort1,DRAGEN,HG01952,HG01928,1,*1/*1,*1/*1,*1/*1,*1/*1,*1/*1,concordant
cohort1_dragen,cohort1,DRAGEN,HG01952,HG01978,1,*1/*1,*1/*1,*1/*1,*1/*1,*1/*1,concordant
cohort1_dragen,cohort1,DRAGEN,HG01952,HG02055,1,*1/*1,*1/*1,*1/*1,*1/*1,*1/*1,concordant
cohort1_dragen,cohort1,DRAGEN,HG01952,HG02080,1,*2/*10,*2/*10,*2/*10,*10/*2,*2/*10,concordant
cohort1_dragen,cohort1,DRAGEN,HG01952,HG02109,1,*1/*45,*1/*45,*1/*45,*45/*1,*1/*45,concordant
cohort1_dragen,cohort1,DRAGEN,HG01952,HG02145,1,*5/*84,*5/*84,*5/*84,*5/*84,*5/*84,concordant
cohort1_dragen,cohort1,DRAGEN,HG01952,HG02148,1,*1/*2,*1/*2,*1/*2,*1/*2,*1/*2,concordant
cohort1_dragen,cohort1,DRAGEN,HG01952,HG02257,1,*2/*35,*2/*35,*2/*35,*35/*2,*2/*35,concordant
cohort1_dragen,cohort1,DRAGEN,HG01952,HG02572,1,*1/*152,*1/*152,*1/*152,*1/*152,*1/*152,concordant
cohort1_dragen,cohort1,DRAGEN,HG01952,HG02622,1,*17/*46,*17/*46,*17/*46,*46/*17,*17/*46,concordant
cohort1_dragen,cohort1,DRAGEN,HG01952,HG02630,1,*1/*46,*1/*46,*1/*46,*1/*46,*1/*46,concordant
cohort1_dragen,cohort1,DRAGEN,HG01952,HG02717,1,*1/*1,*1/*1,*1/*1,*1/*1,*1/*1,concordant
cohort1_dragen,cohort1,DRAGEN,HG01952,HG02723,1,*2/*17,*2/*17,*2/*17,*2/*17,*2/*17,concordant
cohort1_dragen,cohort1,DRAGEN,HG01952,HG02818,1,*1/*2,*1/*2,*1/*2,*2/*1,*1/*2,concordant
cohort1_dragen,cohort1,DRAGEN,HG01952,HG02886,1,*1/*4,*1/*4,*1/*4,*4/*1,*1/*4,concordant
cohort1_dragen,cohort1,DRAGEN,HG01952,HG03098,1,*2/*29,*2/*29,*2/*29,*2/*29,*2/*29,concordant
cohort1_dragen,cohort1,DRAGEN,HG01952,HG03453,1,*1/*29,*1/*29,*1/*29,*29/*1,*1/*29,concordant
cohort1_dragen,cohort1,DRAGEN,HG01952,HG03486,1,*1/*17,*1/*17,*1/*17,*1/*17,*1/*17,concordant
cohort1_dragen,cohort1,DRAGEN,HG01952,HG03492,1,*2/*41,*2/*41,*2/*41,*2/*41,*2/*41,concordant
cohort1_dragen,cohort1,DRAGEN,HG01952,HG03516,1,*2/*17,*2/*17,*2/*17,*17/*2,*2/*17,concordant
cohort1_dragen,cohort1,DRAGEN,HG01952,HG03540,1,*2+*2/*17,*2+*2/*17,*2+*2/*17,*17/*2+*2,*2+*2/*17,concordant
cohort1_dragen,cohort1,DRAGEN,HG01952,HG03579,1,*1/*2,*1/*2,*1/*2,*2/*1,*1/*2,concordant
cohort1_dragen,cohort1,DRAGEN,HG01952,NA18906,1,*17/*125,*17/*125,*17/*125,*17/*125,*17/*125,concordant
cohort1_dragen,cohort1,DRAGEN,HG01952,NA19240,1,*15/*17,*15/*17,*15/*17,*17/*15,*15/*17,concordant
cohort1_dragen,cohort1,DRAGEN,HG01952,NA20129,1,*4C/*4C,*4/*4,*4/*4,*5/*4+*4,*4+*4/*5,discordant
cohort1_dragen,cohort1,DRAGEN,HG01952,NA21309,1,*5/*29,*5/*29,*5/*29,*29/*5,*5/*29,concordant
cohort1_dragen,cohort1,DRAGEN,HG01952,NA24385,1,*2/*4,*2/*4,*2/*4,*2/*4,*2/*4,concordant
cohort1_dragen,cohort1,DRAGEN,HG01952,NA24631,1,*36.ALDY+*10/*49,*36+*10/*49,*10+*36/*49,*49/*10+*36,*10+*36/*49,concordant
cohort1_dragen,cohort1,DRAGEN,HG01978,HG00438,1,*36.ALDY+*10/*36.ALDY+*71,*36+*10/*36+*71,*10+*36/*36+*71,*10+*36+*36/*71,*10+*36+*36/*71,discordant
cohort1_dragen,cohort1,DRAGEN,HG01978,HG00621,1,*5/*49,*5/*49,*5/*49,*5/*49,*5/*49,concordant
cohort1_dragen,cohort1,DRAGEN,HG01978,HG00673,1,*1/*10,*1/*10,*1/*10,*1/*10,*1/*10,concordant
cohort1_dragen,cohort1,DRAGEN,HG01978,HG00733,1,*41/*68+*4,*41/*68+*4,*4+*68/*41,*41/*4+*68,*4+*68/*41,concordant
cohort1_dragen,cohort1,DRAGEN,HG01978,HG00735,1,*1/*4,*1/*4,*1/*4,*4/*1,*1/*4,concordant
cohort1_dragen,cohort1,DRAGEN,HG01978,HG00741,1,*1/*2,*1/*2,*1/*2,*2/*1,*1/*2,concordant
cohort1_dragen,cohort1,DRAGEN,HG01978,HG01071,1,*4/*41,*4/*41,*4/*41,*41/*4,*4/*41,concordant
cohort1_dragen,cohort1,DRAGEN,HG01978,HG01106,1,*4.028/*35,*4/*35,*4/*35,*35/*4,*4/*35,concordant
cohort1_dragen,cohort1,DRAGEN,HG01978,HG01109,1,*41/*106,*41/*106,*41/*106,*106/*41,*41/*106,concordant
cohort1_dragen,cohort1,DRAGEN,HG01978,HG01175,1,*41/*41,*41/*41,*41/*41,*41/*41,*41/*41,concordant
cohort1_dragen,cohort1,DRAGEN,HG01978,HG01243,1,*1/*5,*1/*5,*1/*5,*5/*1,*1/*5,concordant
cohort1_dragen,cohort1,DRAGEN,HG01978,HG01258,1,*2+*68/*68+*4,*2+*68/*68+*4,*2+*68/*4+*68,*2/*4+*68+*68,*2/*4+*68+*68,discordant
cohort1_dragen,cohort1,DRAGEN,HG01978,HG01358,1,*1/*1,*1/*1,*1/*1,*1/*1,*1/*1,concordant
cohort1_dragen,cohort1,DRAGEN,HG01978,HG01361,1,*1/*4.028,*1/*4,*1/*4,*1/*4,*1/*4,concordant
cohort1_dragen,cohort1,DRAGEN,HG01978,HG01891,1,*5/*29,*5/*29,*5/*29,*29/*5,*5/*29,concordant
cohort1_dragen,cohort1,DRAGEN,HG01978,HG01928,1,*1/*1,*1/*1,*1/*1,*1/*1,*1/*1,concordant
cohort1_dragen,cohort1,DRAGEN,HG01978,HG01952,1,*1/*4.028,*1/*4,*1/*4,*1/*4,*1/*4,concordant
cohort1_dragen,cohort1,DRAGEN,HG01978,HG02055,1,*1/*1,*1/*1,*1/*1,*1/*1,*1/*1,concordant
cohort1_dragen,cohort1,DRAGEN,HG01978,HG02080,1,*2/*10,*2/*10,*2/*10,*10/*2,*2/*10,concordant
cohort1_dragen,cohort1,DRAGEN,HG01978,HG02109,1,*1/*45,*1/*45,*1/*45,*45/*1,*1/*45,concordant
cohort1_dragen,cohort1,DRAGEN,HG01978,HG02145,1,*5/*84,*5/*84,*5/*84,*5/*84,*5/*84,concordant
cohort1_dragen,cohort1,DRAGEN,HG01978,HG02148,1,*1/*2,*1/*2,*1/*2,*1/*2,*1/*2,concordant
cohort1_dragen,cohort1,DRAGEN,HG01978,HG02257,1,*2/*35,*2/*35,*2/*35,*35/*2,*2/*35,concordant
cohort1_dragen,cohort1,DRAGEN,HG01978,HG02572,1,*1/*152,*1/*152,*1/*152,*1/*152,*1/*152,concordant
cohort1_dragen,cohort1,DRAGEN,HG01978,HG02622,1,*17/*46,*17/*46,*17/*46,*46/*17,*17/*46,concordant
cohort1_dragen,cohort1,DRAGEN,HG01978,HG02630,1,*1/*46,*1/*46,*1/*46,*1/*46,*1/*46,concordant
cohort1_dragen,cohort1,DRAGEN,HG01978,HG02717,1,*1/*1,*1/*1,*1/*1,*1/*1,*1/*1,concordant
cohort1_dragen,cohort1,DRAGEN,HG01978,HG02723,1,*2/*17,*2/*17,*2/*17,*2/*17,*2/*17,concordant
cohort1_dragen,cohort1,DRAGEN,HG01978,HG02818,1,*1/*2,*1/*2,*1/*2,*2/*1,*1/*2,concordant
cohort1_dragen,cohort1,DRAGEN,HG01978,HG02886,1,*1/*4,*1/*4,*1/*4,*4/*1,*1/*4,concordant
cohort1_dragen,cohort1,DRAGEN,HG01978,HG03098,1,*2/*29,*2/*29,*2/*29,*2/*29,*2/*29,concordant
cohort1_dragen,cohort1,DRAGEN,HG01978,HG03453,1,*1/*29,*1/*29,*1/*29,*29/*1,*1/*29,concordant
cohort1_dragen,cohort1,DRAGEN,HG01978,HG03486,1,*1/*17,*1/*17,*1/*17,*1/*17,*1/*17,concordant
cohort1_dragen,cohort1,DRAGEN,HG01978,HG03492,1,*2/*41,*2/*41,*2/*41,*2/*41,*2/*41,concordant
cohort1_dragen,cohort1,DRAGEN,HG01978,HG03516,1,*2/*17,*2/*17,*2/*17,*17/*2,*2/*17,concordant
cohort1_dragen,cohort1,DRAGEN,HG01978,HG03540,1,*2+*2/*17,*2+*2/*17,*2+*2/*17,*17/*2+*2,*2+*2/*17,concordant
cohort1_dragen,cohort1,DRAGEN,HG01978,HG03579,1,*1/*2,*1/*2,*1/*2,*2/*1,*1/*2,concordant
cohort1_dragen,cohort1,DRAGEN,HG01978,NA18906,1,*17/*125,*17/*125,*17/*125,*17/*125,*17/*125,concordant
cohort1_dragen,cohort1,DRAGEN,HG01978,NA19240,1,*15/*17,*15/*17,*15/*17,*17/*15,*15/*17,concordant
cohort1_dragen,cohort1,DRAGEN,HG01978,NA20129,1,*4C/*4C,*4/*4,*4/*4,*5/*4+*4,*4+*4/*5,discordant
cohort1_dragen,cohort1,DRAGEN,HG01978,NA21309,1,*5/*29,*5/*29,*5/*29,*29/*5,*5/*29,concordant
cohort1_dragen,cohort1,DRAGEN,HG01978,NA24385,1,*2/*4,*2/*4,*2/*4,*2/*4,*2/*4,concordant
cohort1_dragen,cohort1,DRAGEN,HG01978,NA24631,1,*36.ALDY+*10/*49,*36+*10/*49,*10+*36/*49,*49/*10+*36,*10+*36/*49,concordant
cohort1_dragen,cohort1,DRAGEN,HG02055,HG00438,1,*36.ALDY+*10/*36.ALDY+*71,*36+*10/*36+*71,*10+*36/*36+*71,*10+*36+*36/*71,*10+*36+*36/*71,discordant
cohort1_dragen,cohort1,DRAGEN,HG02055,HG00621,1,*5/*49,*5/*49,*5/*49,*5/*49,*5/*49,concordant
cohort1_dragen,cohort1,DRAGEN,HG02055,HG00673,1,*1/*10,*1/*10,*1/*10,*1/*10,*1/*10,concordant
cohort1_dragen,cohort1,DRAGEN,HG02055,HG00733,1,*41/*68+*4,*41/*68+*4,*4+*68/*41,*41/*4+*68,*4+*68/*41,concordant
cohort1_dragen,cohort1,DRAGEN,HG02055,HG00735,1,*1/*4,*1/*4,*1/*4,*4/*1,*1/*4,concordant
cohort1_dragen,cohort1,DRAGEN,HG02055,HG00741,1,*1/*2,*1/*2,*1/*2,*2/*1,*1/*2,concordant
cohort1_dragen,cohort1,DRAGEN,HG02055,HG01071,1,*4/*41,*4/*41,*4/*41,*41/*4,*4/*41,concordant
cohort1_dragen,cohort1,DRAGEN,HG02055,HG01106,1,*4.028/*35,*4/*35,*4/*35,*35/*4,*4/*35,concordant
cohort1_dragen,cohort1,DRAGEN,HG02055,HG01109,1,*41/*106,*41/*106,*41/*106,*106/*41,*41/*106,concordant
cohort1_dragen,cohort1,DRAGEN,HG02055,HG01175,1,*41/*41,*41/*41,*41/*41,*41/*41,*41/*41,concordant
cohort1_dragen,cohort1,DRAGEN,HG02055,HG01243,1,*1/*5,*1/*5,*1/*5,*5/*1,*1/*5,concordant
cohort1_dragen,cohort1,DRAGEN,HG02055,HG01258,1,*2+*68/*68+*4,*2+*68/*68+*4,*2+*68/*4+*68,*2/*4+*68+*68,*2/*4+*68+*68,discordant
cohort1_dragen,cohort1,DRAGEN,HG02055,HG01358,1,*1/*1,*1/*1,*1/*1,*1/*1,*1/*1,concordant
cohort1_dragen,cohort1,DRAGEN,HG02055,HG01361,1,*1/*4.028,*1/*4,*1/*4,*1/*4,*1/*4,concordant
cohort1_dragen,cohort1,DRAGEN,HG02055,HG01891,1,*5/*29,*5/*29,*5/*29,*29/*5,*5/*29,concordant
cohort1_dragen,cohort1,DRAGEN,HG02055,HG01928,1,*1/*1,*1/*1,*1/*1,*1/*1,*1/*1,concordant
cohort1_dragen,cohort1,DRAGEN,HG02055,HG01952,1,*1/*4.028,*1/*4,*1/*4,*1/*4,*1/*4,concordant
cohort1_dragen,cohort1,DRAGEN,HG02055,HG01978,1,*1/*1,*1/*1,*1/*1,*1/*1,*1/*1,concordant
cohort1_dragen,cohort1,DRAGEN,HG02055,HG02080,1,*2/*10,*2/*10,*2/*10,*10/*2,*2/*10,concordant
cohort1_dragen,cohort1,DRAGEN,HG02055,HG02109,1,*1/*45,*1/*45,*1/*45,*45/*1,*1/*45,concordant
cohort1_dragen,cohort1,DRAGEN,HG02055,HG02145,1,*5/*84,*5/*84,*5/*84,*5/*84,*5/*84,concordant
cohort1_dragen,cohort1,DRAGEN,HG02055,HG02148,1,*1/*2,*1/*2,*1/*2,*1/*2,*1/*2,concordant
cohort1_dragen,cohort1,DRAGEN,HG02055,HG02257,1,*2/*35,*2/*35,*2/*35,*35/*2,*2/*35,concordant
cohort1_dragen,cohort1,DRAGEN,HG02055,HG02572,1,*1/*152,*1/*152,*1/*152,*1/*152,*1/*152,concordant
cohort1_dragen,cohort1,DRAGEN,HG02055,HG02622,1,*17/*46,*17/*46,*17/*46,*46/*17,*17/*46,concordant
cohort1_dragen,cohort1,DRAGEN,HG02055,HG02630,1,*1/*46,*1/*46,*1/*46,*1/*46,*1/*46,concordant
cohort1_dragen,cohort1,DRAGEN,HG02055,HG02717,1,*1/*1,*1/*1,*1/*1,*1/*1,*1/*1,concordant
cohort1_dragen,cohort1,DRAGEN,HG02055,HG02723,1,*2/*17,*2/*17,*2/*17,*2/*17,*2/*17,concordant
cohort1_dragen,cohort1,DRAGEN,HG02055,HG02818,1,*1/*2,*1/*2,*1/*2,*2/*1,*1/*2,concordant
cohort1_dragen,cohort1,DRAGEN,HG02055,HG02886,1,*1/*4,*1/*4,*1/*4,*4/*1,*1/*4,concordant
cohort1_dragen,cohort1,DRAGEN,HG02055,HG03098,1,*2/*29,*2/*29,*2/*29,*2/*29,*2/*29,concordant
cohort1_dragen,cohort1,DRAGEN,HG02055,HG03453,1,*1/*29,*1/*29,*1/*29,*29/*1,*1/*29,concordant
cohort1_dragen,cohort1,DRAGEN,HG02055,HG03486,1,*1/*17,*1/*17,*1/*17,*1/*17,*1/*17,concordant
cohort1_dragen,cohort1,DRAGEN,HG02055,HG03492,1,*2/*41,*2/*41,*2/*41,*2/*41,*2/*41,concordant
cohort1_dragen,cohort1,DRAGEN,HG02055,HG03516,1,*2/*17,*2/*17,*2/*17,*17/*2,*2/*17,concordant
cohort1_dragen,cohort1,DRAGEN,HG02055,HG03540,1,*2+*2/*17,*2+*2/*17,*2+*2/*17,*17/*2+*2,*2+*2/*17,concordant
cohort1_dragen,cohort1,DRAGEN,HG02055,HG03579,1,*1/*2,*1/*2,*1/*2,*2/*1,*1/*2,concordant
cohort1_dragen,cohort1,DRAGEN,HG02055,NA18906,1,*17/*125,*17/*125,*17/*125,*17/*125,*17/*125,concordant
cohort1_dragen,cohort1,DRAGEN,HG02055,NA19240,1,*15/*17,*15/*17,*15/*17,*17/*15,*15/*17,concordant
cohort1_dragen,cohort1,DRAGEN,HG02055,NA20129,1,*4C/*4C,*4/*4,*4/*4,*5/*4+*4,*4+*4/*5,discordant
cohort1_dragen,cohort1,DRAGEN,HG02055,NA21309,1,*5/*29,*5/*29,*5/*29,*29/*5,*5/*29,concordant
cohort1_dragen,cohort1,DRAGEN,HG02055,NA24385,1,*2/*4,*2/*4,*2/*4,*2/*4,*2/*4,concordant
cohort1_dragen,cohort1,DRAGEN,HG02055,NA24631,1,*36.ALDY+*10/*49,*36+*10/*49,*10+*36/*49,*49/*10+*36,*10+*36/*49,concordant
cohort1_dragen,cohort1,DRAGEN,HG02080,HG00438,1,*10+*71/*36.ALDY+*10,*10+*71/*36+*10,*10+*36/*10+*71,*10+*36+*36/*71,*10+*36+*36/*71,discordant
cohort1_dragen,cohort1,DRAGEN,HG02080,HG00621,1,*5/*49,*5/*49,*5/*49,*5/*49,*5/*49,concordant
cohort1_dragen,cohort1,DRAGEN,HG02080,HG00673,1,*1/*10,*1/*10,*1/*10,*1/*10,*1/*10,concordant
cohort1_dragen,cohort1,DRAGEN,HG02080,HG00733,1,*41/*68+*4,*41/*68+*4,*4+*68/*41,*41/*4+*68,*4+*68/*41,concordant
cohort1_dragen,cohort1,DRAGEN,HG02080,HG00735,1,*1/*4,*1/*4,*1/*4,*4/*1,*1/*4,concordant
cohort1_dragen,cohort1,DRAGEN,HG02080,HG00741,1,*1/*2,*1/*2,*1/*2,*2/*1,*1/*2,concordant
cohort1_dragen,cohort1,DRAGEN,HG02080,HG01071,1,*4/*41,*4/*41,*4/*41,*41/*4,*4/*41,concordant
cohort1_dragen,cohort1,DRAGEN,HG02080,HG01106,1,*4.028/*35,*4/*35,*4/*35,*35/*4,*4/*35,concordant
cohort1_dragen,cohort1,DRAGEN,HG02080,HG01109,1,*41/*106,*41/*106,*41/*106,*106/*41,*41/*106,concordant
cohort1_dragen,cohort1,DRAGEN,HG02080,HG01175,1,*41/*41,*41/*41,*41/*41,*41/*41,*41/*41,concordant
cohort1_dragen,cohort1,DRAGEN,HG02080,HG01243,1,*1/*5,*1/*5,*1/*5,*5/*1,*1/*5,concordant
cohort1_dragen,cohort1,DRAGEN,HG02080,HG01258,1,*2/*68+*4,*2/*68+*4,*2/*4+*68,*2/*4+*68+*68,*2/*4+*68+*68,discordant
cohort1_dragen,cohort1,DRAGEN,HG02080,HG01358,1,*1/*1,*1/*1,*1/*1,*1/*1,*1/*1,concordant
cohort1_dragen,cohort1,DRAGEN,HG02080,HG01361,1,*1/*4.028,*1/*4,*1/*4,*1/*4,*1/*4,concordant
cohort1_dragen,cohort1,DRAGEN,HG02080,HG01891,1,*5/*29,*5/*29,*5/*29,*29/*5,*5/*29,concordant
cohort1_dragen,cohort1,DRAGEN,HG02080,HG01928,1,*1/*1,*1/*1,*1/*1,*1/*1,*1/*1,concordant
cohort1_dragen,cohort1,DRAGEN,HG02080,HG01952,1,*1/*4.028,*1/*4,*1/*4,*1/*4,*1/*4,concordant
cohort1_dragen,cohort1,DRAGEN,HG02080,HG01978,1,*1/*1,*1/*1,*1/*1,*1/*1,*1/*1,concordant
cohort1_dragen,cohort1,DRAGEN,HG02080,HG02055,1,*1/*1,*1/*1,*1/*1,*1/*1,*1/*1,concordant
cohort1_dragen,cohort1,DRAGEN,HG02080,HG02109,1,*1/*45,*1/*45,*1/*45,*45/*1,*1/*45,concordant
cohort1_dragen,cohort1,DRAGEN,HG02080,HG02145,1,*5/*84,*5/*84,*5/*84,*5/*84,*5/*84,concordant
cohort1_dragen,cohort1,DRAGEN,HG02080,HG02148,1,*1/*2,*1/*2,*1/*2,*1/*2,*1/*2,concordant
cohort1_dragen,cohort1,DRAGEN,HG02080,HG02257,1,*2/*35,*2/*35,*2/*35,*35/*2,*2/*35,concordant
cohort1_dragen,cohort1,DRAGEN,HG02080,HG02572,1,*1/*152,*1/*152,*1/*152,*1/*152,*1/*152,concordant
cohort1_dragen,cohort1,DRAGEN,HG02080,HG02622,1,*17/*46,*17/*46,*17/*46,*46/*17,*17/*46,concordant
cohort1_dragen,cohort1,DRAGEN,HG02080,HG02630,1,*1/*46,*1/*46,*1/*46,*1/*46,*1/*46,concordant
cohort1_dragen,cohort1,DRAGEN,HG02080,HG02717,1,*1/*1,*1/*1,*1/*1,*1/*1,*1/*1,concordant
cohort1_dragen,cohort1,DRAGEN,HG02080,HG02723,1,*2/*17,*2/*17,*2/*17,*2/*17,*2/*17,concordant
cohort1_dragen,cohort1,DRAGEN,HG02080,HG02818,1,*1/*2,*1/*2,*1/*2,*2/*1,*1/*2,concordant
cohort1_dragen,cohort1,DRAGEN,HG02080,HG02886,1,*1/*4,*1/*4,*1/*4,*4/*1,*1/*4,concordant
cohort1_dragen,cohort1,DRAGEN,HG02080,HG03098,1,*2/*29,*2/*29,*2/*29,*2/*29,*2/*29,concordant
cohort1_dragen,cohort1,DRAGEN,HG02080,HG03453,1,*1/*29,*1/*29,*1/*29,*29/*1,*1/*29,concordant
cohort1_dragen,cohort1,DRAGEN,HG02080,HG03486,1,*1/*17,*1/*17,*1/*17,*1/*17,*1/*17,concordant
cohort1_dragen,cohort1,DRAGEN,HG02080,HG03492,1,*2/*41,*2/*41,*2/*41,*2/*41,*2/*41,concordant
cohort1_dragen,cohort1,DRAGEN,HG02080,HG03516,1,*2/*17,*2/*17,*2/*17,*17/*2,*2/*17,concordant
cohort1_dragen,cohort1,DRAGEN,HG02080,HG03540,1,*2+*2/*17,*2+*2/*17,*2+*2/*17,*17/*2+*2,*2+*2/*17,concordant
cohort1_dragen,cohort1,DRAGEN,HG02080,HG03579,1,*1/*2,*1/*2,*1/*2,*2/*1,*1/*2,concordant
cohort1_dragen,cohort1,DRAGEN,HG02080,NA18906,1,*17/*125,*17/*125,*17/*125,*17/*125,*17/*125,concordant
cohort1_dragen,cohort1,DRAGEN,HG02080,NA19240,1,*15/*17,*15/*17,*15/*17,*17/*15,*15/*17,concordant
cohort1_dragen,cohort1,DRAGEN,HG02080,NA20129,1,*4C/*4C,*4/*4,*4/*4,*5/*4+*4,*4+*4/*5,discordant
cohort1_dragen,cohort1,DRAGEN,HG02080,NA21309,1,*5/*29,*5/*29,*5/*29,*29/*5,*5/*29,concordant
cohort1_dragen,cohort1,DRAGEN,HG02080,NA24385,1,*2/*4,*2/*4,*2/*4,*2/*4,*2/*4,concordant
cohort1_dragen,cohort1,DRAGEN,HG02080,NA24631,1,*10+*10/*49,*10+*10/*49,*10+*10/*49,*49/*10+*36,*10+*36/*49,discordant
cohort1_dragen,cohort1,DRAGEN,HG02109,HG00438,1,*36.ALDY+*10/*36.ALDY+*71,*36+*10/*36+*71,*10+*36/*36+*71,*10+*36+*36/*71,*10+*36+*36/*71,discordant
cohort1_dragen,cohort1,DRAGEN,HG02109,HG00621,1,*5/*49,*5/*49,*5/*49,*5/*49,*5/*49,concordant
cohort1_dragen,cohort1,DRAGEN,HG02109,HG00673,1,*1/*10,*1/*10,*1/*10,*1/*10,*1/*10,concordant
cohort1_dragen,cohort1,DRAGEN,HG02109,HG00733,1,*41/*68+*4,*41/*68+*4,*4+*68/*41,*41/*4+*68,*4+*68/*41,concordant
cohort1_dragen,cohort1,DRAGEN,HG02109,HG00735,1,*1/*4,*1/*4,*1/*4,*4/*1,*1/*4,concordant
cohort1_dragen,cohort1,DRAGEN,HG02109,HG00741,1,*1/*2,*1/*2,*1/*2,*2/*1,*1/*2,concordant
cohort1_dragen,cohort1,DRAGEN,HG02109,HG01071,1,*4/*41,*4/*41,*4/*41,*41/*4,*4/*41,concordant
cohort1_dragen,cohort1,DRAGEN,HG02109,HG01106,1,*4.028/*35,*4/*35,*4/*35,*35/*4,*4/*35,concordant
cohort1_dragen,cohort1,DRAGEN,HG02109,HG01109,1,*41/*106,*41/*106,*41/*106,*106/*41,*41/*106,concordant
cohort1_dragen,cohort1,DRAGEN,HG02109,HG01175,1,*41/*41,*41/*41,*41/*41,*41/*41,*41/*41,concordant
cohort1_dragen,cohort1,DRAGEN,HG02109,HG01243,1,*1/*5,*1/*5,*1/*5,*5/*1,*1/*5,concordant
cohort1_dragen,cohort1,DRAGEN,HG02109,HG01258,1,*2+*68/*68+*4,*2+*68/*68+*4,*2+*68/*4+*68,*2/*4+*68+*68,*2/*4+*68+*68,discordant
cohort1_dragen,cohort1,DRAGEN,HG02109,HG01358,1,*1/*1,*1/*1,*1/*1,*1/*1,*1/*1,concordant
cohort1_dragen,cohort1,DRAGEN,HG02109,HG01361,1,*1/*4.028,*1/*4,*1/*4,*1/*4,*1/*4,concordant
cohort1_dragen,cohort1,DRAGEN,HG02109,HG01891,1,*5/*29,*5/*29,*5/*29,*29/*5,*5/*29,concordant
cohort1_dragen,cohort1,DRAGEN,HG02109,HG01928,1,*1/*1,*1/*1,*1/*1,*1/*1,*1/*1,concordant
cohort1_dragen,cohort1,DRAGEN,HG02109,HG01952,1,*1/*4.028,*1/*4,*1/*4,*1/*4,*1/*4,concordant
cohort1_dragen,cohort1,DRAGEN,HG02109,HG01978,1,*1/*1,*1/*1,*1/*1,*1/*1,*1/*1,concordant
cohort1_dragen,cohort1,DRAGEN,HG02109,HG02055,1,*1/*1,*1/*1,*1/*1,*1/*1,*1/*1,concordant
cohort1_dragen,cohort1,DRAGEN,HG02109,HG02080,1,*2/*10,*2/*10,*2/*10,*10/*2,*2/*10,concordant
cohort1_dragen,cohort1,DRAGEN,HG02109,HG02145,1,*5/*84,*5/*84,*5/*84,*5/*84,*5/*84,concordant
cohort1_dragen,cohort1,DRAGEN,HG02109,HG02148,1,*1/*2,*1/*2,*1/*2,*1/*2,*1/*2,concordant
cohort1_dragen,cohort1,DRAGEN,HG02109,HG02257,1,*2/*35,*2/*35,*2/*35,*35/*2,*2/*35,concordant
cohort1_dragen,cohort1,DRAGEN,HG02109,HG02572,1,*1/*152,*1/*152,*1/*152,*1/*152,*1/*152,concordant
cohort1_dragen,cohort1,DRAGEN,HG02109,HG02622,1,*17/*46,*17/*46,*17/*46,*46/*17,*17/*46,concordant
cohort1_dragen,cohort1,DRAGEN,HG02109,HG02630,1,*1/*46,*1/*46,*1/*46,*1/*46,*1/*46,concordant
cohort1_dragen,cohort1,DRAGEN,HG02109,HG02717,1,*1/*1,*1/*1,*1/*1,*1/*1,*1/*1,concordant
cohort1_dragen,cohort1,DRAGEN,HG02109,HG02723,1,*2/*17,*2/*17,*2/*17,*2/*17,*2/*17,concordant
cohort1_dragen,cohort1,DRAGEN,HG02109,HG02818,1,*1/*2,*1/*2,*1/*2,*2/*1,*1/*2,concordant
cohort1_dragen,cohort1,DRAGEN,HG02109,HG02886,1,*1/*4,*1/*4,*1/*4,*4/*1,*1/*4,concordant
cohort1_dragen,cohort1,DRAGEN,HG02109,HG03098,1,*2/*29,*2/*29,*2/*29,*2/*29,*2/*29,concordant
cohort1_dragen,cohort1,DRAGEN,HG02109,HG03453,1,*1/*29,*1/*29,*1/*29,*29/*1,*1/*29,concordant
cohort1_dragen,cohort1,DRAGEN,HG02109,HG03486,1,*1/*17,*1/*17,*1/*17,*1/*17,*1/*17,concordant
cohort1_dragen,cohort1,DRAGEN,HG02109,HG03492,1,*2/*41,*2/*41,*2/*41,*2/*41,*2/*41,concordant
cohort1_dragen,cohort1,DRAGEN,HG02109,HG03516,1,*2/*17,*2/*17,*2/*17,*17/*2,*2/*17,concordant
cohort1_dragen,cohort1,DRAGEN,HG02109,HG03540,1,*2+*2/*17,*2+*2/*17,*2+*2/*17,*17/*2+*2,*2+*2/*17,concordant
cohort1_dragen,cohort1,DRAGEN,HG02109,HG03579,1,*1/*2,*1/*2,*1/*2,*2/*1,*1/*2,concordant
cohort1_dragen,cohort1,DRAGEN,HG02109,NA18906,1,*17/*125,*17/*125,*17/*125,*17/*125,*17/*125,concordant
cohort1_dragen,cohort1,DRAGEN,HG02109,NA19240,1,*15/*17,*15/*17,*15/*17,*17/*15,*15/*17,concordant
cohort1_dragen,cohort1,DRAGEN,HG02109,NA20129,1,*4C/*4C,*4/*4,*4/*4,*5/*4+*4,*4+*4/*5,discordant
cohort1_dragen,cohort1,DRAGEN,HG02109,NA21309,1,*5/*29,*5/*29,*5/*29,*29/*5,*5/*29,concordant
cohort1_dragen,cohort1,DRAGEN,HG02109,NA24385,1,*2/*4,*2/*4,*2/*4,*2/*4,*2/*4,concordant
cohort1_dragen,cohort1,DRAGEN,HG02109,NA24631,1,*36.ALDY+*10/*49,*36+*10/*49,*10+*36/*49,*49/*10+*36,*10+*36/*49,concordant
cohort1_dragen,cohort1,DRAGEN,HG02148,HG00438,1,*36.ALDY+*10/*36.ALDY+*71,*36+*10/*36+*71,*10+*36/*36+*71,*10+*36+*36/*71,*10+*36+*36/*71,discordant
cohort1_dragen,cohort1,DRAGEN,HG02148,HG00621,1,*5/*49,*5/*49,*5/*49,*5/*49,*5/*49,concordant
cohort1_dragen,cohort1,DRAGEN,HG02148,HG00673,1,*1/*10,*1/*10,*1/*10,*1/*10,*1/*10,concordant
cohort1_dragen,cohort1,DRAGEN,HG02148,HG00733,1,*41/*68+*4,*41/*68+*4,*4+*68/*41,*41/*4+*68,*4+*68/*41,concordant
cohort1_dragen,cohort1,DRAGEN,HG02148,HG00735,1,*1/*4,*1/*4,*1/*4,*4/*1,*1/*4,concordant
cohort1_dragen,cohort1,DRAGEN,HG02148,HG00741,1,*1/*2,*1/*2,*1/*2,*2/*1,*1/*2,concordant
cohort1_dragen,cohort1,DRAGEN,HG02148,HG01071,1,*4/*41,*4/*41,*4/*41,*41/*4,*4/*41,concordant
cohort1_dragen,cohort1,DRAGEN,HG02148,HG01106,1,*4.028/*35,*4/*35,*4/*35,*35/*4,*4/*35,concordant
cohort1_dragen,cohort1,DRAGEN,HG02148,HG01109,1,*41/*106,*41/*106,*41/*106,*106/*41,*41/*106,concordant
cohort1_dragen,cohort1,DRAGEN,HG02148,HG01175,1,*41/*41,*41/*41,*41/*41,*41/*41,*41/*41,concordant
cohort1_dragen,cohort1,DRAGEN,HG02148,HG01243,1,*1/*5,*1/*5,*1/*5,*5/*1,*1/*5,concordant
cohort1_dragen,cohort1,DRAGEN,HG02148,HG01258,1,*2+*68/*68+*4,*2+*68/*68+*4,*2+*68/*4+*68,*2/*4+*68+*68,*2/*4+*68+*68,discordant
cohort1_dragen,cohort1,DRAGEN,HG02148,HG01358,1,*1/*1,*1/*1,*1/*1,*1/*1,*1/*1,concordant
cohort1_dragen,cohort1,DRAGEN,HG02148,HG01361,1,*1/*4.028,*1/*4,*1/*4,*1/*4,*1/*4,concordant
cohort1_dragen,cohort1,DRAGEN,HG02148,HG01891,1,*5/*29,*5/*29,*5/*29,*29/*5,*5/*29,concordant
cohort1_dragen,cohort1,DRAGEN,HG02148,HG01928,1,*1/*1,*1/*1,*1/*1,*1/*1,*1/*1,concordant
cohort1_dragen,cohort1,DRAGEN,HG02148,HG01952,1,*1/*4.028,*1/*4,*1/*4,*1/*4,*1/*4,concordant
cohort1_dragen,cohort1,DRAGEN,HG02148,HG01978,1,*1/*1,*1/*1,*1/*1,*1/*1,*1/*1,concordant
cohort1_dragen,cohort1,DRAGEN,HG02148,HG02055,1,*1/*1,*1/*1,*1/*1,*1/*1,*1/*1,concordant
cohort1_dragen,cohort1,DRAGEN,HG02148,HG02080,1,*2/*10,*2/*10,*2/*10,*10/*2,*2/*10,concordant
cohort1_dragen,cohort1,DRAGEN,HG02148,HG02109,1,*1/*45,*1/*45,*1/*45,*45/*1,*1/*45,concordant
cohort1_dragen,cohort1,DRAGEN,HG02148,HG02145,1,*5/*84,*5/*84,*5/*84,*5/*84,*5/*84,concordant
cohort1_dragen,cohort1,DRAGEN,HG02148,HG02257,1,*2/*35,*2/*35,*2/*35,*35/*2,*2/*35,concordant
cohort1_dragen,cohort1,DRAGEN,HG02148,HG02572,1,*1/*152,*1/*152,*1/*152,*1/*152,*1/*152,concordant
cohort1_dragen,cohort1,DRAGEN,HG02148,HG02622,1,*17/*46,*17/*46,*17/*46,*46/*17,*17/*46,concordant
cohort1_dragen,cohort1,DRAGEN,HG02148,HG02630,1,*1/*46,*1/*46,*1/*46,*1/*46,*1/*46,concordant
cohort1_dragen,cohort1,DRAGEN,HG02148,HG02717,1,*1/*1,*1/*1,*1/*1,*1/*1,*1/*1,concordant
cohort1_dragen,cohort1,DRAGEN,HG02148,HG02723,1,*2/*17,*2/*17,*2/*17,*2/*17,*2/*17,concordant
cohort1_dragen,cohort1,DRAGEN,HG02148,HG02818,1,*1/*2,*1/*2,*1/*2,*2/*1,*1/*2,concordant
cohort1_dragen,cohort1,DRAGEN,HG02148,HG02886,1,*1/*4,*1/*4,*1/*4,*4/*1,*1/*4,concordant
cohort1_dragen,cohort1,DRAGEN,HG02148,HG03098,1,*2/*29,*2/*29,*2/*29,*2/*29,*2/*29,concordant
cohort1_dragen,cohort1,DRAGEN,HG02148,HG03453,1,*1/*29,*1/*29,*1/*29,*29/*1,*1/*29,concordant
cohort1_dragen,cohort1,DRAGEN,HG02148,HG03486,1,*1/*17,*1/*17,*1/*17,*1/*17,*1/*17,concordant
cohort1_dragen,cohort1,DRAGEN,HG02148,HG03492,1,*2/*41,*2/*41,*2/*41,*2/*41,*2/*41,concordant
cohort1_dragen,cohort1,DRAGEN,HG02148,HG03516,1,*2/*17,*2/*17,*2/*17,*17/*2,*2/*17,concordant
cohort1_dragen,cohort1,DRAGEN,HG02148,HG03540,1,*2+*2/*17,*2+*2/*17,*2+*2/*17,*17/*2+*2,*2+*2/*17,concordant
cohort1_dragen,cohort1,DRAGEN,HG02148,HG03579,1,*1/*2,*1/*2,*1/*2,*2/*1,*1/*2,concordant
cohort1_dragen,cohort1,DRAGEN,HG02148,NA18906,1,*17/*125,*17/*125,*17/*125,*17/*125,*17/*125,concordant
cohort1_dragen,cohort1,DRAGEN,HG02148,NA19240,1,*15/*17,*15/*17,*15/*17,*17/*15,*15/*17,concordant
cohort1_dragen,cohort1,DRAGEN,HG02148,NA20129,1,*4C/*4C,*4/*4,*4/*4,*5/*4+*4,*4+*4/*5,discordant
cohort1_dragen,cohort1,DRAGEN,HG02148,NA21309,1,*5/*29,*5/*29,*5/*29,*29/*5,*5/*29,concordant
cohort1_dragen,cohort1,DRAGEN,HG02148,NA24385,1,*2/*4,*2/*4,*2/*4,*2/*4,*2/*4,concordant
cohort1_dragen,cohort1,DRAGEN,HG02148,NA24631,1,*36.ALDY+*10/*49,*36+*10/*49,*10+*36/*49,*49/*10+*36,*10+*36/*49,concordant
cohort1_dragen,cohort1,DRAGEN,HG02257,HG00438,1,*36.ALDY+*10/*36.ALDY+*71,*36+*10/*36+*71,*10+*36/*36+*71,*10+*36+*36/*71,*10+*36+*36/*71,discordant
cohort1_dragen,cohort1,DRAGEN,HG02257,HG00621,1,*5/*49,*5/*49,*5/*49,*5/*49,*5/*49,concordant
cohort1_dragen,cohort1,DRAGEN,HG02257,HG00673,1,*1/*10,*1/*10,*1/*10,*1/*10,*1/*10,concordant
cohort1_dragen,cohort1,DRAGEN,HG02257,HG00733,1,*41/*68+*4,*41/*68+*4,*4+*68/*41,*41/*4+*68,*4+*68/*41,concordant
cohort1_dragen,cohort1,DRAGEN,HG02257,HG00735,1,*1/*4,*1/*4,*1/*4,*4/*1,*1/*4,concordant
cohort1_dragen,cohort1,DRAGEN,HG02257,HG00741,1,*1/*2,*1/*2,*1/*2,*2/*1,*1/*2,concordant
cohort1_dragen,cohort1,DRAGEN,HG02257,HG01071,1,*4/*41,*4/*41,*4/*41,*41/*4,*4/*41,concordant
cohort1_dragen,cohort1,DRAGEN,HG02257,HG01106,1,*4.028/*35,*4/*35,*4/*35,*35/*4,*4/*35,concordant
cohort1_dragen,cohort1,DRAGEN,HG02257,HG01109,1,*41/*106,*41/*106,*41/*106,*106/*41,*41/*106,concordant
cohort1_dragen,cohort1,DRAGEN,HG02257,HG01175,1,*41/*41,*41/*41,*41/*41,*41/*41,*41/*41,concordant
cohort1_dragen,cohort1,DRAGEN,HG02257,HG01243,1,*1/*5,*1/*5,*1/*5,*5/*1,*1/*5,concordant
cohort1_dragen,cohort1,DRAGEN,HG02257,HG01258,1,*2+*68/*68+*4,*2+*68/*68+*4,*2+*68/*4+*68,*2/*4+*68+*68,*2/*4+*68+*68,discordant
cohort1_dragen,cohort1,DRAGEN,HG02257,HG01358,1,*1/*1,*1/*1,*1/*1,*1/*1,*1/*1,concordant
cohort1_dragen,cohort1,DRAGEN,HG02257,HG01361,1,*1/*4.028,*1/*4,*1/*4,*1/*4,*1/*4,concordant
cohort1_dragen,cohort1,DRAGEN,HG02257,HG01891,1,*5/*29,*5/*29,*5/*29,*29/*5,*5/*29,concordant
cohort1_dragen,cohort1,DRAGEN,HG02257,HG01928,1,*1/*1,*1/*1,*1/*1,*1/*1,*1/*1,concordant
cohort1_dragen,cohort1,DRAGEN,HG02257,HG01952,1,*1/*4.028,*1/*4,*1/*4,*1/*4,*1/*4,concordant
cohort1_dragen,cohort1,DRAGEN,HG02257,HG01978,1,*1/*1,*1/*1,*1/*1,*1/*1,*1/*1,concordant
cohort1_dragen,cohort1,DRAGEN,HG02257,HG02055,1,*1/*1,*1/*1,*1/*1,*1/*1,*1/*1,concordant
cohort1_dragen,cohort1,DRAGEN,HG02257,HG02080,1,*2/*10,*2/*10,*2/*10,*10/*2,*2/*10,concordant
cohort1_dragen,cohort1,DRAGEN,HG02257,HG02109,1,*1/*45,*1/*45,*1/*45,*45/*1,*1/*45,concordant
cohort1_dragen,cohort1,DRAGEN,HG02257,HG02145,1,*5/*84,*5/*84,*5/*84,*5/*84,*5/*84,concordant
cohort1_dragen,cohort1,DRAGEN,HG02257,HG02148,1,*1/*2,*1/*2,*1/*2,*1/*2,*1/*2,concordant
cohort1_dragen,cohort1,DRAGEN,HG02257,HG02572,1,*1/*152,*1/*152,*1/*152,*1/*152,*1/*152,concordant
cohort1_dragen,cohort1,DRAGEN,HG02257,HG02622,1,*17/*46,*17/*46,*17/*46,*46/*17,*17/*46,concordant
cohort1_dragen,cohort1,DRAGEN,HG02257,HG02630,1,*1/*46,*1/*46,*1/*46,*1/*46,*1/*46,concordant
cohort1_dragen,cohort1,DRAGEN,HG02257,HG02717,1,*1/*1,*1/*1,*1/*1,*1/*1,*1/*1,concordant
cohort1_dragen,cohort1,DRAGEN,HG02257,HG02723,1,*2/*17,*2/*17,*2/*17,*2/*17,*2/*17,concordant
cohort1_dragen,cohort1,DRAGEN,HG02257,HG02818,1,*1/*2,*1/*2,*1/*2,*2/*1,*1/*2,concordant
cohort1_dragen,cohort1,DRAGEN,HG02257,HG02886,1,*1/*4,*1/*4,*1/*4,*4/*1,*1/*4,concordant
cohort1_dragen,cohort1,DRAGEN,HG02257,HG03098,1,*2/*29,*2/*29,*2/*29,*2/*29,*2/*29,concordant
cohort1_dragen,cohort1,DRAGEN,HG02257,HG03453,1,*1/*29,*1/*29,*1/*29,*29/*1,*1/*29,concordant
cohort1_dragen,cohort1,DRAGEN,HG02257,HG03486,1,*1/*17,*1/*17,*1/*17,*1/*17,*1/*17,concordant
cohort1_dragen,cohort1,DRAGEN,HG02257,HG03492,1,*2/*41,*2/*41,*2/*41,*2/*41,*2/*41,concordant
cohort1_dragen,cohort1,DRAGEN,HG02257,HG03516,1,*2/*17,*2/*17,*2/*17,*17/*2,*2/*17,concordant
cohort1_dragen,cohort1,DRAGEN,HG02257,HG03540,1,*2+*2/*17,*2+*2/*17,*2+*2/*17,*17/*2+*2,*2+*2/*17,concordant
cohort1_dragen,cohort1,DRAGEN,HG02257,HG03579,1,*1/*2,*1/*2,*1/*2,*2/*1,*1/*2,concordant
cohort1_dragen,cohort1,DRAGEN,HG02257,NA18906,1,*17/*125,*17/*125,*17/*125,*17/*125,*17/*125,concordant
cohort1_dragen,cohort1,DRAGEN,HG02257,NA19240,1,*15/*17,*15/*17,*15/*17,*17/*15,*15/*17,concordant
cohort1_dragen,cohort1,DRAGEN,HG02257,NA20129,1,*4C/*4C,*4/*4,*4/*4,*5/*4+*4,*4+*4/*5,discordant
cohort1_dragen,cohort1,DRAGEN,HG02257,NA21309,1,*5/*29,*5/*29,*5/*29,*29/*5,*5/*29,concordant
cohort1_dragen,cohort1,DRAGEN,HG02257,NA24385,1,*2/*4,*2/*4,*2/*4,*2/*4,*2/*4,concordant
cohort1_dragen,cohort1,DRAGEN,HG02257,NA24631,1,*36.ALDY+*10/*49,*36+*10/*49,*10+*36/*49,*49/*10+*36,*10+*36/*49,concordant
cohort1_dragen,cohort1,DRAGEN,HG02572,HG00438,1,*36.ALDY+*10/*36.ALDY+*71,*36+*10/*36+*71,*10+*36/*36+*71,*10+*36+*36/*71,*10+*36+*36/*71,discordant
cohort1_dragen,cohort1,DRAGEN,HG02572,HG00621,1,*5/*49,*5/*49,*5/*49,*5/*49,*5/*49,concordant
cohort1_dragen,cohort1,DRAGEN,HG02572,HG00673,1,*1/*10,*1/*10,*1/*10,*1/*10,*1/*10,concordant
cohort1_dragen,cohort1,DRAGEN,HG02572,HG00733,1,*41/*68+*4,*41/*68+*4,*4+*68/*41,*41/*4+*68,*4+*68/*41,concordant
cohort1_dragen,cohort1,DRAGEN,HG02572,HG00735,1,*1/*4,*1/*4,*1/*4,*4/*1,*1/*4,concordant
cohort1_dragen,cohort1,DRAGEN,HG02572,HG00741,1,*1/*2,*1/*2,*1/*2,*2/*1,*1/*2,concordant
cohort1_dragen,cohort1,DRAGEN,HG02572,HG01071,1,*4/*41,*4/*41,*4/*41,*41/*4,*4/*41,concordant
cohort1_dragen,cohort1,DRAGEN,HG02572,HG01106,1,*4.028/*35,*4/*35,*4/*35,*35/*4,*4/*35,concordant
cohort1_dragen,cohort1,DRAGEN,HG02572,HG01109,1,*41/*106,*41/*106,*41/*106,*106/*41,*41/*106,concordant
cohort1_dragen,cohort1,DRAGEN,HG02572,HG01175,1,*41/*41,*41/*41,*41/*41,*41/*41,*41/*41,concordant
cohort1_dragen,cohort1,DRAGEN,HG02572,HG01243,1,*1/*5,*1/*5,*1/*5,*5/*1,*1/*5,concordant
cohort1_dragen,cohort1,DRAGEN,HG02572,HG01258,1,*2+*68/*68+*4,*2+*68/*68+*4,*2+*68/*4+*68,*2/*4+*68+*68,*2/*4+*68+*68,discordant
cohort1_dragen,cohort1,DRAGEN,HG02572,HG01358,1,*1/*1,*1/*1,*1/*1,*1/*1,*1/*1,concordant
cohort1_dragen,cohort1,DRAGEN,HG02572,HG01361,1,*1/*4.028,*1/*4,*1/*4,*1/*4,*1/*4,concordant
cohort1_dragen,cohort1,DRAGEN,HG02572,HG01891,1,*5/*29,*5/*29,*5/*29,*29/*5,*5/*29,concordant
cohort1_dragen,cohort1,DRAGEN,HG02572,HG01928,1,*1/*1,*1/*1,*1/*1,*1/*1,*1/*1,concordant
cohort1_dragen,cohort1,DRAGEN,HG02572,HG01952,1,*1/*4.028,*1/*4,*1/*4,*1/*4,*1/*4,concordant
cohort1_dragen,cohort1,DRAGEN,HG02572,HG01978,1,*1/*1,*1/*1,*1/*1,*1/*1,*1/*1,concordant
cohort1_dragen,cohort1,DRAGEN,HG02572,HG02055,1,*1/*1,*1/*1,*1/*1,*1/*1,*1/*1,concordant
cohort1_dragen,cohort1,DRAGEN,HG02572,HG02080,1,*2/*10,*2/*10,*2/*10,*10/*2,*2/*10,concordant
cohort1_dragen,cohort1,DRAGEN,HG02572,HG02109,1,*1/*45,*1/*45,*1/*45,*45/*1,*1/*45,concordant
cohort1_dragen,cohort1,DRAGEN,HG02572,HG02145,1,*5/*84,*5/*84,*5/*84,*5/*84,*5/*84,concordant
cohort1_dragen,cohort1,DRAGEN,HG02572,HG02148,1,*1/*2,*1/*2,*1/*2,*1/*2,*1/*2,concordant
cohort1_dragen,cohort1,DRAGEN,HG02572,HG02257,1,*2/*35,*2/*35,*2/*35,*35/*2,*2/*35,concordant
cohort1_dragen,cohort1,DRAGEN,HG02572,HG02622,1,*17/*46,*17/*46,*17/*46,*46/*17,*17/*46,concordant
cohort1_dragen,cohort1,DRAGEN,HG02572,HG02630,1,*1/*46,*1/*46,*1/*46,*1/*46,*1/*46,concordant
cohort1_dragen,cohort1,DRAGEN,HG02572,HG02717,1,*1/*1,*1/*1,*1/*1,*1/*1,*1/*1,concordant
cohort1_dragen,cohort1,DRAGEN,HG02572,HG02723,1,*2/*17,*2/*17,*2/*17,*2/*17,*2/*17,concordant
cohort1_dragen,cohort1,DRAGEN,HG02572,HG02818,1,*1/*2,*1/*2,*1/*2,*2/*1,*1/*2,concordant
cohort1_dragen,cohort1,DRAGEN,HG02572,HG02886,1,*1/*4,*1/*4,*1/*4,*4/*1,*1/*4,concordant
cohort1_dragen,cohort1,DRAGEN,HG02572,HG03098,1,*2/*29,*2/*29,*2/*29,*2/*29,*2/*29,concordant
cohort1_dragen,cohort1,DRAGEN,HG02572,HG03453,1,*1/*29,*1/*29,*1/*29,*29/*1,*1/*29,concordant
cohort1_dragen,cohort1,DRAGEN,HG02572,HG03486,1,*1/*17,*1/*17,*1/*17,*1/*17,*1/*17,concordant
cohort1_dragen,cohort1,DRAGEN,HG02572,HG03492,1,*2/*41,*2/*41,*2/*41,*2/*41,*2/*41,concordant
cohort1_dragen,cohort1,DRAGEN,HG02572,HG03516,1,*2/*17,*2/*17,*2/*17,*17/*2,*2/*17,concordant
cohort1_dragen,cohort1,DRAGEN,HG02572,HG03540,1,*2+*2/*17,*2+*2/*17,*2+*2/*17,*17/*2+*2,*2+*2/*17,concordant
cohort1_dragen,cohort1,DRAGEN,HG02572,HG03579,1,*1/*2,*1/*2,*1/*2,*2/*1,*1/*2,concordant
cohort1_dragen,cohort1,DRAGEN,HG02572,NA18906,1,*17/*125,*17/*125,*17/*125,*17/*125,*17/*125,concordant
cohort1_dragen,cohort1,DRAGEN,HG02572,NA19240,1,*15/*17,*15/*17,*15/*17,*17/*15,*15/*17,concordant
cohort1_dragen,cohort1,DRAGEN,HG02572,NA20129,1,*4C/*4C,*4/*4,*4/*4,*5/*4+*4,*4+*4/*5,discordant
cohort1_dragen,cohort1,DRAGEN,HG02572,NA21309,1,*5/*29,*5/*29,*5/*29,*29/*5,*5/*29,concordant
cohort1_dragen,cohort1,DRAGEN,HG02572,NA24385,1,*2/*4,*2/*4,*2/*4,*2/*4,*2/*4,concordant
cohort1_dragen,cohort1,DRAGEN,HG02572,NA24631,1,*36.ALDY+*10/*49,*36+*10/*49,*10+*36/*49,*49/*10+*36,*10+*36/*49,concordant
cohort1_dragen,cohort1,DRAGEN,HG02622,HG00438,1,*36.ALDY+*10/*36.ALDY+*71,*36+*10/*36+*71,*10+*36/*36+*71,*10+*36+*36/*71,*10+*36+*36/*71,discordant
cohort1_dragen,cohort1,DRAGEN,HG02622,HG00621,1,*5/*49,*5/*49,*5/*49,*5/*49,*5/*49,concordant
cohort1_dragen,cohort1,DRAGEN,HG02622,HG00673,1,*1/*10,*1/*10,*1/*10,*1/*10,*1/*10,concordant
cohort1_dragen,cohort1,DRAGEN,HG02622,HG00733,1,*41/*68+*4,*41/*68+*4,*4+*68/*41,*41/*4+*68,*4+*68/*41,concordant
cohort1_dragen,cohort1,DRAGEN,HG02622,HG00735,1,*1/*4,*1/*4,*1/*4,*4/*1,*1/*4,concordant
cohort1_dragen,cohort1,DRAGEN,HG02622,HG00741,1,*1/*2,*1/*2,*1/*2,*2/*1,*1/*2,concordant
cohort1_dragen,cohort1,DRAGEN,HG02622,HG01071,1,*4/*41,*4/*41,*4/*41,*41/*4,*4/*41,concordant
cohort1_dragen,cohort1,DRAGEN,HG02622,HG01106,1,*4.028/*35,*4/*35,*4/*35,*35/*4,*4/*35,concordant
cohort1_dragen,cohort1,DRAGEN,HG02622,HG01109,1,*41/*106,*41/*106,*41/*106,*106/*41,*41/*106,concordant
cohort1_dragen,cohort1,DRAGEN,HG02622,HG01175,1,*41/*41,*41/*41,*41/*41,*41/*41,*41/*41,concordant
cohort1_dragen,cohort1,DRAGEN,HG02622,HG01243,1,*1/*5,*1/*5,*1/*5,*5/*1,*1/*5,concordant
cohort1_dragen,cohort1,DRAGEN,HG02622,HG01258,1,*2+*68/*68+*4,*2+*68/*68+*4,*2+*68/*4+*68,*2/*4+*68+*68,*2/*4+*68+*68,discordant
cohort1_dragen,cohort1,DRAGEN,HG02622,HG01358,1,*1/*1,*1/*1,*1/*1,*1/*1,*1/*1,concordant
cohort1_dragen,cohort1,DRAGEN,HG02622,HG01361,1,*1/*4.028,*1/*4,*1/*4,*1/*4,*1/*4,concordant
cohort1_dragen,cohort1,DRAGEN,HG02622,HG01891,1,*5/*29,*5/*29,*5/*29,*29/*5,*5/*29,concordant
cohort1_dragen,cohort1,DRAGEN,HG02622,HG01928,1,*1/*1,*1/*1,*1/*1,*1/*1,*1/*1,concordant
cohort1_dragen,cohort1,DRAGEN,HG02622,HG01952,1,*1/*4.028,*1/*4,*1/*4,*1/*4,*1/*4,concordant
cohort1_dragen,cohort1,DRAGEN,HG02622,HG01978,1,*1/*1,*1/*1,*1/*1,*1/*1,*1/*1,concordant
cohort1_dragen,cohort1,DRAGEN,HG02622,HG02055,1,*1/*1,*1/*1,*1/*1,*1/*1,*1/*1,concordant
cohort1_dragen,cohort1,DRAGEN,HG02622,HG02080,1,*2/*10,*2/*10,*2/*10,*10/*2,*2/*10,concordant
cohort1_dragen,cohort1,DRAGEN,HG02622,HG02109,1,*1/*45,*1/*45,*1/*45,*45/*1,*1/*45,concordant
cohort1_dragen,cohort1,DRAGEN,HG02622,HG02145,1,*5/*84,*5/*84,*5/*84,*5/*84,*5/*84,concordant
cohort1_dragen,cohort1,DRAGEN,HG02622,HG02148,1,*1/*2,*1/*2,*1/*2,*1/*2,*1/*2,concordant
cohort1_dragen,cohort1,DRAGEN,HG02622,HG02257,1,*2/*35,*2/*35,*2/*35,*35/*2,*2/*35,concordant
cohort1_dragen,cohort1,DRAGEN,HG02622,HG02572,1,*1/*152,*1/*152,*1/*152,*1/*152,*1/*152,concordant
cohort1_dragen,cohort1,DRAGEN,HG02622,HG02630,1,*1/*46,*1/*46,*1/*46,*1/*46,*1/*46,concordant
cohort1_dragen,cohort1,DRAGEN,HG02622,HG02717,1,*1/*1,*1/*1,*1/*1,*1/*1,*1/*1,concordant
cohort1_dragen,cohort1,DRAGEN,HG02622,HG02723,1,*2/*17,*2/*17,*2/*17,*2/*17,*2/*17,concordant
cohort1_dragen,cohort1,DRAGEN,HG02622,HG02818,1,*1/*2,*1/*2,*1/*2,*2/*1,*1/*2,concordant
cohort1_dragen,cohort1,DRAGEN,HG02622,HG02886,1,*1/*4,*1/*4,*1/*4,*4/*1,*1/*4,concordant
cohort1_dragen,cohort1,DRAGEN,HG02622,HG03098,1,*2/*29,*2/*29,*2/*29,*2/*29,*2/*29,concordant
cohort1_dragen,cohort1,DRAGEN,HG02622,HG03453,1,*1/*29,*1/*29,*1/*29,*29/*1,*1/*29,concordant
cohort1_dragen,cohort1,DRAGEN,HG02622,HG03486,1,*1/*17,*1/*17,*1/*17,*1/*17,*1/*17,concordant
cohort1_dragen,cohort1,DRAGEN,HG02622,HG03492,1,*2/*41,*2/*41,*2/*41,*2/*41,*2/*41,concordant
cohort1_dragen,cohort1,DRAGEN,HG02622,HG03516,1,*2/*17,*2/*17,*2/*17,*17/*2,*2/*17,concordant
cohort1_dragen,cohort1,DRAGEN,HG02622,HG03540,1,*2+*2/*17,*2+*2/*17,*2+*2/*17,*17/*2+*2,*2+*2/*17,concordant
cohort1_dragen,cohort1,DRAGEN,HG02622,HG03579,1,*1/*2,*1/*2,*1/*2,*2/*1,*1/*2,concordant
cohort1_dragen,cohort1,DRAGEN,HG02622,NA18906,1,*17/*125,*17/*125,*17/*125,*17/*125,*17/*125,concordant
cohort1_dragen,cohort1,DRAGEN,HG02622,NA19240,1,*15/*17,*15/*17,*15/*17,*17/*15,*15/*17,concordant
cohort1_dragen,cohort1,DRAGEN,HG02622,NA20129,1,*4C/*4C,*4/*4,*4/*4,*5/*4+*4,*4+*4/*5,discordant
cohort1_dragen,cohort1,DRAGEN,HG02622,NA21309,1,*5/*29,*5/*29,*5/*29,*29/*5,*5/*29,concordant
cohort1_dragen,cohort1,DRAGEN,HG02622,NA24385,1,*2/*4,*2/*4,*2/*4,*2/*4,*2/*4,concordant
cohort1_dragen,cohort1,DRAGEN,HG02622,NA24631,1,*36.ALDY+*10/*49,*36+*10/*49,*10+*36/*49,*49/*10+*36,*10+*36/*49,concordant
cohort1_dragen,cohort1,DRAGEN,HG02630,HG00438,1,*36.ALDY+*10/*36.ALDY+*71,*36+*10/*36+*71,*10+*36/*36+*71,*10+*36+*36/*71,*10+*36+*36/*71,discordant
cohort1_dragen,cohort1,DRAGEN,HG02630,HG00621,1,*5/*49,*5/*49,*5/*49,*5/*49,*5/*49,concordant
cohort1_dragen,cohort1,DRAGEN,HG02630,HG00673,1,*1/*10,*1/*10,*1/*10,*1/*10,*1/*10,concordant
cohort1_dragen,cohort1,DRAGEN,HG02630,HG00733,1,*41/*68+*4,*41/*68+*4,*4+*68/*41,*41/*4+*68,*4+*68/*41,concordant
cohort1_dragen,cohort1,DRAGEN,HG02630,HG00735,1,*1/*4,*1/*4,*1/*4,*4/*1,*1/*4,concordant
cohort1_dragen,cohort1,DRAGEN,HG02630,HG00741,1,*1/*2,*1/*2,*1/*2,*2/*1,*1/*2,concordant
cohort1_dragen,cohort1,DRAGEN,HG02630,HG01071,1,*4/*41,*4/*41,*4/*41,*41/*4,*4/*41,concordant
cohort1_dragen,cohort1,DRAGEN,HG02630,HG01106,1,*4.028/*35,*4/*35,*4/*35,*35/*4,*4/*35,concordant
cohort1_dragen,cohort1,DRAGEN,HG02630,HG01109,1,*41/*106,*41/*106,*41/*106,*106/*41,*41/*106,concordant
cohort1_dragen,cohort1,DRAGEN,HG02630,HG01175,1,*41/*41,*41/*41,*41/*41,*41/*41,*41/*41,concordant
cohort1_dragen,cohort1,DRAGEN,HG02630,HG01243,1,*1/*5,*1/*5,*1/*5,*5/*1,*1/*5,concordant
cohort1_dragen,cohort1,DRAGEN,HG02630,HG01258,1,*2+*68/*68+*4,*2+*68/*68+*4,*2+*68/*4+*68,*2/*4+*68+*68,*2/*4+*68+*68,discordant
cohort1_dragen,cohort1,DRAGEN,HG02630,HG01358,1,*1/*1,*1/*1,*1/*1,*1/*1,*1/*1,concordant
cohort1_dragen,cohort1,DRAGEN,HG02630,HG01361,1,*1/*4.028,*1/*4,*1/*4,*1/*4,*1/*4,concordant
cohort1_dragen,cohort1,DRAGEN,HG02630,HG01891,1,*5/*29,*5/*29,*5/*29,*29/*5,*5/*29,concordant
cohort1_dragen,cohort1,DRAGEN,HG02630,HG01928,1,*1/*1,*1/*1,*1/*1,*1/*1,*1/*1,concordant
cohort1_dragen,cohort1,DRAGEN,HG02630,HG01952,1,*1/*4.028,*1/*4,*1/*4,*1/*4,*1/*4,concordant
cohort1_dragen,cohort1,DRAGEN,HG02630,HG01978,1,*1/*1,*1/*1,*1/*1,*1/*1,*1/*1,concordant
cohort1_dragen,cohort1,DRAGEN,HG02630,HG02055,1,*1/*1,*1/*1,*1/*1,*1/*1,*1/*1,concordant
cohort1_dragen,cohort1,DRAGEN,HG02630,HG02080,1,*2/*10,*2/*10,*2/*10,*10/*2,*2/*10,concordant
cohort1_dragen,cohort1,DRAGEN,HG02630,HG02109,1,*1/*45,*1/*45,*1/*45,*45/*1,*1/*45,concordant
cohort1_dragen,cohort1,DRAGEN,HG02630,HG02145,1,*5/*84,*5/*84,*5/*84,*5/*84,*5/*84,concordant
cohort1_dragen,cohort1,DRAGEN,HG02630,HG02148,1,*1/*2,*1/*2,*1/*2,*1/*2,*1/*2,concordant
cohort1_dragen,cohort1,DRAGEN,HG02630,HG02257,1,*2/*35,*2/*35,*2/*35,*35/*2,*2/*35,concordant
cohort1_dragen,cohort1,DRAGEN,HG02630,HG02572,1,*1/*152,*1/*152,*1/*152,*1/*152,*1/*152,concordant
cohort1_dragen,cohort1,DRAGEN,HG02630,HG02622,1,*17/*46,*17/*46,*17/*46,*46/*17,*17/*46,concordant
cohort1_dragen,cohort1,DRAGEN,HG02630,HG02717,1,*1/*1,*1/*1,*1/*1,*1/*1,*1/*1,concordant
cohort1_dragen,cohort1,DRAGEN,HG02630,HG02723,1,*2/*17,*2/*17,*2/*17,*2/*17,*2/*17,concordant
cohort1_dragen,cohort1,DRAGEN,HG02630,HG02818,1,*1/*2,*1/*2,*1/*2,*2/*1,*1/*2,concordant
cohort1_dragen,cohort1,DRAGEN,HG02630,HG02886,1,*1/*4,*1/*4,*1/*4,*4/*1,*1/*4,concordant
cohort1_dragen,cohort1,DRAGEN,HG02630,HG03098,1,*2/*29,*2/*29,*2/*29,*2/*29,*2/*29,concordant
cohort1_dragen,cohort1,DRAGEN,HG02630,HG03453,1,*1/*29,*1/*29,*1/*29,*29/*1,*1/*29,concordant
cohort1_dragen,cohort1,DRAGEN,HG02630,HG03486,1,*1/*17,*1/*17,*1/*17,*1/*17,*1/*17,concordant
cohort1_dragen,cohort1,DRAGEN,HG02630,HG03492,1,*2/*41,*2/*41,*2/*41,*2/*41,*2/*41,concordant
cohort1_dragen,cohort1,DRAGEN,HG02630,HG03516,1,*2/*17,*2/*17,*2/*17,*17/*2,*2/*17,concordant
cohort1_dragen,cohort1,DRAGEN,HG02630,HG03540,1,*2+*2/*17,*2+*2/*17,*2+*2/*17,*17/*2+*2,*2+*2/*17,concordant
cohort1_dragen,cohort1,DRAGEN,HG02630,HG03579,1,*1/*2,*1/*2,*1/*2,*2/*1,*1/*2,concordant
cohort1_dragen,cohort1,DRAGEN,HG02630,NA18906,1,*17/*125,*17/*125,*17/*125,*17/*125,*17/*125,concordant
cohort1_dragen,cohort1,DRAGEN,HG02630,NA19240,1,*15/*17,*15/*17,*15/*17,*17/*15,*15/*17,concordant
cohort1_dragen,cohort1,DRAGEN,HG02630,NA20129,1,*4C/*4C,*4/*4,*4/*4,*5/*4+*4,*4+*4/*5,discordant
cohort1_dragen,cohort1,DRAGEN,HG02630,NA21309,1,*5/*29,*5/*29,*5/*29,*29/*5,*5/*29,concordant
cohort1_dragen,cohort1,DRAGEN,HG02630,NA24385,1,*2/*4,*2/*4,*2/*4,*2/*4,*2/*4,concordant
cohort1_dragen,cohort1,DRAGEN,HG02630,NA24631,1,*36.ALDY+*10/*49,*36+*10/*49,*10+*36/*49,*49/*10+*36,*10+*36/*49,concordant
cohort1_dragen,cohort1,DRAGEN,HG02717,HG00438,1,*36.ALDY+*10/*36.ALDY+*71,*36+*10/*36+*71,*10+*36/*36+*71,*10+*36+*36/*71,*10+*36+*36/*71,discordant
cohort1_dragen,cohort1,DRAGEN,HG02717,HG00621,1,*5/*49,*5/*49,*5/*49,*5/*49,*5/*49,concordant
cohort1_dragen,cohort1,DRAGEN,HG02717,HG00673,1,*1/*10,*1/*10,*1/*10,*1/*10,*1/*10,concordant
cohort1_dragen,cohort1,DRAGEN,HG02717,HG00733,1,*41/*68+*4,*41/*68+*4,*4+*68/*41,*41/*4+*68,*4+*68/*41,concordant
cohort1_dragen,cohort1,DRAGEN,HG02717,HG00735,1,*1/*4,*1/*4,*1/*4,*4/*1,*1/*4,concordant
cohort1_dragen,cohort1,DRAGEN,HG02717,HG00741,1,*1/*2,*1/*2,*1/*2,*2/*1,*1/*2,concordant
cohort1_dragen,cohort1,DRAGEN,HG02717,HG01071,1,*4/*41,*4/*41,*4/*41,*41/*4,*4/*41,concordant
cohort1_dragen,cohort1,DRAGEN,HG02717,HG01106,1,*4.028/*35,*4/*35,*4/*35,*35/*4,*4/*35,concordant
cohort1_dragen,cohort1,DRAGEN,HG02717,HG01109,1,*41/*106,*41/*106,*41/*106,*106/*41,*41/*106,concordant
cohort1_dragen,cohort1,DRAGEN,HG02717,HG01175,1,*41/*41,*41/*41,*41/*41,*41/*41,*41/*41,concordant
cohort1_dragen,cohort1,DRAGEN,HG02717,HG01243,1,*1/*5,*1/*5,*1/*5,*5/*1,*1/*5,concordant
cohort1_dragen,cohort1,DRAGEN,HG02717,HG01258,1,*2+*68/*68+*4,*2+*68/*68+*4,*2+*68/*4+*68,*2/*4+*68+*68,*2/*4+*68+*68,discordant
cohort1_dragen,cohort1,DRAGEN,HG02717,HG01358,1,*1/*1,*1/*1,*1/*1,*1/*1,*1/*1,concordant
cohort1_dragen,cohort1,DRAGEN,HG02717,HG01361,1,*1/*4.028,*1/*4,*1/*4,*1/*4,*1/*4,concordant
cohort1_dragen,cohort1,DRAGEN,HG02717,HG01891,1,*5/*29,*5/*29,*5/*29,*29/*5,*5/*29,concordant
cohort1_dragen,cohort1,DRAGEN,HG02717,HG01928,1,*1/*1,*1/*1,*1/*1,*1/*1,*1/*1,concordant
cohort1_dragen,cohort1,DRAGEN,HG02717,HG01952,1,*1/*4.028,*1/*4,*1/*4,*1/*4,*1/*4,concordant
cohort1_dragen,cohort1,DRAGEN,HG02717,HG01978,1,*1/*1,*1/*1,*1/*1,*1/*1,*1/*1,concordant
cohort1_dragen,cohort1,DRAGEN,HG02717,HG02055,1,*1/*1,*1/*1,*1/*1,*1/*1,*1/*1,concordant
cohort1_dragen,cohort1,DRAGEN,HG02717,HG02080,1,*2/*10,*2/*10,*2/*10,*10/*2,*2/*10,concordant
cohort1_dragen,cohort1,DRAGEN,HG02717,HG02109,1,*1/*45,*1/*45,*1/*45,*45/*1,*1/*45,concordant
cohort1_dragen,cohort1,DRAGEN,HG02717,HG02145,1,*5/*84,*5/*84,*5/*84,*5/*84,*5/*84,concordant
cohort1_dragen,cohort1,DRAGEN,HG02717,HG02148,1,*1/*2,*1/*2,*1/*2,*1/*2,*1/*2,concordant
cohort1_dragen,cohort1,DRAGEN,HG02717,HG02257,1,*2/*35,*2/*35,*2/*35,*35/*2,*2/*35,concordant
cohort1_dragen,cohort1,DRAGEN,HG02717,HG02572,1,*1/*152,*1/*152,*1/*152,*1/*152,*1/*152,concordant
cohort1_dragen,cohort1,DRAGEN,HG02717,HG02622,1,*17/*46,*17/*46,*17/*46,*46/*17,*17/*46,concordant
cohort1_dragen,cohort1,DRAGEN,HG02717,HG02630,1,*1/*46,*1/*46,*1/*46,*1/*46,*1/*46,concordant
cohort1_dragen,cohort1,DRAGEN,HG02717,HG02723,1,*2/*17,*2/*17,*2/*17,*2/*17,*2/*17,concordant
cohort1_dragen,cohort1,DRAGEN,HG02717,HG02818,1,*1/*2,*1/*2,*1/*2,*2/*1,*1/*2,concordant
cohort1_dragen,cohort1,DRAGEN,HG02717,HG02886,1,*1/*4,*1/*4,*1/*4,*4/*1,*1/*4,concordant
cohort1_dragen,cohort1,DRAGEN,HG02717,HG03098,1,*2/*29,*2/*29,*2/*29,*2/*29,*2/*29,concordant
cohort1_dragen,cohort1,DRAGEN,HG02717,HG03453,1,*1/*29,*1/*29,*1/*29,*29/*1,*1/*29,concordant
cohort1_dragen,cohort1,DRAGEN,HG02717,HG03486,1,*1/*17,*1/*17,*1/*17,*1/*17,*1/*17,concordant
cohort1_dragen,cohort1,DRAGEN,HG02717,HG03492,1,*2/*41,*2/*41,*2/*41,*2/*41,*2/*41,concordant
cohort1_dragen,cohort1,DRAGEN,HG02717,HG03516,1,*2/*17,*2/*17,*2/*17,*17/*2,*2/*17,concordant
cohort1_dragen,cohort1,DRAGEN,HG02717,HG03540,1,*2+*2/*17,*2+*2/*17,*2+*2/*17,*17/*2+*2,*2+*2/*17,concordant
cohort1_dragen,cohort1,DRAGEN,HG02717,HG03579,1,*1/*2,*1/*2,*1/*2,*2/*1,*1/*2,concordant
cohort1_dragen,cohort1,DRAGEN,HG02717,NA18906,1,*17/*125,*17/*125,*17/*125,*17/*125,*17/*125,concordant
cohort1_dragen,cohort1,DRAGEN,HG02717,NA19240,1,*15/*17,*15/*17,*15/*17,*17/*15,*15/*17,concordant
cohort1_dragen,cohort1,DRAGEN,HG02717,NA20129,1,*4C/*4C,*4/*4,*4/*4,*5/*4+*4,*4+*4/*5,discordant
cohort1_dragen,cohort1,DRAGEN,HG02717,NA21309,1,*5/*29,*5/*29,*5/*29,*29/*5,*5/*29,concordant
cohort1_dragen,cohort1,DRAGEN,HG02717,NA24385,1,*2/*4,*2/*4,*2/*4,*2/*4,*2/*4,concordant
cohort1_dragen,cohort1,DRAGEN,HG02717,NA24631,1,*36.ALDY+*10/*49,*36+*10/*49,*10+*36/*49,*49/*10+*36,*10+*36/*49,concordant
cohort1_dragen,cohort1,DRAGEN,HG02723,HG00438,1,*36.ALDY+*10/*36.ALDY+*71,*36+*10/*36+*71,*10+*36/*36+*71,*10+*36+*36/*71,*10+*36+*36/*71,discordant
cohort1_dragen,cohort1,DRAGEN,HG02723,HG00621,1,*5/*49,*5/*49,*5/*49,*5/*49,*5/*49,concordant
cohort1_dragen,cohort1,DRAGEN,HG02723,HG00673,1,*1/*10,*1/*10,*1/*10,*1/*10,*1/*10,concordant
cohort1_dragen,cohort1,DRAGEN,HG02723,HG00733,1,*41/*68+*4,*41/*68+*4,*4+*68/*41,*41/*4+*68,*4+*68/*41,concordant
cohort1_dragen,cohort1,DRAGEN,HG02723,HG00735,1,*1/*4,*1/*4,*1/*4,*4/*1,*1/*4,concordant
cohort1_dragen,cohort1,DRAGEN,HG02723,HG00741,1,*1/*2,*1/*2,*1/*2,*2/*1,*1/*2,concordant
cohort1_dragen,cohort1,DRAGEN,HG02723,HG01071,1,*4/*41,*4/*41,*4/*41,*41/*4,*4/*41,concordant
cohort1_dragen,cohort1,DRAGEN,HG02723,HG01106,1,*4.028/*35,*4/*35,*4/*35,*35/*4,*4/*35,concordant
cohort1_dragen,cohort1,DRAGEN,HG02723,HG01109,1,*41/*106,*41/*106,*41/*106,*106/*41,*41/*106,concordant
cohort1_dragen,cohort1,DRAGEN,HG02723,HG01175,1,*41/*41,*41/*41,*41/*41,*41/*41,*41/*41,concordant
cohort1_dragen,cohort1,DRAGEN,HG02723,HG01243,1,*1/*5,*1/*5,*1/*5,*5/*1,*1/*5,concordant
cohort1_dragen,cohort1,DRAGEN,HG02723,HG01258,1,*2+*68/*68+*4,*2+*68/*68+*4,*2+*68/*4+*68,*2/*4+*68+*68,*2/*4+*68+*68,discordant
cohort1_dragen,cohort1,DRAGEN,HG02723,HG01358,1,*1/*1,*1/*1,*1/*1,*1/*1,*1/*1,concordant
cohort1_dragen,cohort1,DRAGEN,HG02723,HG01361,1,*1/*4.028,*1/*4,*1/*4,*1/*4,*1/*4,concordant
cohort1_dragen,cohort1,DRAGEN,HG02723,HG01891,1,*5/*29,*5/*29,*5/*29,*29/*5,*5/*29,concordant
cohort1_dragen,cohort1,DRAGEN,HG02723,HG01928,1,*1/*1,*1/*1,*1/*1,*1/*1,*1/*1,concordant
cohort1_dragen,cohort1,DRAGEN,HG02723,HG01952,1,*1/*4.028,*1/*4,*1/*4,*1/*4,*1/*4,concordant
cohort1_dragen,cohort1,DRAGEN,HG02723,HG01978,1,*1/*1,*1/*1,*1/*1,*1/*1,*1/*1,concordant
cohort1_dragen,cohort1,DRAGEN,HG02723,HG02055,1,*1/*1,*1/*1,*1/*1,*1/*1,*1/*1,concordant
cohort1_dragen,cohort1,DRAGEN,HG02723,HG02080,1,*10/*63,*10/*63,*10/*63,*10/*2,*2/*10,discordant
cohort1_dragen,cohort1,DRAGEN,HG02723,HG02109,1,*1/*45,*1/*45,*1/*45,*45/*1,*1/*45,concordant
cohort1_dragen,cohort1,DRAGEN,HG02723,HG02145,1,*5/*84,*5/*84,*5/*84,*5/*84,*5/*84,concordant
cohort1_dragen,cohort1,DRAGEN,HG02723,HG02148,1,*1/*2,*1/*2,*1/*2,*1/*2,*1/*2,concordant
cohort1_dragen,cohort1,DRAGEN,HG02723,HG02257,1,*2/*35,*2/*35,*2/*35,*35/*2,*2/*35,concordant
cohort1_dragen,cohort1,DRAGEN,HG02723,HG02572,1,*1/*152,*1/*152,*1/*152,*1/*152,*1/*152,concordant
cohort1_dragen,cohort1,DRAGEN,HG02723,HG02622,1,*17/*46,*17/*46,*17/*46,*46/*17,*17/*46,concordant
cohort1_dragen,cohort1,DRAGEN,HG02723,HG02630,1,*1/*46,*1/*46,*1/*46,*1/*46,*1/*46,concordant
cohort1_dragen,cohort1,DRAGEN,HG02723,HG02717,1,*1/*1,*1/*1,*1/*1,*1/*1,*1/*1,concordant
cohort1_dragen,cohort1,DRAGEN,HG02723,HG02818,1,*1/*2,*1/*2,*1/*2,*2/*1,*1/*2,concordant
cohort1_dragen,cohort1,DRAGEN,HG02723,HG02886,1,*1/*4,*1/*4,*1/*4,*4/*1,*1/*4,concordant
cohort1_dragen,cohort1,DRAGEN,HG02723,HG03098,1,*2/*29,*2/*29,*2/*29,*2/*29,*2/*29,concordant
cohort1_dragen,cohort1,DRAGEN,HG02723,HG03453,1,*1/*29,*1/*29,*1/*29,*29/*1,*1/*29,concordant
cohort1_dragen,cohort1,DRAGEN,HG02723,HG03486,1,*1/*17,*1/*17,*1/*17,*1/*17,*1/*17,concordant
cohort1_dragen,cohort1,DRAGEN,HG02723,HG03492,1,*2/*41,*2/*41,*2/*41,*2/*41,*2/*41,concordant
cohort1_dragen,cohort1,DRAGEN,HG02723,HG03516,1,*2/*17,*2/*17,*2/*17,*17/*2,*2/*17,concordant
cohort1_dragen,cohort1,DRAGEN,HG02723,HG03540,1,*2+*2/*17,*2+*2/*17,*2+*2/*17,*17/*2+*2,*2+*2/*17,concordant
cohort1_dragen,cohort1,DRAGEN,HG02723,HG03579,1,*1/*2,*1/*2,*1/*2,*2/*1,*1/*2,concordant
cohort1_dragen,cohort1,DRAGEN,HG02723,NA18906,1,*17/*125,*17/*125,*17/*125,*17/*125,*17/*125,concordant
cohort1_dragen,cohort1,DRAGEN,HG02723,NA19240,1,*15/*17,*15/*17,*15/*17,*17/*15,*15/*17,concordant
cohort1_dragen,cohort1,DRAGEN,HG02723,NA20129,1,*4C/*4C,*4/*4,*4/*4,*5/*4+*4,*4+*4/*5,discordant
cohort1_dragen,cohort1,DRAGEN,HG02723,NA21309,1,*5/*29,*5/*29,*5/*29,*29/*5,*5/*29,concordant
cohort1_dragen,cohort1,DRAGEN,HG02723,NA24385,1,*2/*4,*2/*4,*2/*4,*2/*4,*2/*4,concordant
cohort1_dragen,cohort1,DRAGEN,HG02723,NA24631,1,*36.ALDY+*10/*49,*36+*10/*49,*10+*36/*49,*49/*10+*36,*10+*36/*49,concordant
cohort1_dragen,cohort1,DRAGEN,HG02818,HG00438,1,*36.ALDY+*10/*36.ALDY+*71,*36+*10/*36+*71,*10+*36/*36+*71,*10+*36+*36/*71,*10+*36+*36/*71,discordant
cohort1_dragen,cohort1,DRAGEN,HG02818,HG00621,1,*5/*49,*5/*49,*5/*49,*5/*49,*5/*49,concordant
cohort1_dragen,cohort1,DRAGEN,HG02818,HG00673,1,*1/*10,*1/*10,*1/*10,*1/*10,*1/*10,concordant
cohort1_dragen,cohort1,DRAGEN,HG02818,HG00733,1,*41/*68+*4,*41/*68+*4,*4+*68/*41,*41/*4+*68,*4+*68/*41,concordant
cohort1_dragen,cohort1,DRAGEN,HG02818,HG00735,1,*1/*4,*1/*4,*1/*4,*4/*1,*1/*4,concordant
cohort1_dragen,cohort1,DRAGEN,HG02818,HG00741,1,*1/*2,*1/*2,*1/*2,*2/*1,*1/*2,concordant
cohort1_dragen,cohort1,DRAGEN,HG02818,HG01071,1,*4/*41,*4/*41,*4/*41,*41/*4,*4/*41,concordant
cohort1_dragen,cohort1,DRAGEN,HG02818,HG01106,1,*4.028/*35,*4/*35,*4/*35,*35/*4,*4/*35,concordant
cohort1_dragen,cohort1,DRAGEN,HG02818,HG01109,1,*41/*106,*41/*106,*41/*106,*106/*41,*41/*106,concordant
cohort1_dragen,cohort1,DRAGEN,HG02818,HG01175,1,*41/*41,*41/*41,*41/*41,*41/*41,*41/*41,concordant
cohort1_dragen,cohort1,DRAGEN,HG02818,HG01243,1,*1/*5,*1/*5,*1/*5,*5/*1,*1/*5,concordant
cohort1_dragen,cohort1,DRAGEN,HG02818,HG01258,1,*2+*68/*68+*4,*2+*68/*68+*4,*2+*68/*4+*68,*2/*4+*68+*68,*2/*4+*68+*68,discordant
cohort1_dragen,cohort1,DRAGEN,HG02818,HG01358,1,*1/*1,*1/*1,*1/*1,*1/*1,*1/*1,concordant
cohort1_dragen,cohort1,DRAGEN,HG02818,HG01361,1,*1/*4.028,*1/*4,*1/*4,*1/*4,*1/*4,concordant
cohort1_dragen,cohort1,DRAGEN,HG02818,HG01891,1,*5/*29,*5/*29,*5/*29,*29/*5,*5/*29,concordant
cohort1_dragen,cohort1,DRAGEN,HG02818,HG01928,1,*1/*1,*1/*1,*1/*1,*1/*1,*1/*1,concordant
cohort1_dragen,cohort1,DRAGEN,HG02818,HG01952,1,*1/*4.028,*1/*4,*1/*4,*1/*4,*1/*4,concordant
cohort1_dragen,cohort1,DRAGEN,HG02818,HG01978,1,*1/*1,*1/*1,*1/*1,*1/*1,*1/*1,concordant
cohort1_dragen,cohort1,DRAGEN,HG02818,HG02055,1,*1/*1,*1/*1,*1/*1,*1/*1,*1/*1,concordant
cohort1_dragen,cohort1,DRAGEN,HG02818,HG02080,1,*2/*10,*2/*10,*2/*10,*10/*2,*2/*10,concordant
cohort1_dragen,cohort1,DRAGEN,HG02818,HG02109,1,*1/*45,*1/*45,*1/*45,*45/*1,*1/*45,concordant
cohort1_dragen,cohort1,DRAGEN,HG02818,HG02145,1,*5/*84,*5/*84,*5/*84,*5/*84,*5/*84,concordant
cohort1_dragen,cohort1,DRAGEN,HG02818,HG02148,1,*1/*2,*1/*2,*1/*2,*1/*2,*1/*2,concordant
cohort1_dragen,cohort1,DRAGEN,HG02818,HG02257,1,*2/*35,*2/*35,*2/*35,*35/*2,*2/*35,concordant
cohort1_dragen,cohort1,DRAGEN,HG02818,HG02572,1,*1/*152,*1/*152,*1/*152,*1/*152,*1/*152,concordant
cohort1_dragen,cohort1,DRAGEN,HG02818,HG02622,1,*17/*46,*17/*46,*17/*46,*46/*17,*17/*46,concordant
cohort1_dragen,cohort1,DRAGEN,HG02818,HG02630,1,*1/*46,*1/*46,*1/*46,*1/*46,*1/*46,concordant
cohort1_dragen,cohort1,DRAGEN,HG02818,HG02717,1,*1/*1,*1/*1,*1/*1,*1/*1,*1/*1,concordant
cohort1_dragen,cohort1,DRAGEN,HG02818,HG02723,1,*2/*17,*2/*17,*2/*17,*2/*17,*2/*17,concordant
cohort1_dragen,cohort1,DRAGEN,HG02818,HG02886,1,*1/*4,*1/*4,*1/*4,*4/*1,*1/*4,concordant
cohort1_dragen,cohort1,DRAGEN,HG02818,HG03098,1,*2/*29,*2/*29,*2/*29,*2/*29,*2/*29,concordant
cohort1_dragen,cohort1,DRAGEN,HG02818,HG03453,1,*1/*29,*1/*29,*1/*29,*29/*1,*1/*29,concordant
cohort1_dragen,cohort1,DRAGEN,HG02818,HG03486,1,*1/*17,*1/*17,*1/*17,*1/*17,*1/*17,concordant
cohort1_dragen,cohort1,DRAGEN,HG02818,HG03492,1,*2/*41,*2/*41,*2/*41,*2/*41,*2/*41,concordant
cohort1_dragen,cohort1,DRAGEN,HG02818,HG03516,1,*2/*17,*2/*17,*2/*17,*17/*2,*2/*17,concordant
cohort1_dragen,cohort1,DRAGEN,HG02818,HG03540,1,*2+*2/*17,*2+*2/*17,*2+*2/*17,*17/*2+*2,*2+*2/*17,concordant
cohort1_dragen,cohort1,DRAGEN,HG02818,HG03579,1,*1/*2,*1/*2,*1/*2,*2/*1,*1/*2,concordant
cohort1_dragen,cohort1,DRAGEN,HG02818,NA18906,1,*17/*125,*17/*125,*17/*125,*17/*125,*17/*125,concordant
cohort1_dragen,cohort1,DRAGEN,HG02818,NA19240,1,*15/*17,*15/*17,*15/*17,*17/*15,*15/*17,concordant
cohort1_dragen,cohort1,DRAGEN,HG02818,NA20129,1,*4C/*4C,*4/*4,*4/*4,*5/*4+*4,*4+*4/*5,discordant
cohort1_dragen,cohort1,DRAGEN,HG02818,NA21309,1,*5/*29,*5/*29,*5/*29,*29/*5,*5/*29,concordant
cohort1_dragen,cohort1,DRAGEN,HG02818,NA24385,1,*2/*4,*2/*4,*2/*4,*2/*4,*2/*4,concordant
cohort1_dragen,cohort1,DRAGEN,HG02818,NA24631,1,*36.ALDY+*10/*49,*36+*10/*49,*10+*36/*49,*49/*10+*36,*10+*36/*49,concordant
cohort1_dragen,cohort1,DRAGEN,HG02886,HG00438,1,*36.ALDY+*10/*36.ALDY+*71,*36+*10/*36+*71,*10+*36/*36+*71,*10+*36+*36/*71,*10+*36+*36/*71,discordant
cohort1_dragen,cohort1,DRAGEN,HG02886,HG00621,1,*5/*49,*5/*49,*5/*49,*5/*49,*5/*49,concordant
cohort1_dragen,cohort1,DRAGEN,HG02886,HG00673,1,*1/*10,*1/*10,*1/*10,*1/*10,*1/*10,concordant
cohort1_dragen,cohort1,DRAGEN,HG02886,HG00733,1,*41/*68+*4,*41/*68+*4,*4+*68/*41,*41/*4+*68,*4+*68/*41,concordant
cohort1_dragen,cohort1,DRAGEN,HG02886,HG00735,1,*1/*4,*1/*4,*1/*4,*4/*1,*1/*4,concordant
cohort1_dragen,cohort1,DRAGEN,HG02886,HG00741,1,*1/*2,*1/*2,*1/*2,*2/*1,*1/*2,concordant
cohort1_dragen,cohort1,DRAGEN,HG02886,HG01071,1,*4/*41,*4/*41,*4/*41,*41/*4,*4/*41,concordant
cohort1_dragen,cohort1,DRAGEN,HG02886,HG01106,1,*4.028/*35,*4/*35,*4/*35,*35/*4,*4/*35,concordant
cohort1_dragen,cohort1,DRAGEN,HG02886,HG01109,1,*41/*106,*41/*106,*41/*106,*106/*41,*41/*106,concordant
cohort1_dragen,cohort1,DRAGEN,HG02886,HG01175,1,*41/*41,*41/*41,*41/*41,*41/*41,*41/*41,concordant
cohort1_dragen,cohort1,DRAGEN,HG02886,HG01243,1,*1/*5,*1/*5,*1/*5,*5/*1,*1/*5,concordant
cohort1_dragen,cohort1,DRAGEN,HG02886,HG01258,1,*2+*68/*68+*4,*2+*68/*68+*4,*2+*68/*4+*68,*2/*4+*68+*68,*2/*4+*68+*68,discordant
cohort1_dragen,cohort1,DRAGEN,HG02886,HG01358,1,*1/*1,*1/*1,*1/*1,*1/*1,*1/*1,concordant
cohort1_dragen,cohort1,DRAGEN,HG02886,HG01361,1,*1/*4.028,*1/*4,*1/*4,*1/*4,*1/*4,concordant
cohort1_dragen,cohort1,DRAGEN,HG02886,HG01891,1,*5/*29,*5/*29,*5/*29,*29/*5,*5/*29,concordant
cohort1_dragen,cohort1,DRAGEN,HG02886,HG01928,1,*1/*1,*1/*1,*1/*1,*1/*1,*1/*1,concordant
cohort1_dragen,cohort1,DRAGEN,HG02886,HG01952,1,*1/*4.028,*1/*4,*1/*4,*1/*4,*1/*4,concordant
cohort1_dragen,cohort1,DRAGEN,HG02886,HG01978,1,*1/*1,*1/*1,*1/*1,*1/*1,*1/*1,concordant
cohort1_dragen,cohort1,DRAGEN,HG02886,HG02055,1,*1/*1,*1/*1,*1/*1,*1/*1,*1/*1,concordant
cohort1_dragen,cohort1,DRAGEN,HG02886,HG02080,1,*2/*10,*2/*10,*2/*10,*10/*2,*2/*10,concordant
cohort1_dragen,cohort1,DRAGEN,HG02886,HG02109,1,*1/*45,*1/*45,*1/*45,*45/*1,*1/*45,concordant
cohort1_dragen,cohort1,DRAGEN,HG02886,HG02145,1,*5/*84,*5/*84,*5/*84,*5/*84,*5/*84,concordant
cohort1_dragen,cohort1,DRAGEN,HG02886,HG02148,1,*1/*2,*1/*2,*1/*2,*1/*2,*1/*2,concordant
cohort1_dragen,cohort1,DRAGEN,HG02886,HG02257,1,*2/*35,*2/*35,*2/*35,*35/*2,*2/*35,concordant
cohort1_dragen,cohort1,DRAGEN,HG02886,HG02572,1,*1/*152,*1/*152,*1/*152,*1/*152,*1/*152,concordant
cohort1_dragen,cohort1,DRAGEN,HG02886,HG02622,1,*17/*46,*17/*46,*17/*46,*46/*17,*17/*46,concordant
cohort1_dragen,cohort1,DRAGEN,HG02886,HG02630,1,*1/*46,*1/*46,*1/*46,*1/*46,*1/*46,concordant
cohort1_dragen,cohort1,DRAGEN,HG02886,HG02717,1,*1/*1,*1/*1,*1/*1,*1/*1,*1/*1,concordant
cohort1_dragen,cohort1,DRAGEN,HG02886,HG02723,1,*2/*17,*2/*17,*2/*17,*2/*17,*2/*17,concordant
cohort1_dragen,cohort1,DRAGEN,HG02886,HG02818,1,*1/*2,*1/*2,*1/*2,*2/*1,*1/*2,concordant
cohort1_dragen,cohort1,DRAGEN,HG02886,HG03098,1,*2/*29,*2/*29,*2/*29,*2/*29,*2/*29,concordant
cohort1_dragen,cohort1,DRAGEN,HG02886,HG03453,1,*1/*29,*1/*29,*1/*29,*29/*1,*1/*29,concordant
cohort1_dragen,cohort1,DRAGEN,HG02886,HG03486,1,*1/*17,*1/*17,*1/*17,*1/*17,*1/*17,concordant
cohort1_dragen,cohort1,DRAGEN,HG02886,HG03492,1,*2/*41,*2/*41,*2/*41,*2/*41,*2/*41,concordant
cohort1_dragen,cohort1,DRAGEN,HG02886,HG03516,1,*2/*17,*2/*17,*2/*17,*17/*2,*2/*17,concordant
cohort1_dragen,cohort1,DRAGEN,HG02886,HG03540,1,*2+*2/*17,*2+*2/*17,*2+*2/*17,*17/*2+*2,*2+*2/*17,concordant
cohort1_dragen,cohort1,DRAGEN,HG02886,HG03579,1,*1/*2,*1/*2,*1/*2,*2/*1,*1/*2,concordant
cohort1_dragen,cohort1,DRAGEN,HG02886,NA18906,1,*17/*125,*17/*125,*17/*125,*17/*125,*17/*125,concordant
cohort1_dragen,cohort1,DRAGEN,HG02886,NA19240,1,*15/*17,*15/*17,*15/*17,*17/*15,*15/*17,concordant
cohort1_dragen,cohort1,DRAGEN,HG02886,NA20129,1,*4C/*4C,*4/*4,*4/*4,*5/*4+*4,*4+*4/*5,discordant
cohort1_dragen,cohort1,DRAGEN,HG02886,NA21309,1,*5/*29,*5/*29,*5/*29,*29/*5,*5/*29,concordant
cohort1_dragen,cohort1,DRAGEN,HG02886,NA24385,1,*2/*4,*2/*4,*2/*4,*2/*4,*2/*4,concordant
cohort1_dragen,cohort1,DRAGEN,HG02886,NA24631,1,*36.ALDY+*10/*49,*36+*10/*49,*10+*36/*49,*49/*10+*36,*10+*36/*49,concordant
cohort1_dragen,cohort1,DRAGEN,HG03098,HG00438,1,*36.ALDY+*10/*36.ALDY+*71,*36+*10/*36+*71,*10+*36/*36+*71,*10+*36+*36/*71,*10+*36+*36/*71,discordant
cohort1_dragen,cohort1,DRAGEN,HG03098,HG00621,1,*5/*49,*5/*49,*5/*49,*5/*49,*5/*49,concordant
cohort1_dragen,cohort1,DRAGEN,HG03098,HG00673,1,*1/*10,*1/*10,*1/*10,*1/*10,*1/*10,concordant
cohort1_dragen,cohort1,DRAGEN,HG03098,HG00733,1,*41/*68+*4,*41/*68+*4,*4+*68/*41,*41/*4+*68,*4+*68/*41,concordant
cohort1_dragen,cohort1,DRAGEN,HG03098,HG00735,1,*1/*4,*1/*4,*1/*4,*4/*1,*1/*4,concordant
cohort1_dragen,cohort1,DRAGEN,HG03098,HG00741,1,*1/*2,*1/*2,*1/*2,*2/*1,*1/*2,concordant
cohort1_dragen,cohort1,DRAGEN,HG03098,HG01071,1,*4/*41,*4/*41,*4/*41,*41/*4,*4/*41,concordant
cohort1_dragen,cohort1,DRAGEN,HG03098,HG01106,1,*4.028/*35,*4/*35,*4/*35,*35/*4,*4/*35,concordant
cohort1_dragen,cohort1,DRAGEN,HG03098,HG01109,1,*41/*106,*41/*106,*41/*106,*106/*41,*41/*106,concordant
cohort1_dragen,cohort1,DRAGEN,HG03098,HG01175,1,*41/*41,*41/*41,*41/*41,*41/*41,*41/*41,concordant
cohort1_dragen,cohort1,DRAGEN,HG03098,HG01243,1,*1/*5,*1/*5,*1/*5,*5/*1,*1/*5,concordant
cohort1_dragen,cohort1,DRAGEN,HG03098,HG01258,1,*2/*68+*4,*2/*68+*4,*2/*4+*68,*2/*4+*68+*68,*2/*4+*68+*68,discordant
cohort1_dragen,cohort1,DRAGEN,HG03098,HG01358,1,*1/*1,*1/*1,*1/*1,*1/*1,*1/*1,concordant
cohort1_dragen,cohort1,DRAGEN,HG03098,HG01361,1,*1/*4.028,*1/*4,*1/*4,*1/*4,*1/*4,concordant
cohort1_dragen,cohort1,DRAGEN,HG03098,HG01891,1,*5/*29,*5/*29,*5/*29,*29/*5,*5/*29,concordant
cohort1_dragen,cohort1,DRAGEN,HG03098,HG01928,1,*1/*1,*1/*1,*1/*1,*1/*1,*1/*1,concordant
cohort1_dragen,cohort1,DRAGEN,HG03098,HG01952,1,*1/*4.028,*1/*4,*1/*4,*1/*4,*1/*4,concordant
cohort1_dragen,cohort1,DRAGEN,HG03098,HG01978,1,*1/*1,*1/*1,*1/*1,*1/*1,*1/*1,concordant
cohort1_dragen,cohort1,DRAGEN,HG03098,HG02055,1,*1/*1,*1/*1,*1/*1,*1/*1,*1/*1,concordant
cohort1_dragen,cohort1,DRAGEN,HG03098,HG02080,1,*2/*10,*2/*10,*2/*10,*10/*2,*2/*10,concordant
cohort1_dragen,cohort1,DRAGEN,HG03098,HG02109,1,*1/*45,*1/*45,*1/*45,*45/*1,*1/*45,concordant
cohort1_dragen,cohort1,DRAGEN,HG03098,HG02145,1,*5/*84,*5/*84,*5/*84,*5/*84,*5/*84,concordant
cohort1_dragen,cohort1,DRAGEN,HG03098,HG02148,1,*1/*2,*1/*2,*1/*2,*1/*2,*1/*2,concordant
cohort1_dragen,cohort1,DRAGEN,HG03098,HG02257,1,*2/*35,*2/*35,*2/*35,*35/*2,*2/*35,concordant
cohort1_dragen,cohort1,DRAGEN,HG03098,HG02572,1,*1/*152,*1/*152,*1/*152,*1/*152,*1/*152,concordant
cohort1_dragen,cohort1,DRAGEN,HG03098,HG02622,1,*17/*46,*17/*46,*17/*46,*46/*17,*17/*46,concordant
cohort1_dragen,cohort1,DRAGEN,HG03098,HG02630,1,*1/*46,*1/*46,*1/*46,*1/*46,*1/*46,concordant
cohort1_dragen,cohort1,DRAGEN,HG03098,HG02717,1,*1/*1,*1/*1,*1/*1,*1/*1,*1/*1,concordant
cohort1_dragen,cohort1,DRAGEN,HG03098,HG02723,1,*2/*17,*2/*17,*2/*17,*2/*17,*2/*17,concordant
cohort1_dragen,cohort1,DRAGEN,HG03098,HG02818,1,*1/*2,*1/*2,*1/*2,*2/*1,*1/*2,concordant
cohort1_dragen,cohort1,DRAGEN,HG03098,HG02886,1,*1/*4,*1/*4,*1/*4,*4/*1,*1/*4,concordant
cohort1_dragen,cohort1,DRAGEN,HG03098,HG03453,1,*1/*29,*1/*29,*1/*29,*29/*1,*1/*29,concordant
cohort1_dragen,cohort1,DRAGEN,HG03098,HG03486,1,*1/*17,*1/*17,*1/*17,*1/*17,*1/*17,concordant
cohort1_dragen,cohort1,DRAGEN,HG03098,HG03492,1,*2/*41,*2/*41,*2/*41,*2/*41,*2/*41,concordant
cohort1_dragen,cohort1,DRAGEN,HG03098,HG03516,1,*2/*17,*2/*17,*2/*17,*17/*2,*2/*17,concordant
cohort1_dragen,cohort1,DRAGEN,HG03098,HG03540,1,*2+*2/*17,*2+*2/*17,*2+*2/*17,*17/*2+*2,*2+*2/*17,concordant
cohort1_dragen,cohort1,DRAGEN,HG03098,HG03579,1,*1/*2,*1/*2,*1/*2,*2/*1,*1/*2,concordant
cohort1_dragen,cohort1,DRAGEN,HG03098,NA18906,1,*17/*125,*17/*125,*17/*125,*17/*125,*17/*125,concordant
cohort1_dragen,cohort1,DRAGEN,HG03098,NA19240,1,*15/*17,*15/*17,*15/*17,*17/*15,*15/*17,concordant
cohort1_dragen,cohort1,DRAGEN,HG03098,NA20129,1,*4C/*4C,*4/*4,*4/*4,*5/*4+*4,*4+*4/*5,discordant
cohort1_dragen,cohort1,DRAGEN,HG03098,NA21309,1,*5/*29,*5/*29,*5/*29,*29/*5,*5/*29,concordant
cohort1_dragen,cohort1,DRAGEN,HG03098,NA24385,1,*2/*4,*2/*4,*2/*4,*2/*4,*2/*4,concordant
cohort1_dragen,cohort1,DRAGEN,HG03098,NA24631,1,*36.ALDY+*10/*49,*36+*10/*49,*10+*36/*49,*49/*10+*36,*10+*36/*49,concordant
cohort1_dragen,cohort1,DRAGEN,HG03453,HG00438,1,*36.ALDY+*10/*36.ALDY+*71,*36+*10/*36+*71,*10+*36/*36+*71,*10+*36+*36/*71,*10+*36+*36/*71,discordant
cohort1_dragen,cohort1,DRAGEN,HG03453,HG00621,1,*5/*49,*5/*49,*5/*49,*5/*49,*5/*49,concordant
cohort1_dragen,cohort1,DRAGEN,HG03453,HG00673,1,*1/*10,*1/*10,*1/*10,*1/*10,*1/*10,concordant
cohort1_dragen,cohort1,DRAGEN,HG03453,HG00733,1,*41/*68+*4,*41/*68+*4,*4+*68/*41,*41/*4+*68,*4+*68/*41,concordant
cohort1_dragen,cohort1,DRAGEN,HG03453,HG00735,1,*1/*4,*1/*4,*1/*4,*4/*1,*1/*4,concordant
cohort1_dragen,cohort1,DRAGEN,HG03453,HG00741,1,*1/*2,*1/*2,*1/*2,*2/*1,*1/*2,concordant
cohort1_dragen,cohort1,DRAGEN,HG03453,HG01071,1,*4/*41,*4/*41,*4/*41,*41/*4,*4/*41,concordant
cohort1_dragen,cohort1,DRAGEN,HG03453,HG01106,1,*4.028/*35,*4/*35,*4/*35,*35/*4,*4/*35,concordant
cohort1_dragen,cohort1,DRAGEN,HG03453,HG01109,1,*41/*106,*41/*106,*41/*106,*106/*41,*41/*106,concordant
cohort1_dragen,cohort1,DRAGEN,HG03453,HG01175,1,*41/*41,*41/*41,*41/*41,*41/*41,*41/*41,concordant
cohort1_dragen,cohort1,DRAGEN,HG03453,HG01243,1,*1/*5,*1/*5,*1/*5,*5/*1,*1/*5,concordant
cohort1_dragen,cohort1,DRAGEN,HG03453,HG01258,1,*2+*68/*68+*4,*2+*68/*68+*4,*2+*68/*4+*68,*2/*4+*68+*68,*2/*4+*68+*68,discordant
cohort1_dragen,cohort1,DRAGEN,HG03453,HG01358,1,*1/*1,*1/*1,*1/*1,*1/*1,*1/*1,concordant
cohort1_dragen,cohort1,DRAGEN,HG03453,HG01361,1,*1/*4.028,*1/*4,*1/*4,*1/*4,*1/*4,concordant
cohort1_dragen,cohort1,DRAGEN,HG03453,HG01891,1,*5/*29,*5/*29,*5/*29,*29/*5,*5/*29,concordant
cohort1_dragen,cohort1,DRAGEN,HG03453,HG01928,1,*1/*1,*1/*1,*1/*1,*1/*1,*1/*1,concordant
cohort1_dragen,cohort1,DRAGEN,HG03453,HG01952,1,*1/*4.028,*1/*4,*1/*4,*1/*4,*1/*4,concordant
cohort1_dragen,cohort1,DRAGEN,HG03453,HG01978,1,*1/*1,*1/*1,*1/*1,*1/*1,*1/*1,concordant
cohort1_dragen,cohort1,DRAGEN,HG03453,HG02055,1,*1/*1,*1/*1,*1/*1,*1/*1,*1/*1,concordant
cohort1_dragen,cohort1,DRAGEN,HG03453,HG02080,1,*2/*10,*2/*10,*2/*10,*10/*2,*2/*10,concordant
cohort1_dragen,cohort1,DRAGEN,HG03453,HG02109,1,*1/*45,*1/*45,*1/*45,*45/*1,*1/*45,concordant
cohort1_dragen,cohort1,DRAGEN,HG03453,HG02145,1,*5/*84,*5/*84,*5/*84,*5/*84,*5/*84,concordant
cohort1_dragen,cohort1,DRAGEN,HG03453,HG02148,1,*1/*2,*1/*2,*1/*2,*1/*2,*1/*2,concordant
cohort1_dragen,cohort1,DRAGEN,HG03453,HG02257,1,*2/*35,*2/*35,*2/*35,*35/*2,*2/*35,concordant
cohort1_dragen,cohort1,DRAGEN,HG03453,HG02572,1,*1/*152,*1/*152,*1/*152,*1/*152,*1/*152,concordant
cohort1_dragen,cohort1,DRAGEN,HG03453,HG02622,1,*17/*46,*17/*46,*17/*46,*46/*17,*17/*46,concordant
cohort1_dragen,cohort1,DRAGEN,HG03453,HG02630,1,*1/*46,*1/*46,*1/*46,*1/*46,*1/*46,concordant
cohort1_dragen,cohort1,DRAGEN,HG03453,HG02717,1,*1/*1,*1/*1,*1/*1,*1/*1,*1/*1,concordant
cohort1_dragen,cohort1,DRAGEN,HG03453,HG02723,1,*2/*17,*2/*17,*2/*17,*2/*17,*2/*17,concordant
cohort1_dragen,cohort1,DRAGEN,HG03453,HG02818,1,*1/*2,*1/*2,*1/*2,*2/*1,*1/*2,concordant
cohort1_dragen,cohort1,DRAGEN,HG03453,HG02886,1,*1/*4,*1/*4,*1/*4,*4/*1,*1/*4,concordant
cohort1_dragen,cohort1,DRAGEN,HG03453,HG03098,1,*2/*29,*2/*29,*2/*29,*2/*29,*2/*29,concordant
cohort1_dragen,cohort1,DRAGEN,HG03453,HG03486,1,*1/*17,*1/*17,*1/*17,*1/*17,*1/*17,concordant
cohort1_dragen,cohort1,DRAGEN,HG03453,HG03492,1,*2/*41,*2/*41,*2/*41,*2/*41,*2/*41,concordant
cohort1_dragen,cohort1,DRAGEN,HG03453,HG03516,1,*2/*17,*2/*17,*2/*17,*17/*2,*2/*17,concordant
cohort1_dragen,cohort1,DRAGEN,HG03453,HG03540,1,*2+*2/*17,*2+*2/*17,*2+*2/*17,*17/*2+*2,*2+*2/*17,concordant
cohort1_dragen,cohort1,DRAGEN,HG03453,HG03579,1,*1/*2,*1/*2,*1/*2,*2/*1,*1/*2,concordant
cohort1_dragen,cohort1,DRAGEN,HG03453,NA18906,1,*17/*125,*17/*125,*17/*125,*17/*125,*17/*125,concordant
cohort1_dragen,cohort1,DRAGEN,HG03453,NA19240,1,*15/*17,*15/*17,*15/*17,*17/*15,*15/*17,concordant
cohort1_dragen,cohort1,DRAGEN,HG03453,NA20129,1,*4C/*4C,*4/*4,*4/*4,*5/*4+*4,*4+*4/*5,discordant
cohort1_dragen,cohort1,DRAGEN,HG03453,NA21309,1,*5/*29,*5/*29,*5/*29,*29/*5,*5/*29,concordant
cohort1_dragen,cohort1,DRAGEN,HG03453,NA24385,1,*2/*4,*2/*4,*2/*4,*2/*4,*2/*4,concordant
cohort1_dragen,cohort1,DRAGEN,HG03453,NA24631,1,*36.ALDY+*10/*49,*36+*10/*49,*10+*36/*49,*49/*10+*36,*10+*36/*49,concordant
cohort1_dragen,cohort1,DRAGEN,HG03486,HG00438,1,*36.ALDY+*10/*36.ALDY+*71,*36+*10/*36+*71,*10+*36/*36+*71,*10+*36+*36/*71,*10+*36+*36/*71,discordant
cohort1_dragen,cohort1,DRAGEN,HG03486,HG00621,1,*5/*49,*5/*49,*5/*49,*5/*49,*5/*49,concordant
cohort1_dragen,cohort1,DRAGEN,HG03486,HG00673,1,*1/*10,*1/*10,*1/*10,*1/*10,*1/*10,concordant
cohort1_dragen,cohort1,DRAGEN,HG03486,HG00733,1,*41/*68+*4,*41/*68+*4,*4+*68/*41,*41/*4+*68,*4+*68/*41,concordant
cohort1_dragen,cohort1,DRAGEN,HG03486,HG00735,1,*1/*4,*1/*4,*1/*4,*4/*1,*1/*4,concordant
cohort1_dragen,cohort1,DRAGEN,HG03486,HG00741,1,*1/*2,*1/*2,*1/*2,*2/*1,*1/*2,concordant
cohort1_dragen,cohort1,DRAGEN,HG03486,HG01071,1,*4/*41,*4/*41,*4/*41,*41/*4,*4/*41,concordant
cohort1_dragen,cohort1,DRAGEN,HG03486,HG01106,1,*4.028/*35,*4/*35,*4/*35,*35/*4,*4/*35,concordant
cohort1_dragen,cohort1,DRAGEN,HG03486,HG01109,1,*41/*106,*41/*106,*41/*106,*106/*41,*41/*106,concordant
cohort1_dragen,cohort1,DRAGEN,HG03486,HG01175,1,*41/*41,*41/*41,*41/*41,*41/*41,*41/*41,concordant
cohort1_dragen,cohort1,DRAGEN,HG03486,HG01243,1,*1/*5,*1/*5,*1/*5,*5/*1,*1/*5,concordant
cohort1_dragen,cohort1,DRAGEN,HG03486,HG01258,1,*2+*68/*68+*4,*2+*68/*68+*4,*2+*68/*4+*68,*2/*4+*68+*68,*2/*4+*68+*68,discordant
cohort1_dragen,cohort1,DRAGEN,HG03486,HG01358,1,*1/*1,*1/*1,*1/*1,*1/*1,*1/*1,concordant
cohort1_dragen,cohort1,DRAGEN,HG03486,HG01361,1,*1/*4.028,*1/*4,*1/*4,*1/*4,*1/*4,concordant
cohort1_dragen,cohort1,DRAGEN,HG03486,HG01891,1,*5/*29,*5/*29,*5/*29,*29/*5,*5/*29,concordant
cohort1_dragen,cohort1,DRAGEN,HG03486,HG01928,1,*1/*1,*1/*1,*1/*1,*1/*1,*1/*1,concordant
cohort1_dragen,cohort1,DRAGEN,HG03486,HG01952,1,*1/*4.028,*1/*4,*1/*4,*1/*4,*1/*4,concordant
cohort1_dragen,cohort1,DRAGEN,HG03486,HG01978,1,*1/*1,*1/*1,*1/*1,*1/*1,*1/*1,concordant
cohort1_dragen,cohort1,DRAGEN,HG03486,HG02055,1,*1/*1,*1/*1,*1/*1,*1/*1,*1/*1,concordant
cohort1_dragen,cohort1,DRAGEN,HG03486,HG02080,1,*2/*10,*2/*10,*2/*10,*10/*2,*2/*10,concordant
cohort1_dragen,cohort1,DRAGEN,HG03486,HG02109,1,*1/*45,*1/*45,*1/*45,*45/*1,*1/*45,concordant
cohort1_dragen,cohort1,DRAGEN,HG03486,HG02145,1,*5/*84,*5/*84,*5/*84,*5/*84,*5/*84,concordant
cohort1_dragen,cohort1,DRAGEN,HG03486,HG02148,1,*1/*2,*1/*2,*1/*2,*1/*2,*1/*2,concordant
cohort1_dragen,cohort1,DRAGEN,HG03486,HG02257,1,*2/*35,*2/*35,*2/*35,*35/*2,*2/*35,concordant
cohort1_dragen,cohort1,DRAGEN,HG03486,HG02572,1,*1/*152,*1/*152,*1/*152,*1/*152,*1/*152,concordant
cohort1_dragen,cohort1,DRAGEN,HG03486,HG02622,1,*17/*46,*17/*46,*17/*46,*46/*17,*17/*46,concordant
cohort1_dragen,cohort1,DRAGEN,HG03486,HG02630,1,*1/*46,*1/*46,*1/*46,*1/*46,*1/*46,concordant
cohort1_dragen,cohort1,DRAGEN,HG03486,HG02717,1,*1/*1,*1/*1,*1/*1,*1/*1,*1/*1,concordant
cohort1_dragen,cohort1,DRAGEN,HG03486,HG02723,1,*2/*17,*2/*17,*2/*17,*2/*17,*2/*17,concordant
cohort1_dragen,cohort1,DRAGEN,HG03486,HG02818,1,*1/*2,*1/*2,*1/*2,*2/*1,*1/*2,concordant
cohort1_dragen,cohort1,DRAGEN,HG03486,HG02886,1,*1/*4,*1/*4,*1/*4,*4/*1,*1/*4,concordant
cohort1_dragen,cohort1,DRAGEN,HG03486,HG03098,1,*2/*29,*2/*29,*2/*29,*2/*29,*2/*29,concordant
cohort1_dragen,cohort1,DRAGEN,HG03486,HG03453,1,*1/*29,*1/*29,*1/*29,*29/*1,*1/*29,concordant
cohort1_dragen,cohort1,DRAGEN,HG03486,HG03492,1,*2/*41,*2/*41,*2/*41,*2/*41,*2/*41,concordant
cohort1_dragen,cohort1,DRAGEN,HG03486,HG03516,1,*2/*17,*2/*17,*2/*17,*17/*2,*2/*17,concordant
cohort1_dragen,cohort1,DRAGEN,HG03486,HG03540,1,*2+*2/*17,*2+*2/*17,*2+*2/*17,*17/*2+*2,*2+*2/*17,concordant
cohort1_dragen,cohort1,DRAGEN,HG03486,HG03579,1,*1/*2,*1/*2,*1/*2,*2/*1,*1/*2,concordant
cohort1_dragen,cohort1,DRAGEN,HG03486,NA18906,1,*17/*125,*17/*125,*17/*125,*17/*125,*17/*125,concordant
cohort1_dragen,cohort1,DRAGEN,HG03486,NA19240,1,*15/*17,*15/*17,*15/*17,*17/*15,*15/*17,concordant
cohort1_dragen,cohort1,DRAGEN,HG03486,NA20129,1,*4C/*4C,*4/*4,*4/*4,*5/*4+*4,*4+*4/*5,discordant
cohort1_dragen,cohort1,DRAGEN,HG03486,NA21309,1,*5/*29,*5/*29,*5/*29,*29/*5,*5/*29,concordant
cohort1_dragen,cohort1,DRAGEN,HG03486,NA24385,1,*2/*4,*2/*4,*2/*4,*2/*4,*2/*4,concordant
cohort1_dragen,cohort1,DRAGEN,HG03486,NA24631,1,*36.ALDY+*10/*49,*36+*10/*49,*10+*36/*49,*49/*10+*36,*10+*36/*49,concordant
cohort1_dragen,cohort1,DRAGEN,HG03492,HG00438,1,*36.ALDY+*10/*36.ALDY+*71,*36+*10/*36+*71,*10+*36/*36+*71,*10+*36+*36/*71,*10+*36+*36/*71,discordant
cohort1_dragen,cohort1,DRAGEN,HG03492,HG00621,1,*5/*49,*5/*49,*5/*49,*5/*49,*5/*49,concordant
cohort1_dragen,cohort1,DRAGEN,HG03492,HG00673,1,*1/*10,*1/*10,*1/*10,*1/*10,*1/*10,concordant
cohort1_dragen,cohort1,DRAGEN,HG03492,HG00733,1,*41/*68+*4,*41/*68+*4,*4+*68/*41,*41/*4+*68,*4+*68/*41,concordant
cohort1_dragen,cohort1,DRAGEN,HG03492,HG00735,1,*1/*4,*1/*4,*1/*4,*4/*1,*1/*4,concordant
cohort1_dragen,cohort1,DRAGEN,HG03492,HG00741,1,*1/*2,*1/*2,*1/*2,*2/*1,*1/*2,concordant
cohort1_dragen,cohort1,DRAGEN,HG03492,HG01071,1,*4/*41,*4/*41,*4/*41,*41/*4,*4/*41,concordant
cohort1_dragen,cohort1,DRAGEN,HG03492,HG01106,1,*4.028/*35,*4/*35,*4/*35,*35/*4,*4/*35,concordant
cohort1_dragen,cohort1,DRAGEN,HG03492,HG01109,1,*41/*106,*41/*106,*41/*106,*106/*41,*41/*106,concordant
cohort1_dragen,cohort1,DRAGEN,HG03492,HG01175,1,*41/*41,*41/*41,*41/*41,*41/*41,*41/*41,concordant
cohort1_dragen,cohort1,DRAGEN,HG03492,HG01243,1,*1/*5,*1/*5,*1/*5,*5/*1,*1/*5,concordant
cohort1_dragen,cohort1,DRAGEN,HG03492,HG01258,1,*2+*68/*68+*4,*2+*68/*68+*4,*2+*68/*4+*68,*2/*4+*68+*68,*2/*4+*68+*68,discordant
cohort1_dragen,cohort1,DRAGEN,HG03492,HG01358,1,*1/*1,*1/*1,*1/*1,*1/*1,*1/*1,concordant
cohort1_dragen,cohort1,DRAGEN,HG03492,HG01361,1,*1/*4.028,*1/*4,*1/*4,*1/*4,*1/*4,concordant
cohort1_dragen,cohort1,DRAGEN,HG03492,HG01891,1,*5/*29,*5/*29,*5/*29,*29/*5,*5/*29,concordant
cohort1_dragen,cohort1,DRAGEN,HG03492,HG01928,1,*1/*1,*1/*1,*1/*1,*1/*1,*1/*1,concordant
cohort1_dragen,cohort1,DRAGEN,HG03492,HG01952,1,*1/*4.028,*1/*4,*1/*4,*1/*4,*1/*4,concordant
cohort1_dragen,cohort1,DRAGEN,HG03492,HG01978,1,*1/*1,*1/*1,*1/*1,*1/*1,*1/*1,concordant
cohort1_dragen,cohort1,DRAGEN,HG03492,HG02055,1,*1/*1,*1/*1,*1/*1,*1/*1,*1/*1,concordant
cohort1_dragen,cohort1,DRAGEN,HG03492,HG02080,1,*2/*10,*2/*10,*2/*10,*10/*2,*2/*10,concordant
cohort1_dragen,cohort1,DRAGEN,HG03492,HG02109,1,*1/*45,*1/*45,*1/*45,*45/*1,*1/*45,concordant
cohort1_dragen,cohort1,DRAGEN,HG03492,HG02145,1,*5/*84,*5/*84,*5/*84,*5/*84,*5/*84,concordant
cohort1_dragen,cohort1,DRAGEN,HG03492,HG02148,1,*1/*2,*1/*2,*1/*2,*1/*2,*1/*2,concordant
cohort1_dragen,cohort1,DRAGEN,HG03492,HG02257,1,*2/*35,*2/*35,*2/*35,*35/*2,*2/*35,concordant
cohort1_dragen,cohort1,DRAGEN,HG03492,HG02572,1,*1/*152,*1/*152,*1/*152,*1/*152,*1/*152,concordant
cohort1_dragen,cohort1,DRAGEN,HG03492,HG02622,1,*17/*46,*17/*46,*17/*46,*46/*17,*17/*46,concordant
cohort1_dragen,cohort1,DRAGEN,HG03492,HG02630,1,*1/*46,*1/*46,*1/*46,*1/*46,*1/*46,concordant
cohort1_dragen,cohort1,DRAGEN,HG03492,HG02717,1,*1/*1,*1/*1,*1/*1,*1/*1,*1/*1,concordant
cohort1_dragen,cohort1,DRAGEN,HG03492,HG02723,1,*2/*17,*2/*17,*2/*17,*2/*17,*2/*17,concordant
cohort1_dragen,cohort1,DRAGEN,HG03492,HG02818,1,*1/*2,*1/*2,*1/*2,*2/*1,*1/*2,concordant
cohort1_dragen,cohort1,DRAGEN,HG03492,HG02886,1,*1/*4,*1/*4,*1/*4,*4/*1,*1/*4,concordant
cohort1_dragen,cohort1,DRAGEN,HG03492,HG03098,1,*2/*29,*2/*29,*2/*29,*2/*29,*2/*29,concordant
cohort1_dragen,cohort1,DRAGEN,HG03492,HG03453,1,*1/*29,*1/*29,*1/*29,*29/*1,*1/*29,concordant
cohort1_dragen,cohort1,DRAGEN,HG03492,HG03486,1,*1/*17,*1/*17,*1/*17,*1/*17,*1/*17,concordant
cohort1_dragen,cohort1,DRAGEN,HG03492,HG03516,1,*2/*17,*2/*17,*2/*17,*17/*2,*2/*17,concordant
cohort1_dragen,cohort1,DRAGEN,HG03492,HG03540,1,*2+*2/*17,*2+*2/*17,*2+*2/*17,*17/*2+*2,*2+*2/*17,concordant
cohort1_dragen,cohort1,DRAGEN,HG03492,HG03579,1,*1/*2,*1/*2,*1/*2,*2/*1,*1/*2,concordant
cohort1_dragen,cohort1,DRAGEN,HG03492,NA18906,1,*17/*125,*17/*125,*17/*125,*17/*125,*17/*125,concordant
cohort1_dragen,cohort1,DRAGEN,HG03492,NA19240,1,*15/*17,*15/*17,*15/*17,*17/*15,*15/*17,concordant
cohort1_dragen,cohort1,DRAGEN,HG03492,NA20129,1,*4C/*4C,*4/*4,*4/*4,*5/*4+*4,*4+*4/*5,discordant
cohort1_dragen,cohort1,DRAGEN,HG03492,NA21309,1,*5/*29,*5/*29,*5/*29,*29/*5,*5/*29,concordant
cohort1_dragen,cohort1,DRAGEN,HG03492,NA24385,1,*2/*4,*2/*4,*2/*4,*2/*4,*2/*4,concordant
cohort1_dragen,cohort1,DRAGEN,HG03492,NA24631,1,*36.ALDY+*10/*49,*36+*10/*49,*10+*36/*49,*49/*10+*36,*10+*36/*49,concordant
cohort1_dragen,cohort1,DRAGEN,HG03516,HG00438,1,*36.ALDY+*10/*36.ALDY+*71,*36+*10/*36+*71,*10+*36/*36+*71,*10+*36+*36/*71,*10+*36+*36/*71,discordant
cohort1_dragen,cohort1,DRAGEN,HG03516,HG00621,1,*5/*49,*5/*49,*5/*49,*5/*49,*5/*49,concordant
cohort1_dragen,cohort1,DRAGEN,HG03516,HG00673,1,*1/*10,*1/*10,*1/*10,*1/*10,*1/*10,concordant
cohort1_dragen,cohort1,DRAGEN,HG03516,HG00733,1,*41/*68+*4,*41/*68+*4,*4+*68/*41,*41/*4+*68,*4+*68/*41,concordant
cohort1_dragen,cohort1,DRAGEN,HG03516,HG00735,1,*1/*4,*1/*4,*1/*4,*4/*1,*1/*4,concordant
cohort1_dragen,cohort1,DRAGEN,HG03516,HG00741,1,*1/*2,*1/*2,*1/*2,*2/*1,*1/*2,concordant
cohort1_dragen,cohort1,DRAGEN,HG03516,HG01071,1,*4/*41,*4/*41,*4/*41,*41/*4,*4/*41,concordant
cohort1_dragen,cohort1,DRAGEN,HG03516,HG01106,1,*4.028/*35,*4/*35,*4/*35,*35/*4,*4/*35,concordant
cohort1_dragen,cohort1,DRAGEN,HG03516,HG01109,1,*41/*106,*41/*106,*41/*106,*106/*41,*41/*106,concordant
cohort1_dragen,cohort1,DRAGEN,HG03516,HG01175,1,*41/*41,*41/*41,*41/*41,*41/*41,*41/*41,concordant
cohort1_dragen,cohort1,DRAGEN,HG03516,HG01243,1,*1/*5,*1/*5,*1/*5,*5/*1,*1/*5,concordant
cohort1_dragen,cohort1,DRAGEN,HG03516,HG01258,1,*63/*68+*4,*63/*68+*4,*4+*68/*63,*2/*4+*68+*68,*2/*4+*68+*68,discordant
cohort1_dragen,cohort1,DRAGEN,HG03516,HG01358,1,*1/*1,*1/*1,*1/*1,*1/*1,*1/*1,concordant
cohort1_dragen,cohort1,DRAGEN,HG03516,HG01361,1,*1/*4.028,*1/*4,*1/*4,*1/*4,*1/*4,concordant
cohort1_dragen,cohort1,DRAGEN,HG03516,HG01891,1,*5/*29,*5/*29,*5/*29,*29/*5,*5/*29,concordant
cohort1_dragen,cohort1,DRAGEN,HG03516,HG01928,1,*1/*1,*1/*1,*1/*1,*1/*1,*1/*1,concordant
cohort1_dragen,cohort1,DRAGEN,HG03516,HG01952,1,*1/*4.028,*1/*4,*1/*4,*1/*4,*1/*4,concordant
cohort1_dragen,cohort1,DRAGEN,HG03516,HG01978,1,*1/*1,*1/*1,*1/*1,*1/*1,*1/*1,concordant
cohort1_dragen,cohort1,DRAGEN,HG03516,HG02055,1,*1/*1,*1/*1,*1/*1,*1/*1,*1/*1,concordant
cohort1_dragen,cohort1,DRAGEN,HG03516,HG02080,1,*10/*63,*10/*63,*10/*63,*10/*2,*2/*10,discordant
cohort1_dragen,cohort1,DRAGEN,HG03516,HG02109,1,*1/*45,*1/*45,*1/*45,*45/*1,*1/*45,concordant
cohort1_dragen,cohort1,DRAGEN,HG03516,HG02145,1,*5/*84,*5/*84,*5/*84,*5/*84,*5/*84,concordant
cohort1_dragen,cohort1,DRAGEN,HG03516,HG02148,1,*1/*2,*1/*2,*1/*2,*1/*2,*1/*2,concordant
cohort1_dragen,cohort1,DRAGEN,HG03516,HG02257,1,*2/*35,*2/*35,*2/*35,*35/*2,*2/*35,concordant
cohort1_dragen,cohort1,DRAGEN,HG03516,HG02572,1,*1/*152,*1/*152,*1/*152,*1/*152,*1/*152,concordant
cohort1_dragen,cohort1,DRAGEN,HG03516,HG02622,1,*17/*46,*17/*46,*17/*46,*46/*17,*17/*46,concordant
cohort1_dragen,cohort1,DRAGEN,HG03516,HG02630,1,*1/*46,*1/*46,*1/*46,*1/*46,*1/*46,concordant
cohort1_dragen,cohort1,DRAGEN,HG03516,HG02717,1,*1/*1,*1/*1,*1/*1,*1/*1,*1/*1,concordant
cohort1_dragen,cohort1,DRAGEN,HG03516,HG02723,1,*2/*17,*2/*17,*2/*17,*2/*17,*2/*17,concordant
cohort1_dragen,cohort1,DRAGEN,HG03516,HG02818,1,*1/*2,*1/*2,*1/*2,*2/*1,*1/*2,concordant
cohort1_dragen,cohort1,DRAGEN,HG03516,HG02886,1,*1/*4,*1/*4,*1/*4,*4/*1,*1/*4,concordant
cohort1_dragen,cohort1,DRAGEN,HG03516,HG03098,1,*2/*29,*2/*29,*2/*29,*2/*29,*2/*29,concordant
cohort1_dragen,cohort1,DRAGEN,HG03516,HG03453,1,*1/*29,*1/*29,*1/*29,*29/*1,*1/*29,concordant
cohort1_dragen,cohort1,DRAGEN,HG03516,HG03486,1,*1/*17,*1/*17,*1/*17,*1/*17,*1/*17,concordant
cohort1_dragen,cohort1,DRAGEN,HG03516,HG03492,1,*2/*41,*2/*41,*2/*41,*2/*41,*2/*41,concordant
cohort1_dragen,cohort1,DRAGEN,HG03516,HG03540,1,*2+*2/*17,*2+*2/*17,*2+*2/*17,*17/*2+*2,*2+*2/*17,concordant
cohort1_dragen,cohort1,DRAGEN,HG03516,HG03579,1,*1/*2,*1/*2,*1/*2,*2/*1,*1/*2,concordant
cohort1_dragen,cohort1,DRAGEN,HG03516,NA18906,1,*17/*125,*17/*125,*17/*125,*17/*125,*17/*125,concordant
cohort1_dragen,cohort1,DRAGEN,HG03516,NA19240,1,*15/*17,*15/*17,*15/*17,*17/*15,*15/*17,concordant
cohort1_dragen,cohort1,DRAGEN,HG03516,NA20129,1,*4C/*4C,*4/*4,*4/*4,*5/*4+*4,*4+*4/*5,discordant
cohort1_dragen,cohort1,DRAGEN,HG03516,NA21309,1,*5/*29,*5/*29,*5/*29,*29/*5,*5/*29,concordant
cohort1_dragen,cohort1,DRAGEN,HG03516,NA24385,1,*2/*4,*2/*4,*2/*4,*2/*4,*2/*4,concordant
cohort1_dragen,cohort1,DRAGEN,HG03516,NA24631,1,*36.ALDY+*10/*49,*36+*10/*49,*10+*36/*49,*49/*10+*36,*10+*36/*49,concordant
cohort1_dragen,cohort1,DRAGEN,HG03579,HG00438,1,*36.ALDY+*10/*36.ALDY+*71,*36+*10/*36+*71,*10+*36/*36+*71,*10+*36+*36/*71,*10+*36+*36/*71,discordant
cohort1_dragen,cohort1,DRAGEN,HG03579,HG00621,1,*5/*49,*5/*49,*5/*49,*5/*49,*5/*49,concordant
cohort1_dragen,cohort1,DRAGEN,HG03579,HG00673,1,*1/*10,*1/*10,*1/*10,*1/*10,*1/*10,concordant
cohort1_dragen,cohort1,DRAGEN,HG03579,HG00733,1,*41/*68+*4,*41/*68+*4,*4+*68/*41,*41/*4+*68,*4+*68/*41,concordant
cohort1_dragen,cohort1,DRAGEN,HG03579,HG00735,1,*1/*4,*1/*4,*1/*4,*4/*1,*1/*4,concordant
cohort1_dragen,cohort1,DRAGEN,HG03579,HG00741,1,*1/*2,*1/*2,*1/*2,*2/*1,*1/*2,concordant
cohort1_dragen,cohort1,DRAGEN,HG03579,HG01071,1,*4/*41,*4/*41,*4/*41,*41/*4,*4/*41,concordant
cohort1_dragen,cohort1,DRAGEN,HG03579,HG01106,1,*4.028/*35,*4/*35,*4/*35,*35/*4,*4/*35,concordant
cohort1_dragen,cohort1,DRAGEN,HG03579,HG01109,1,*41/*106,*41/*106,*41/*106,*106/*41,*41/*106,concordant
cohort1_dragen,cohort1,DRAGEN,HG03579,HG01175,1,*41/*41,*41/*41,*41/*41,*41/*41,*41/*41,concordant
cohort1_dragen,cohort1,DRAGEN,HG03579,HG01243,1,*1/*5,*1/*5,*1/*5,*5/*1,*1/*5,concordant
cohort1_dragen,cohort1,DRAGEN,HG03579,HG01258,1,*2+*68/*68+*4,*2+*68/*68+*4,*2+*68/*4+*68,*2/*4+*68+*68,*2/*4+*68+*68,discordant
cohort1_dragen,cohort1,DRAGEN,HG03579,HG01358,1,*1/*1,*1/*1,*1/*1,*1/*1,*1/*1,concordant
cohort1_dragen,cohort1,DRAGEN,HG03579,HG01361,1,*1/*4.028,*1/*4,*1/*4,*1/*4,*1/*4,concordant
cohort1_dragen,cohort1,DRAGEN,HG03579,HG01891,1,*5/*29,*5/*29,*5/*29,*29/*5,*5/*29,concordant
cohort1_dragen,cohort1,DRAGEN,HG03579,HG01928,1,*1/*1,*1/*1,*1/*1,*1/*1,*1/*1,concordant
cohort1_dragen,cohort1,DRAGEN,HG03579,HG01952,1,*1/*4.028,*1/*4,*1/*4,*1/*4,*1/*4,concordant
cohort1_dragen,cohort1,DRAGEN,HG03579,HG01978,1,*1/*1,*1/*1,*1/*1,*1/*1,*1/*1,concordant
cohort1_dragen,cohort1,DRAGEN,HG03579,HG02055,1,*1/*1,*1/*1,*1/*1,*1/*1,*1/*1,concordant
cohort1_dragen,cohort1,DRAGEN,HG03579,HG02080,1,*2/*10,*2/*10,*2/*10,*10/*2,*2/*10,concordant
cohort1_dragen,cohort1,DRAGEN,HG03579,HG02109,1,*1/*45,*1/*45,*1/*45,*45/*1,*1/*45,concordant
cohort1_dragen,cohort1,DRAGEN,HG03579,HG02145,1,*5/*84,*5/*84,*5/*84,*5/*84,*5/*84,concordant
cohort1_dragen,cohort1,DRAGEN,HG03579,HG02148,1,*1/*2,*1/*2,*1/*2,*1/*2,*1/*2,concordant
cohort1_dragen,cohort1,DRAGEN,HG03579,HG02257,1,*2/*35,*2/*35,*2/*35,*35/*2,*2/*35,concordant
cohort1_dragen,cohort1,DRAGEN,HG03579,HG02572,1,*1/*152,*1/*152,*1/*152,*1/*152,*1/*152,concordant
cohort1_dragen,cohort1,DRAGEN,HG03579,HG02622,1,*17/*46,*17/*46,*17/*46,*46/*17,*17/*46,concordant
cohort1_dragen,cohort1,DRAGEN,HG03579,HG02630,1,*1/*46,*1/*46,*1/*46,*1/*46,*1/*46,concordant
cohort1_dragen,cohort1,DRAGEN,HG03579,HG02717,1,*1/*1,*1/*1,*1/*1,*1/*1,*1/*1,concordant
cohort1_dragen,cohort1,DRAGEN,HG03579,HG02723,1,*2/*17,*2/*17,*2/*17,*2/*17,*2/*17,concordant
cohort1_dragen,cohort1,DRAGEN,HG03579,HG02818,1,*1/*2,*1/*2,*1/*2,*2/*1,*1/*2,concordant
cohort1_dragen,cohort1,DRAGEN,HG03579,HG02886,1,*1/*4,*1/*4,*1/*4,*4/*1,*1/*4,concordant
cohort1_dragen,cohort1,DRAGEN,HG03579,HG03098,1,*2/*29,*2/*29,*2/*29,*2/*29,*2/*29,concordant
cohort1_dragen,cohort1,DRAGEN,HG03579,HG03453,1,*1/*29,*1/*29,*1/*29,*29/*1,*1/*29,concordant
cohort1_dragen,cohort1,DRAGEN,HG03579,HG03486,1,*1/*17,*1/*17,*1/*17,*1/*17,*1/*17,concordant
cohort1_dragen,cohort1,DRAGEN,HG03579,HG03492,1,*2/*41,*2/*41,*2/*41,*2/*41,*2/*41,concordant
cohort1_dragen,cohort1,DRAGEN,HG03579,HG03516,1,*2/*17,*2/*17,*2/*17,*17/*2,*2/*17,concordant
cohort1_dragen,cohort1,DRAGEN,HG03579,HG03540,1,*2+*2/*17,*2+*2/*17,*2+*2/*17,*17/*2+*2,*2+*2/*17,concordant
cohort1_dragen,cohort1,DRAGEN,HG03579,NA18906,1,*17/*125,*17/*125,*17/*125,*17/*125,*17/*125,concordant
cohort1_dragen,cohort1,DRAGEN,HG03579,NA19240,1,*15/*17,*15/*17,*15/*17,*17/*15,*15/*17,concordant
cohort1_dragen,cohort1,DRAGEN,HG03579,NA20129,1,*4C/*4C,*4/*4,*4/*4,*5/*4+*4,*4+*4/*5,discordant
cohort1_dragen,cohort1,DRAGEN,HG03579,NA21309,1,*5/*29,*5/*29,*5/*29,*29/*5,*5/*29,concordant
cohort1_dragen,cohort1,DRAGEN,HG03579,NA24385,1,*2/*4,*2/*4,*2/*4,*2/*4,*2/*4,concordant
cohort1_dragen,cohort1,DRAGEN,HG03579,NA24631,1,*36.ALDY+*10/*49,*36+*10/*49,*10+*36/*49,*49/*10+*36,*10+*36/*49,concordant
cohort1_dragen,cohort1,DRAGEN,NA18906,HG00438,1,*36.ALDY+*10/*36.ALDY+*71,*36+*10/*36+*71,*10+*36/*36+*71,*10+*36+*36/*71,*10+*36+*36/*71,discordant
cohort1_dragen,cohort1,DRAGEN,NA18906,HG00621,1,*5/*49,*5/*49,*5/*49,*5/*49,*5/*49,concordant
cohort1_dragen,cohort1,DRAGEN,NA18906,HG00673,1,*1/*10,*1/*10,*1/*10,*1/*10,*1/*10,concordant
cohort1_dragen,cohort1,DRAGEN,NA18906,HG00733,1,*41/*68+*4,*41/*68+*4,*4+*68/*41,*41/*4+*68,*4+*68/*41,concordant
cohort1_dragen,cohort1,DRAGEN,NA18906,HG00735,1,*1/*4,*1/*4,*1/*4,*4/*1,*1/*4,concordant
cohort1_dragen,cohort1,DRAGEN,NA18906,HG00741,1,*1/*2,*1/*2,*1/*2,*2/*1,*1/*2,concordant
cohort1_dragen,cohort1,DRAGEN,NA18906,HG01071,1,*4/*41,*4/*41,*4/*41,*41/*4,*4/*41,concordant
cohort1_dragen,cohort1,DRAGEN,NA18906,HG01106,1,*4.028/*35,*4/*35,*4/*35,*35/*4,*4/*35,concordant
cohort1_dragen,cohort1,DRAGEN,NA18906,HG01109,1,*41/*106,*41/*106,*41/*106,*106/*41,*41/*106,concordant
cohort1_dragen,cohort1,DRAGEN,NA18906,HG01175,1,*41/*41,*41/*41,*41/*41,*41/*41,*41/*41,concordant
cohort1_dragen,cohort1,DRAGEN,NA18906,HG01243,1,*1/*5,*1/*5,*1/*5,*5/*1,*1/*5,concordant
cohort1_dragen,cohort1,DRAGEN,NA18906,HG01258,1,*2+*68/*68+*4,*2+*68/*68+*4,*2+*68/*4+*68,*2/*4+*68+*68,*2/*4+*68+*68,discordant
cohort1_dragen,cohort1,DRAGEN,NA18906,HG01358,1,*1/*1,*1/*1,*1/*1,*1/*1,*1/*1,concordant
cohort1_dragen,cohort1,DRAGEN,NA18906,HG01361,1,*1/*4.028,*1/*4,*1/*4,*1/*4,*1/*4,concordant
cohort1_dragen,cohort1,DRAGEN,NA18906,HG01891,1,*5/*29,*5/*29,*5/*29,*29/*5,*5/*29,concordant
cohort1_dragen,cohort1,DRAGEN,NA18906,HG01928,1,*1/*1,*1/*1,*1/*1,*1/*1,*1/*1,concordant
cohort1_dragen,cohort1,DRAGEN,NA18906,HG01952,1,*1/*4.028,*1/*4,*1/*4,*1/*4,*1/*4,concordant
cohort1_dragen,cohort1,DRAGEN,NA18906,HG01978,1,*1/*1,*1/*1,*1/*1,*1/*1,*1/*1,concordant
cohort1_dragen,cohort1,DRAGEN,NA18906,HG02055,1,*1/*1,*1/*1,*1/*1,*1/*1,*1/*1,concordant
cohort1_dragen,cohort1,DRAGEN,NA18906,HG02080,1,*2/*10,*2/*10,*2/*10,*10/*2,*2/*10,concordant
cohort1_dragen,cohort1,DRAGEN,NA18906,HG02109,1,*1/*45,*1/*45,*1/*45,*45/*1,*1/*45,concordant
cohort1_dragen,cohort1,DRAGEN,NA18906,HG02145,1,*5/*84,*5/*84,*5/*84,*5/*84,*5/*84,concordant
cohort1_dragen,cohort1,DRAGEN,NA18906,HG02148,1,*1/*2,*1/*2,*1/*2,*1/*2,*1/*2,concordant
cohort1_dragen,cohort1,DRAGEN,NA18906,HG02257,1,*2/*35,*2/*35,*2/*35,*35/*2,*2/*35,concordant
cohort1_dragen,cohort1,DRAGEN,NA18906,HG02572,1,*1/*152,*1/*152,*1/*152,*1/*152,*1/*152,concordant
cohort1_dragen,cohort1,DRAGEN,NA18906,HG02622,1,*17/*46,*17/*46,*17/*46,*46/*17,*17/*46,concordant
cohort1_dragen,cohort1,DRAGEN,NA18906,HG02630,1,*1/*46,*1/*46,*1/*46,*1/*46,*1/*46,concordant
cohort1_dragen,cohort1,DRAGEN,NA18906,HG02717,1,*1/*1,*1/*1,*1/*1,*1/*1,*1/*1,concordant
cohort1_dragen,cohort1,DRAGEN,NA18906,HG02723,1,*2/*17,*2/*17,*2/*17,*2/*17,*2/*17,concordant
cohort1_dragen,cohort1,DRAGEN,NA18906,HG02818,1,*1/*2,*1/*2,*1/*2,*2/*1,*1/*2,concordant
cohort1_dragen,cohort1,DRAGEN,NA18906,HG02886,1,*1/*4,*1/*4,*1/*4,*4/*1,*1/*4,concordant
cohort1_dragen,cohort1,DRAGEN,NA18906,HG03098,1,*2/*29,*2/*29,*2/*29,*2/*29,*2/*29,concordant
cohort1_dragen,cohort1,DRAGEN,NA18906,HG03453,1,*1/*29,*1/*29,*1/*29,*29/*1,*1/*29,concordant
cohort1_dragen,cohort1,DRAGEN,NA18906,HG03486,1,*1/*17,*1/*17,*1/*17,*1/*17,*1/*17,concordant
cohort1_dragen,cohort1,DRAGEN,NA18906,HG03492,1,*2/*41,*2/*41,*2/*41,*2/*41,*2/*41,concordant
cohort1_dragen,cohort1,DRAGEN,NA18906,HG03516,1,*2/*17,*2/*17,*2/*17,*17/*2,*2/*17,concordant
cohort1_dragen,cohort1,DRAGEN,NA18906,HG03540,1,*2+*2/*17,*2+*2/*17,*2+*2/*17,*17/*2+*2,*2+*2/*17,concordant
cohort1_dragen,cohort1,DRAGEN,NA18906,HG03579,1,*1/*2,*1/*2,*1/*2,*2/*1,*1/*2,concordant
cohort1_dragen,cohort1,DRAGEN,NA18906,NA19240,1,*15/*17,*15/*17,*15/*17,*17/*15,*15/*17,concordant
cohort1_dragen,cohort1,DRAGEN,NA18906,NA20129,1,*4C/*4C,*4/*4,*4/*4,*5/*4+*4,*4+*4/*5,discordant
cohort1_dragen,cohort1,DRAGEN,NA18906,NA21309,1,*5/*29,*5/*29,*5/*29,*29/*5,*5/*29,concordant
cohort1_dragen,cohort1,DRAGEN,NA18906,NA24385,1,*2/*4,*2/*4,*2/*4,*2/*4,*2/*4,concordant
cohort1_dragen,cohort1,DRAGEN,NA18906,NA24631,1,*36.ALDY+*10/*49,*36+*10/*49,*10+*36/*49,*49/*10+*36,*10+*36/*49,concordant
cohort1_dragen,cohort1,DRAGEN,NA19240,HG00438,1,*36.ALDY+*10/*36.ALDY+*71,*36+*10/*36+*71,*10+*36/*36+*71,*10+*36+*36/*71,*10+*36+*36/*71,discordant
cohort1_dragen,cohort1,DRAGEN,NA19240,HG00621,1,*5/*49,*5/*49,*5/*49,*5/*49,*5/*49,concordant
cohort1_dragen,cohort1,DRAGEN,NA19240,HG00673,1,*1/*10,*1/*10,*1/*10,*1/*10,*1/*10,concordant
cohort1_dragen,cohort1,DRAGEN,NA19240,HG00733,1,*41/*68+*4,*41/*68+*4,*4+*68/*41,*41/*4+*68,*4+*68/*41,concordant
cohort1_dragen,cohort1,DRAGEN,NA19240,HG00735,1,*1/*4,*1/*4,*1/*4,*4/*1,*1/*4,concordant
cohort1_dragen,cohort1,DRAGEN,NA19240,HG00741,1,*1/*2,*1/*2,*1/*2,*2/*1,*1/*2,concordant
cohort1_dragen,cohort1,DRAGEN,NA19240,HG01071,1,*4/*41,*4/*41,*4/*41,*41/*4,*4/*41,concordant
cohort1_dragen,cohort1,DRAGEN,NA19240,HG01106,1,*4.028/*35,*4/*35,*4/*35,*35/*4,*4/*35,concordant
cohort1_dragen,cohort1,DRAGEN,NA19240,HG01109,1,*41/*106,*41/*106,*41/*106,*106/*41,*41/*106,concordant
cohort1_dragen,cohort1,DRAGEN,NA19240,HG01175,1,*41/*41,*41/*41,*41/*41,*41/*41,*41/*41,concordant
cohort1_dragen,cohort1,DRAGEN,NA19240,HG01243,1,*1/*5,*1/*5,*1/*5,*5/*1,*1/*5,concordant
cohort1_dragen,cohort1,DRAGEN,NA19240,HG01258,1,*2+*68/*68+*4,*2+*68/*68+*4,*2+*68/*4+*68,*2/*4+*68+*68,*2/*4+*68+*68,discordant
cohort1_dragen,cohort1,DRAGEN,NA19240,HG01358,1,*1/*1,*1/*1,*1/*1,*1/*1,*1/*1,concordant
cohort1_dragen,cohort1,DRAGEN,NA19240,HG01361,1,*1/*4.028,*1/*4,*1/*4,*1/*4,*1/*4,concordant
cohort1_dragen,cohort1,DRAGEN,NA19240,HG01891,1,*5/*29,*5/*29,*5/*29,*29/*5,*5/*29,concordant
cohort1_dragen,cohort1,DRAGEN,NA19240,HG01928,1,*1/*1,*1/*1,*1/*1,*1/*1,*1/*1,concordant
cohort1_dragen,cohort1,DRAGEN,NA19240,HG01952,1,*1/*4.028,*1/*4,*1/*4,*1/*4,*1/*4,concordant
cohort1_dragen,cohort1,DRAGEN,NA19240,HG01978,1,*1/*1,*1/*1,*1/*1,*1/*1,*1/*1,concordant
cohort1_dragen,cohort1,DRAGEN,NA19240,HG02055,1,*1/*1,*1/*1,*1/*1,*1/*1,*1/*1,concordant
cohort1_dragen,cohort1,DRAGEN,NA19240,HG02080,1,*2/*10,*2/*10,*2/*10,*10/*2,*2/*10,concordant
cohort1_dragen,cohort1,DRAGEN,NA19240,HG02109,1,*1/*45,*1/*45,*1/*45,*45/*1,*1/*45,concordant
cohort1_dragen,cohort1,DRAGEN,NA19240,HG02145,1,*5/*84,*5/*84,*5/*84,*5/*84,*5/*84,concordant
cohort1_dragen,cohort1,DRAGEN,NA19240,HG02148,1,*1/*2,*1/*2,*1/*2,*1/*2,*1/*2,concordant
cohort1_dragen,cohort1,DRAGEN,NA19240,HG02257,1,*2/*35,*2/*35,*2/*35,*35/*2,*2/*35,concordant
cohort1_dragen,cohort1,DRAGEN,NA19240,HG02572,1,*1/*152,*1/*152,*1/*152,*1/*152,*1/*152,concordant
cohort1_dragen,cohort1,DRAGEN,NA19240,HG02622,1,*17/*46,*17/*46,*17/*46,*46/*17,*17/*46,concordant
cohort1_dragen,cohort1,DRAGEN,NA19240,HG02630,1,*1/*46,*1/*46,*1/*46,*1/*46,*1/*46,concordant
cohort1_dragen,cohort1,DRAGEN,NA19240,HG02717,1,*1/*1,*1/*1,*1/*1,*1/*1,*1/*1,concordant
cohort1_dragen,cohort1,DRAGEN,NA19240,HG02723,1,*2/*17,*2/*17,*2/*17,*2/*17,*2/*17,concordant
cohort1_dragen,cohort1,DRAGEN,NA19240,HG02818,1,*1/*2,*1/*2,*1/*2,*2/*1,*1/*2,concordant
cohort1_dragen,cohort1,DRAGEN,NA19240,HG02886,1,*1/*4,*1/*4,*1/*4,*4/*1,*1/*4,concordant
cohort1_dragen,cohort1,DRAGEN,NA19240,HG03098,1,*2/*29,*2/*29,*2/*29,*2/*29,*2/*29,concordant
cohort1_dragen,cohort1,DRAGEN,NA19240,HG03453,1,*1/*29,*1/*29,*1/*29,*29/*1,*1/*29,concordant
cohort1_dragen,cohort1,DRAGEN,NA19240,HG03486,1,*1/*17,*1/*17,*1/*17,*1/*17,*1/*17,concordant
cohort1_dragen,cohort1,DRAGEN,NA19240,HG03492,1,*2/*41,*2/*41,*2/*41,*2/*41,*2/*41,concordant
cohort1_dragen,cohort1,DRAGEN,NA19240,HG03516,1,*2/*17,*2/*17,*2/*17,*17/*2,*2/*17,concordant
cohort1_dragen,cohort1,DRAGEN,NA19240,HG03540,1,*2+*2/*17,*2+*2/*17,*2+*2/*17,*17/*2+*2,*2+*2/*17,concordant
cohort1_dragen,cohort1,DRAGEN,NA19240,HG03579,1,*1/*2,*1/*2,*1/*2,*2/*1,*1/*2,concordant
cohort1_dragen,cohort1,DRAGEN,NA19240,NA18906,1,*17/*125,*17/*125,*17/*125,*17/*125,*17/*125,concordant
cohort1_dragen,cohort1,DRAGEN,NA19240,NA20129,1,*4C/*4C,*4/*4,*4/*4,*5/*4+*4,*4+*4/*5,discordant
cohort1_dragen,cohort1,DRAGEN,NA19240,NA21309,1,*5/*29,*5/*29,*5/*29,*29/*5,*5/*29,concordant
cohort1_dragen,cohort1,DRAGEN,NA19240,NA24385,1,*2/*4,*2/*4,*2/*4,*2/*4,*2/*4,concordant
cohort1_dragen,cohort1,DRAGEN,NA19240,NA24631,1,*36.ALDY+*10/*49,*36+*10/*49,*10+*36/*49,*49/*10+*36,*10+*36/*49,concordant
cohort1_dragen,cohort1,DRAGEN,NA24385,HG00438,1,*36.ALDY+*10/*36.ALDY+*71,*36+*10/*36+*71,*10+*36/*36+*71,*10+*36+*36/*71,*10+*36+*36/*71,discordant
cohort1_dragen,cohort1,DRAGEN,NA24385,HG00621,1,*5/*49,*5/*49,*5/*49,*5/*49,*5/*49,concordant
cohort1_dragen,cohort1,DRAGEN,NA24385,HG00673,1,*1/*10,*1/*10,*1/*10,*1/*10,*1/*10,concordant
cohort1_dragen,cohort1,DRAGEN,NA24385,HG00733,1,*41/*68+*4,*41/*68+*4,*4+*68/*41,*41/*4+*68,*4+*68/*41,concordant
cohort1_dragen,cohort1,DRAGEN,NA24385,HG00735,1,*1/*4,*1/*4,*1/*4,*4/*1,*1/*4,concordant
cohort1_dragen,cohort1,DRAGEN,NA24385,HG00741,1,*1/*2,*1/*2,*1/*2,*2/*1,*1/*2,concordant
cohort1_dragen,cohort1,DRAGEN,NA24385,HG01071,1,*4/*41,*4/*41,*4/*41,*41/*4,*4/*41,concordant
cohort1_dragen,cohort1,DRAGEN,NA24385,HG01106,1,*4.028/*35,*4/*35,*4/*35,*35/*4,*4/*35,concordant
cohort1_dragen,cohort1,DRAGEN,NA24385,HG01109,1,*41/*106,*41/*106,*41/*106,*106/*41,*41/*106,concordant
cohort1_dragen,cohort1,DRAGEN,NA24385,HG01175,1,*41/*41,*41/*41,*41/*41,*41/*41,*41/*41,concordant
cohort1_dragen,cohort1,DRAGEN,NA24385,HG01243,1,*1/*5,*1/*5,*1/*5,*5/*1,*1/*5,concordant
cohort1_dragen,cohort1,DRAGEN,NA24385,HG01258,1,*2/*68+*4,*2/*68+*4,*2/*4+*68,*2/*4+*68+*68,*2/*4+*68+*68,discordant
cohort1_dragen,cohort1,DRAGEN,NA24385,HG01358,1,*1/*1,*1/*1,*1/*1,*1/*1,*1/*1,concordant
cohort1_dragen,cohort1,DRAGEN,NA24385,HG01361,1,*1/*4.028,*1/*4,*1/*4,*1/*4,*1/*4,concordant
cohort1_dragen,cohort1,DRAGEN,NA24385,HG01891,1,*5/*29,*5/*29,*5/*29,*29/*5,*5/*29,concordant
cohort1_dragen,cohort1,DRAGEN,NA24385,HG01928,1,*1/*1,*1/*1,*1/*1,*1/*1,*1/*1,concordant
cohort1_dragen,cohort1,DRAGEN,NA24385,HG01952,1,*1/*4.028,*1/*4,*1/*4,*1/*4,*1/*4,concordant
cohort1_dragen,cohort1,DRAGEN,NA24385,HG01978,1,*1/*1,*1/*1,*1/*1,*1/*1,*1/*1,concordant
cohort1_dragen,cohort1,DRAGEN,NA24385,HG02055,1,*1/*1,*1/*1,*1/*1,*1/*1,*1/*1,concordant
cohort1_dragen,cohort1,DRAGEN,NA24385,HG02080,1,*2/*10,*2/*10,*2/*10,*10/*2,*2/*10,concordant
cohort1_dragen,cohort1,DRAGEN,NA24385,HG02109,1,*1/*45,*1/*45,*1/*45,*45/*1,*1/*45,concordant
cohort1_dragen,cohort1,DRAGEN,NA24385,HG02145,1,*5/*84,*5/*84,*5/*84,*5/*84,*5/*84,concordant
cohort1_dragen,cohort1,DRAGEN,NA24385,HG02148,1,*1/*2,*1/*2,*1/*2,*1/*2,*1/*2,concordant
cohort1_dragen,cohort1,DRAGEN,NA24385,HG02257,1,*2/*35,*2/*35,*2/*35,*35/*2,*2/*35,concordant
cohort1_dragen,cohort1,DRAGEN,NA24385,HG02572,1,*1/*152,*1/*152,*1/*152,*1/*152,*1/*152,concordant
cohort1_dragen,cohort1,DRAGEN,NA24385,HG02622,1,*17/*46,*17/*46,*17/*46,*46/*17,*17/*46,concordant
cohort1_dragen,cohort1,DRAGEN,NA24385,HG02630,1,*1/*46,*1/*46,*1/*46,*1/*46,*1/*46,concordant
cohort1_dragen,cohort1,DRAGEN,NA24385,HG02717,1,*1/*1,*1/*1,*1/*1,*1/*1,*1/*1,concordant
cohort1_dragen,cohort1,DRAGEN,NA24385,HG02723,1,*2/*17,*2/*17,*2/*17,*2/*17,*2/*17,concordant
cohort1_dragen,cohort1,DRAGEN,NA24385,HG02818,1,*1/*2,*1/*2,*1/*2,*2/*1,*1/*2,concordant
cohort1_dragen,cohort1,DRAGEN,NA24385,HG02886,1,*1/*4,*1/*4,*1/*4,*4/*1,*1/*4,concordant
cohort1_dragen,cohort1,DRAGEN,NA24385,HG03098,1,*2/*29,*2/*29,*2/*29,*2/*29,*2/*29,concordant
cohort1_dragen,cohort1,DRAGEN,NA24385,HG03453,1,*1/*29,*1/*29,*1/*29,*29/*1,*1/*29,concordant
cohort1_dragen,cohort1,DRAGEN,NA24385,HG03486,1,*1/*17,*1/*17,*1/*17,*1/*17,*1/*17,concordant
cohort1_dragen,cohort1,DRAGEN,NA24385,HG03492,1,*2/*41,*2/*41,*2/*41,*2/*41,*2/*41,concordant
cohort1_dragen,cohort1,DRAGEN,NA24385,HG03516,1,*2/*17,*2/*17,*2/*17,*17/*2,*2/*17,concordant
cohort1_dragen,cohort1,DRAGEN,NA24385,HG03540,1,*2+*2/*17,*2+*2/*17,*2+*2/*17,*17/*2+*2,*2+*2/*17,concordant
cohort1_dragen,cohort1,DRAGEN,NA24385,HG03579,1,*1/*2,*1/*2,*1/*2,*2/*1,*1/*2,concordant
cohort1_dragen,cohort1,DRAGEN,NA24385,NA18906,1,*17/*125,*17/*125,*17/*125,*17/*125,*17/*125,concordant
cohort1_dragen,cohort1,DRAGEN,NA24385,NA19240,1,*15/*17,*15/*17,*15/*17,*17/*15,*15/*17,concordant
cohort1_dragen,cohort1,DRAGEN,NA24385,NA20129,1,*4C/*4C,*4/*4,*4/*4,*5/*4+*4,*4+*4/*5,discordant
cohort1_dragen,cohort1,DRAGEN,NA24385,NA21309,1,*5/*29,*5/*29,*5/*29,*29/*5,*5/*29,concordant
cohort1_dragen,cohort1,DRAGEN,NA24385,NA24631,1,*36.ALDY+*10/*49,*36+*10/*49,*10+*36/*49,*49/*10+*36,*10+*36/*49,concordant
cohort2_dragen,cohort2,DRAGEN,HG00133,HG00099,1,*1/*5,*1/*5,*1/*5,*1/*5,*1/*5,concordant
cohort2_dragen,cohort2,DRAGEN,HG00133,HG00232,1,*1+rs769258/*35,*1/*35,*1/*35,*1/*35,*1/*35,concordant
cohort2_dragen,cohort2,DRAGEN,HG00133,HG00253,1,*1/*1,*1/*1,*1/*1,*1/*1,*1/*1,concordant
cohort2_dragen,cohort2,DRAGEN,HG00133,HG00280,1,*2/*41,*2/*41,*2/*41,*2/*41,*2/*41,concordant
cohort2_dragen,cohort2,DRAGEN,HG00133,HG00320,1,*2/*2+*2,*2/*2+*2,*2/*2+*2,*2+*2/*2,*2/*2+*2,concordant
cohort2_dragen,cohort2,DRAGEN,HG00133,HG00350,1,*1/*1,*1/*1,*1/*1,*1/*1,*1/*1,concordant
cohort2_dragen,cohort2,DRAGEN,HG00133,HG00408,1,*10/*36.ALDY+*10,*10/*36+*10,*10/*10+*36,*10+*36/*10,*10/*10+*36,concordant
cohort2_dragen,cohort2,DRAGEN,HG00133,HG00423,1,*10/*10+*10,*10/*10+*10,*10/*10+*10,*10/*10+*10,*10/*10+*10,concordant
cohort2_dragen,cohort2,DRAGEN,HG00133,HG00544,1,*1/*36.ALDY+*10,*1/*36+*10,*1/*10+*36,*1/*10+*36,*1/*10+*36,concordant
cohort2_dragen,cohort2,DRAGEN,HG00133,HG00558,1,*1/*36.ALDY+*10,*1/*36+*10,*1/*10+*36,*10+*36/*1,*1/*10+*36,concordant
cohort2_dragen,cohort2,DRAGEN,HG00133,HG00597,1,*10+*49/*36.ALDY+*10+*83.ALDY,*10+*49/*36+*10+*83,*10+*36+*83/*10+*49,*49/*10+*36+*36+*83,*10+*36+*36+*83/*49,discordant
cohort2_dragen,cohort2,DRAGEN,HG00133,HG00609,1,*36.ALDY+*10+rs1135822/*49,*36+*10/*49,*10+*36/*49,*10+*36/*49,*10+*36/*49,concordant
cohort2_dragen,cohort2,DRAGEN,HG00133,HG00639,1,*1/*1,*1/*1,*1/*1,*1/*1,*1/*1,concordant
cohort2_dragen,cohort2,DRAGEN,HG00133,HG00658,1,*10+*36.ALDY+*10/*36.ALDY+*10,*10+*36+*10/*36+*10,*10+*10+*36/*10+*36,*10+*36/*10+*36+*36,*10+*36/*10+*36+*36,discordant
cohort2_dragen,cohort2,DRAGEN,HG00133,HG01123,1,*1/*2,*1/*2,*1/*2,*2/*1,*1/*2,concordant
cohort2_dragen,cohort2,DRAGEN,HG00133,HG01167,1,*1/*41,*1/*41,*1/*41,*41/*1,*1/*41,concordant
cohort2_dragen,cohort2,DRAGEN,HG00133,HG01192,1,*5/*41,*5/*41,*5/*41,*41/*5,*5/*41,concordant
cohort2_dragen,cohort2,DRAGEN,HG00133,HG01261,1,*1/*5,*1/*5,*1/*5,*1/*5,*1/*5,concordant
cohort2_dragen,cohort2,DRAGEN,HG00133,HG01496,1,*2/*43+*43,*2/*43+*43,*2/*43+*43,*2/*43+*43,*2/*43+*43,concordant
cohort2_dragen,cohort2,DRAGEN,HG00133,HG01530,1,*2/*10,*2/*10,*2/*10,*2/*10,*2/*10,concordant
cohort2_dragen,cohort2,DRAGEN,HG00133,HG01784,1,*1/*68+*4,*1/*68+*4,*1/*4+*68,*4+*68/*1,*1/*4+*68,concordant
cohort2_dragen,cohort2,DRAGEN,HG00133,HG01884,1,*1/*2,*1/*2,*1/*2,*1/*2,*1/*2,concordant
cohort2_dragen,cohort2,DRAGEN,HG00133,HG01940,1,*1/*1,*1/*1,*1/*1,*1/*1,*1/*1,concordant
cohort2_dragen,cohort2,DRAGEN,HG00133,HG01969,1,*1/*2,*1/*2,*1/*2,*1/*2,*1/*2,concordant
cohort2_dragen,cohort2,DRAGEN,HG00133,HG01975,1,*1/*1,*1/*1,*1/*1,*1/*1,*1/*1,concordant
cohort2_dragen,cohort2,DRAGEN,HG00133,HG02015,1,*10/*36.ALDY+*10,*10/*36+*10,*10/*10+*36,*10/*10+*36,*10/*10+*36,concordant
cohort2_dragen,cohort2,DRAGEN,HG00133,HG02027,1,*14/*36.ALDY+*10,*14/*36+*10,*10+*36/*14,*10+*36/*14,*10+*36/*14,concordant
cohort2_dragen,cohort2,DRAGEN,HG00133,HG02040,1,*36.ALDY+*10/*36.ALDY+*10,*36+*10/*36+*10,*10+*36/*10+*36,*10+*36/*10+*36,*10+*36/*10+*36,concordant
cohort2_dragen,cohort2,DRAGEN,HG00133,HG02056,1,*36.ALDY+*10/*36.ALDY+*10,*36+*10/*36+*10,*10+*36/*10+*36,*10+*36/*10+*36,*10+*36/*10+*36,concordant
cohort2_dragen,cohort2,DRAGEN,HG00133,HG02071,1,*2/*36.ALDY+*10,*2/*36+*10,*2/*10+*36,*10+*36/*2,*2/*10+*36,concordant
cohort2_dragen,cohort2,DRAGEN,HG00133,HG02074,1,*36.ALDY+*10/*36.ALDY+*10,*36+*10/*36+*10,*10+*36/*10+*36,*10+*36/*10+*36,*10+*36/*10+*36,concordant
cohort2_dragen,cohort2,DRAGEN,HG00133,HG02083,1,*10+*36.ALDY+*10/*36.ALDY+*10,*10+*36+*10/*36+*10,*10+*10+*36/*10+*36,*10+*36+*36/*10+*36,*10+*36/*10+*36+*36,discordant
cohort2_dragen,cohort2,DRAGEN,HG00133,HG02129,1,*1/*36.ALDY+*10,*1/*36+*10,*1/*10+*36,*1/*10+*36,*1/*10+*36,concordant
cohort2_dragen,cohort2,DRAGEN,HG00133,HG02132,1,*36.ALDY+*10/*36.ALDY+*10,*36+*10/*36+*10,*10+*36/*10+*36,*10+*36/*10+*36,*10+*36/*10+*36,concordant
cohort2_dragen,cohort2,DRAGEN,HG00133,HG02135,1,*36.ALDY+*10/*36.ALDY+*10,*36+*10/*36+*10,*10+*36/*10+*36,*10+*36/*10+*36,*10+*36/*10+*36,concordant
cohort2_dragen,cohort2,DRAGEN,HG00133,HG02155,1,*10+*36.ALDY+*10/*36.ALDY+*10,*10+*36+*10/*36+*10,*10+*10+*36/*10+*36,*10+*36/*10+*36+*36,*10+*36/*10+*36+*36,discordant
cohort2_dragen,cohort2,DRAGEN,HG00133,HG02178,1,*1+*36.ALDY/*36.ALDY+*10,*1+*36/*36+*10,*1+*36/*10+*36,*10+*36+*36/*1,*1/*10+*36+*36,discordant
cohort2_dragen,cohort2,DRAGEN,HG00133,HG02258,1,*1/*17+*17,*1/*17+*17,*1/*17+*17,*17+*17/*1,*1/*17+*17,concordant
cohort2_dragen,cohort2,DRAGEN,HG00133,HG02300,1,*2/*5,*2/*5,*2/*5,*2/*5,*2/*5,concordant
cohort2_dragen,cohort2,DRAGEN,HG00133,HG02486,1,*2/*29,*2/*29,*2/*29,*2/*29,*2/*29,concordant
cohort2_dragen,cohort2,DRAGEN,HG00133,HG02523,1,*1/*5,*1/*5,*1/*5,*5/*1,*1/*5,concordant
cohort2_dragen,cohort2,DRAGEN,HG00133,HG02559,1,*2/*27,*2/*27,*2/*27,*27/*2,*2/*27,concordant
cohort2_dragen,cohort2,DRAGEN,HG00133,HG02602,1,*2/*5,*2/*5,*2/*5,*2/*5,*2/*5,concordant
cohort2_dragen,cohort2,DRAGEN,HG00133,HG02647,1,*4C+*4C/*17,*4+*4/*17,*4+*4/*17,*4+*4/*17,*4+*4/*17,concordant
cohort2_dragen,cohort2,DRAGEN,HG00133,HG02965,1,*4C+*4C/*17,*4+*4/*17,*4+*4/*17,*17/*4+*4,*4+*4/*17,concordant
cohort2_dragen,cohort2,DRAGEN,HG00133,HG03017,1,*1/*2,*1/*2,*1/*2,*1/*2,*1/*2,concordant
cohort2_dragen,cohort2,DRAGEN,HG00133,HG03139,1,*2+*2/*17,*2+*2/*17,*2+*2/*17,*17/*2+*2,*2+*2/*17,concordant
cohort2_dragen,cohort2,DRAGEN,HG00133,HG03225,1,*5/*56B,*5/*56,*5/*56,*56/*5,*5/*56,concordant
cohort2_dragen,cohort2,DRAGEN,HG00133,HG03239,1,*1/*5,*1/*5,*1/*5,*5/*1,*1/*5,concordant
cohort2_dragen,cohort2,DRAGEN,HG00133,HG03471,1,*29/*162,*29/*162,*29/*162,*162/*29,*29/*162,concordant
cohort2_dragen,cohort2,DRAGEN,HG00133,HG03654,1,*2/*2,*2/*2,*2/*2,*2/*2,*2/*2,concordant
cohort2_dragen,cohort2,DRAGEN,HG00133,HG03834,1,*1+*1/*4,*1+*1/*4,*1+*1/*4,*1+*1/*4,*1+*1/*4,concordant
cohort2_dragen,cohort2,DRAGEN,HG00133,HG04184,1,*10/*41,*10/*41,*10/*41,*10/*41,*10/*41,concordant
cohort2_dragen,cohort2,DRAGEN,HG00133,HG04228,1,*1/*43,*1/*43,*1/*43,*43/*1,*1/*43,concordant
cohort2_dragen,cohort2,DRAGEN,HG00133,HG06807,1,*2/*4C+*4C,*2/*4+*4,*2/*4+*4,*2/*4+*4,*2/*4+*4,concordant
cohort2_dragen,cohort2,DRAGEN,HG00133,NA18522,1,*1/*106,*1/*106,*1/*106,*106/*1,*1/*106,concordant
cohort2_dragen,cohort2,DRAGEN,HG00133,NA18565,1,*10/*36.ALDY+*10,*10/*36+*10,*10/*10+*36,*10+*36/*36,*10+*36/*36,discordant
cohort2_dragen,cohort2,DRAGEN,HG00133,NA18747,1,*1/*36.ALDY+*10,*1/*36+*10,*1/*10+*36,*1/*10+*36,*1/*10+*36,concordant
cohort2_dragen,cohort2,DRAGEN,HG00133,NA18952,1,*2/*2,*2/*2,*2/*2,*2/*2,*2/*2,concordant
cohort2_dragen,cohort2,DRAGEN,HG00133,NA18974,1,*2/*5,*2/*5,*2/*5,*2/*5,*2/*5,concordant
cohort2_dragen,cohort2,DRAGEN,HG00133,NA18976,1,*1/*36.ALDY+*10,*1/*36+*10,*1/*10+*36,*10+*36/*1,*1/*10+*36,concordant
cohort2_dragen,cohort2,DRAGEN,HG00133,NA18983,1,*1/*1,*1/*1,*1/*1,*1/*1,*1/*1,concordant
cohort2_dragen,cohort2,DRAGEN,HG00133,NA19043,1,*1/*1,*1/*1,*1/*1,*1/*1,*1/*1,concordant
cohort2_dragen,cohort2,DRAGEN,HG00133,NA19087,1,*1/*5,*1/*5,*1/*5,*5/*1,*1/*5,concordant
cohort2_dragen,cohort2,DRAGEN,HG00133,NA19776,1,*1/*36.ALDY+*10,*1/*36+*10,*1/*10+*36,*1/*10+*36,*1/*10+*36,concordant
cohort2_dragen,cohort2,DRAGEN,HG00133,NA19909,1,*1/*4C+*4C,*1/*4+*4,*1/*4+*4,*4+*4/*1,*1/*4+*4,concordant
cohort2_dragen,cohort2,DRAGEN,HG00133,NA20282,1,*2/*4,*2/*4,*2/*4,*2/*4,*2/*4,concordant
cohort2_dragen,cohort2,DRAGEN,HG00133,NA20752,1,*1/*4,*1/*4,*1/*4,*1/*4,*1/*4,concordant
cohort2_dragen,cohort2,DRAGEN,HG00133,NA20805,1,*35/*68+*4,*35/*68+*4,*4+*68/*35,*35/*4+*68,*4+*68/*35,concordant
cohort2_dragen,cohort2,DRAGEN,HG00133,NA20905,1,*1/*1,*1/*1,*1/*1,*1/*1,*1/*1,concordant
cohort2_dragen,cohort2,DRAGEN,HG00133,NA21102,1,*1/*1,*1/*1,*1/*1,*1/*1,*1/*1,concordant
cohort2_dragen,cohort2,DRAGEN,HG00232,HG00099,1,*1/*5,*1/*5,*1/*5,*1/*5,*1/*5,concordant
cohort2_dragen,cohort2,DRAGEN,HG00232,HG00133,1,*1/*1,*1/*1,*1/*1,*1/*1,*1/*1,concordant
cohort2_dragen,cohort2,DRAGEN,HG00232,HG00253,1,*1/*1,*1/*1,*1/*1,*1/*1,*1/*1,concordant
cohort2_dragen,cohort2,DRAGEN,HG00232,HG00280,1,*2/*41,*2/*41,*2/*41,*2/*41,*2/*41,concordant
cohort2_dragen,cohort2,DRAGEN,HG00232,HG00320,1,*2/*2+*2,*2/*2+*2,*2/*2+*2,*2+*2/*2,*2/*2+*2,concordant
cohort2_dragen,cohort2,DRAGEN,HG00232,HG00350,1,*1/*1,*1/*1,*1/*1,*1/*1,*1/*1,concordant
cohort2_dragen,cohort2,DRAGEN,HG00232,HG00408,1,*10/*36.ALDY+*10,*10/*36+*10,*10/*10+*36,*10+*36/*10,*10/*10+*36,concordant
cohort2_dragen,cohort2,DRAGEN,HG00232,HG00423,1,*10/*10+*10,*10/*10+*10,*10/*10+*10,*10/*10+*10,*10/*10+*10,concordant
cohort2_dragen,cohort2,DRAGEN,HG00232,HG00544,1,*1/*36.ALDY+*10,*1/*36+*10,*1/*10+*36,*1/*10+*36,*1/*10+*36,concordant
cohort2_dragen,cohort2,DRAGEN,HG00232,HG00558,1,*1/*36.ALDY+*10,*1/*36+*10,*1/*10+*36,*10+*36/*1,*1/*10+*36,concordant
cohort2_dragen,cohort2,DRAGEN,HG00232,HG00597,1,*10+*49/*36.ALDY+*10+*83.ALDY,*10+*49/*36+*10+*83,*10+*36+*83/*10+*49,*49/*10+*36+*36+*83,*10+*36+*36+*83/*49,discordant
cohort2_dragen,cohort2,DRAGEN,HG00232,HG00609,1,*36.ALDY+*10+rs1135822/*49,*36+*10/*49,*10+*36/*49,*10+*36/*49,*10+*36/*49,concordant
cohort2_dragen,cohort2,DRAGEN,HG00232,HG00639,1,*1/*1,*1/*1,*1/*1,*1/*1,*1/*1,concordant
cohort2_dragen,cohort2,DRAGEN,HG00232,HG00658,1,*10+*36.ALDY+*10/*36.ALDY+*10,*10+*36+*10/*36+*10,*10+*10+*36/*10+*36,*10+*36/*10+*36+*36,*10+*36/*10+*36+*36,discordant
cohort2_dragen,cohort2,DRAGEN,HG00232,HG01123,1,*1/*2,*1/*2,*1/*2,*2/*1,*1/*2,concordant
cohort2_dragen,cohort2,DRAGEN,HG00232,HG01167,1,*1/*41,*1/*41,*1/*41,*41/*1,*1/*41,concordant
cohort2_dragen,cohort2,DRAGEN,HG00232,HG01192,1,*5/*41,*5/*41,*5/*41,*41/*5,*5/*41,concordant
cohort2_dragen,cohort2,DRAGEN,HG00232,HG01261,1,*1/*5,*1/*5,*1/*5,*1/*5,*1/*5,concordant
cohort2_dragen,cohort2,DRAGEN,HG00232,HG01496,1,*2/*43+*43,*2/*43+*43,*2/*43+*43,*2/*43+*43,*2/*43+*43,concordant
cohort2_dragen,cohort2,DRAGEN,HG00232,HG01530,1,*2/*10,*2/*10,*2/*10,*2/*10,*2/*10,concordant
cohort2_dragen,cohort2,DRAGEN,HG00232,HG01784,1,*1/*68+*4,*1/*68+*4,*1/*4+*68,*4+*68/*1,*1/*4+*68,concordant
cohort2_dragen,cohort2,DRAGEN,HG00232,HG01884,1,*1/*2,*1/*2,*1/*2,*1/*2,*1/*2,concordant
cohort2_dragen,cohort2,DRAGEN,HG00232,HG01940,1,*1/*1,*1/*1,*1/*1,*1/*1,*1/*1,concordant
cohort2_dragen,cohort2,DRAGEN,HG00232,HG01969,1,*1/*2,*1/*2,*1/*2,*1/*2,*1/*2,concordant
cohort2_dragen,cohort2,DRAGEN,HG00232,HG01975,1,*1/*1,*1/*1,*1/*1,*1/*1,*1/*1,concordant
cohort2_dragen,cohort2,DRAGEN,HG00232,HG02015,1,*10/*36.ALDY+*10,*10/*36+*10,*10/*10+*36,*10/*10+*36,*10/*10+*36,concordant
cohort2_dragen,cohort2,DRAGEN,HG00232,HG02027,1,*14/*36.ALDY+*10,*14/*36+*10,*10+*36/*14,*10+*36/*14,*10+*36/*14,concordant
cohort2_dragen,cohort2,DRAGEN,HG00232,HG02040,1,*36.ALDY+*10/*36.ALDY+*10,*36+*10/*36+*10,*10+*36/*10+*36,*10+*36/*10+*36,*10+*36/*10+*36,concordant
cohort2_dragen,cohort2,DRAGEN,HG00232,HG02056,1,*36.ALDY+*10/*36.ALDY+*10,*36+*10/*36+*10,*10+*36/*10+*36,*10+*36/*10+*36,*10+*36/*10+*36,concordant
cohort2_dragen,cohort2,DRAGEN,HG00232,HG02071,1,*2/*36.ALDY+*10,*2/*36+*10,*2/*10+*36,*10+*36/*2,*2/*10+*36,concordant
cohort2_dragen,cohort2,DRAGEN,HG00232,HG02074,1,*36.ALDY+*10/*36.ALDY+*10,*36+*10/*36+*10,*10+*36/*10+*36,*10+*36/*10+*36,*10+*36/*10+*36,concordant
cohort2_dragen,cohort2,DRAGEN,HG00232,HG02083,1,*10+*36.ALDY+*10/*36.ALDY+*10,*10+*36+*10/*36+*10,*10+*10+*36/*10+*36,*10+*36+*36/*10+*36,*10+*36/*10+*36+*36,discordant
cohort2_dragen,cohort2,DRAGEN,HG00232,HG02129,1,*1/*36.ALDY+*10,*1/*36+*10,*1/*10+*36,*1/*10+*36,*1/*10+*36,concordant
cohort2_dragen,cohort2,DRAGEN,HG00232,HG02132,1,*36.ALDY+*10/*36.ALDY+*10,*36+*10/*36+*10,*10+*36/*10+*36,*10+*36/*10+*36,*10+*36/*10+*36,concordant
cohort2_dragen,cohort2,DRAGEN,HG00232,HG02135,1,*36.ALDY+*10/*36.ALDY+*10,*36+*10/*36+*10,*10+*36/*10+*36,*10+*36/*10+*36,*10+*36/*10+*36,concordant
cohort2_dragen,cohort2,DRAGEN,HG00232,HG02155,1,*10+*36.ALDY+*10/*36.ALDY+*10,*10+*36+*10/*36+*10,*10+*10+*36/*10+*36,*10+*36/*10+*36+*36,*10+*36/*10+*36+*36,discordant
cohort2_dragen,cohort2,DRAGEN,HG00232,HG02178,1,*1+*36.ALDY/*36.ALDY+*10,*1+*36/*36+*10,*1+*36/*10+*36,*10+*36+*36/*1,*1/*10+*36+*36,discordant
cohort2_dragen,cohort2,DRAGEN,HG00232,HG02258,1,*1/*17+*17,*1/*17+*17,*1/*17+*17,*17+*17/*1,*1/*17+*17,concordant
cohort2_dragen,cohort2,DRAGEN,HG00232,HG02300,1,*2/*5,*2/*5,*2/*5,*2/*5,*2/*5,concordant
cohort2_dragen,cohort2,DRAGEN,HG00232,HG02486,1,*2/*29,*2/*29,*2/*29,*2/*29,*2/*29,concordant
cohort2_dragen,cohort2,DRAGEN,HG00232,HG02523,1,*1/*5,*1/*5,*1/*5,*5/*1,*1/*5,concordant
cohort2_dragen,cohort2,DRAGEN,HG00232,HG02559,1,*2/*27,*2/*27,*2/*27,*27/*2,*2/*27,concordant
cohort2_dragen,cohort2,DRAGEN,HG00232,HG02602,1,*2/*5,*2/*5,*2/*5,*2/*5,*2/*5,concordant
cohort2_dragen,cohort2,DRAGEN,HG00232,HG02647,1,*4C+*4C/*17,*4+*4/*17,*4+*4/*17,*4+*4/*17,*4+*4/*17,concordant
cohort2_dragen,cohort2,DRAGEN,HG00232,HG02965,1,*4C+*4C/*17,*4+*4/*17,*4+*4/*17,*17/*4+*4,*4+*4/*17,concordant
cohort2_dragen,cohort2,DRAGEN,HG00232,HG03017,1,*1/*2,*1/*2,*1/*2,*1/*2,*1/*2,concordant
cohort2_dragen,cohort2,DRAGEN,HG00232,HG03139,1,*2+*2/*17,*2+*2/*17,*2+*2/*17,*17/*2+*2,*2+*2/*17,concordant
cohort2_dragen,cohort2,DRAGEN,HG00232,HG03225,1,*5/*56B,*5/*56,*5/*56,*56/*5,*5/*56,concordant
cohort2_dragen,cohort2,DRAGEN,HG00232,HG03239,1,*1/*5,*1/*5,*1/*5,*5/*1,*1/*5,concordant
cohort2_dragen,cohort2,DRAGEN,HG00232,HG03471,1,*29/*162,*29/*162,*29/*162,*162/*29,*29/*162,concordant
cohort2_dragen,cohort2,DRAGEN,HG00232,HG03654,1,*2/*2,*2/*2,*2/*2,*2/*2,*2/*2,concordant
cohort2_dragen,cohort2,DRAGEN,HG00232,HG03834,1,*1+*1/*4,*1+*1/*4,*1+*1/*4,*1+*1/*4,*1+*1/*4,concordant
cohort2_dragen,cohort2,DRAGEN,HG00232,HG04184,1,*10/*41,*10/*41,*10/*41,*10/*41,*10/*41,concordant
cohort2_dragen,cohort2,DRAGEN,HG00232,HG04228,1,*1/*43,*1/*43,*1/*43,*43/*1,*1/*43,concordant
cohort2_dragen,cohort2,DRAGEN,HG00232,HG06807,1,*2/*4C+*4C,*2/*4+*4,*2/*4+*4,*2/*4+*4,*2/*4+*4,concordant
cohort2_dragen,cohort2,DRAGEN,HG00232,NA18522,1,*1/*106,*1/*106,*1/*106,*106/*1,*1/*106,concordant
cohort2_dragen,cohort2,DRAGEN,HG00232,NA18565,1,*10/*36.ALDY+*10,*10/*36+*10,*10/*10+*36,*10+*36/*36,*10+*36/*36,discordant
cohort2_dragen,cohort2,DRAGEN,HG00232,NA18747,1,*1/*36.ALDY+*10,*1/*36+*10,*1/*10+*36,*1/*10+*36,*1/*10+*36,concordant
cohort2_dragen,cohort2,DRAGEN,HG00232,NA18952,1,*2/*2,*2/*2,*2/*2,*2/*2,*2/*2,concordant
cohort2_dragen,cohort2,DRAGEN,HG00232,NA18974,1,*2/*5,*2/*5,*2/*5,*2/*5,*2/*5,concordant
cohort2_dragen,cohort2,DRAGEN,HG00232,NA18976,1,*1/*36.ALDY+*10,*1/*36+*10,*1/*10+*36,*10+*36/*1,*1/*10+*36,concordant
cohort2_dragen,cohort2,DRAGEN,HG00232,NA18983,1,*1/*1,*1/*1,*1/*1,*1/*1,*1/*1,concordant
cohort2_dragen,cohort2,DRAGEN,HG00232,NA19043,1,*1/*1,*1/*1,*1/*1,*1/*1,*1/*1,concordant
cohort2_dragen,cohort2,DRAGEN,HG00232,NA19087,1,*1/*5,*1/*5,*1/*5,*5/*1,*1/*5,concordant
cohort2_dragen,cohort2,DRAGEN,HG00232,NA19776,1,*1/*36.ALDY+*10,*1/*36+*10,*1/*10+*36,*1/*10+*36,*1/*10+*36,concordant
cohort2_dragen,cohort2,DRAGEN,HG00232,NA19909,1,*1/*4C+*4C,*1/*4+*4,*1/*4+*4,*4+*4/*1,*1/*4+*4,concordant
cohort2_dragen,cohort2,DRAGEN,HG00232,NA20282,1,*2/*4,*2/*4,*2/*4,*2/*4,*2/*4,concordant
cohort2_dragen,cohort2,DRAGEN,HG00232,NA20752,1,*1/*4,*1/*4,*1/*4,*1/*4,*1/*4,concordant
cohort2_dragen,cohort2,DRAGEN,HG00232,NA20805,1,*35/*68+*4,*35/*68+*4,*4+*68/*35,*35/*4+*68,*4+*68/*35,concordant
cohort2_dragen,cohort2,DRAGEN,HG00232,NA20905,1,*1/*1,*1/*1,*1/*1,*1/*1,*1/*1,concordant
cohort2_dragen,cohort2,DRAGEN,HG00232,NA21102,1,*1/*1,*1/*1,*1/*1,*1/*1,*1/*1,concordant
cohort2_dragen,cohort2,DRAGEN,HG00253,HG00099,1,*1/*5,*1/*5,*1/*5,*1/*5,*1/*5,concordant
cohort2_dragen,cohort2,DRAGEN,HG00253,HG00133,1,*1/*1,*1/*1,*1/*1,*1/*1,*1/*1,concordant
cohort2_dragen,cohort2,DRAGEN,HG00253,HG00232,1,*1+rs769258/*35,*1/*35,*1/*35,*1/*35,*1/*35,concordant
cohort2_dragen,cohort2,DRAGEN,HG00253,HG00280,1,*2/*41,*2/*41,*2/*41,*2/*41,*2/*41,concordant
cohort2_dragen,cohort2,DRAGEN,HG00253,HG00320,1,*2/*2+*2,*2/*2+*2,*2/*2+*2,*2+*2/*2,*2/*2+*2,concordant
cohort2_dragen,cohort2,DRAGEN,HG00253,HG00350,1,*1/*1,*1/*1,*1/*1,*1/*1,*1/*1,concordant
cohort2_dragen,cohort2,DRAGEN,HG00253,HG00408,1,*10/*36.ALDY+*10,*10/*36+*10,*10/*10+*36,*10+*36/*10,*10/*10+*36,concordant
cohort2_dragen,cohort2,DRAGEN,HG00253,HG00423,1,*10/*10+*10,*10/*10+*10,*10/*10+*10,*10/*10+*10,*10/*10+*10,concordant
cohort2_dragen,cohort2,DRAGEN,HG00253,HG00544,1,*1/*36.ALDY+*10,*1/*36+*10,*1/*10+*36,*1/*10+*36,*1/*10+*36,concordant
cohort2_dragen,cohort2,DRAGEN,HG00253,HG00558,1,*1/*36.ALDY+*10,*1/*36+*10,*1/*10+*36,*10+*36/*1,*1/*10+*36,concordant
cohort2_dragen,cohort2,DRAGEN,HG00253,HG00597,1,*10+*49/*36.ALDY+*10+*83.ALDY,*10+*49/*36+*10+*83,*10+*36+*83/*10+*49,*49/*10+*36+*36+*83,*10+*36+*36+*83/*49,discordant
cohort2_dragen,cohort2,DRAGEN,HG00253,HG00609,1,*36.ALDY+*10+rs1135822/*49,*36+*10/*49,*10+*36/*49,*10+*36/*49,*10+*36/*49,concordant
cohort2_dragen,cohort2,DRAGEN,HG00253,HG00639,1,*1/*1,*1/*1,*1/*1,*1/*1,*1/*1,concordant
cohort2_dragen,cohort2,DRAGEN,HG00253,HG00658,1,*10+*36.ALDY+*10/*36.ALDY+*10,*10+*36+*10/*36+*10,*10+*10+*36/*10+*36,*10+*36/*10+*36+*36,*10+*36/*10+*36+*36,discordant
cohort2_dragen,cohort2,DRAGEN,HG00253,HG01123,1,*1/*2,*1/*2,*1/*2,*2/*1,*1/*2,concordant
cohort2_dragen,cohort2,DRAGEN,HG00253,HG01167,1,*1/*41,*1/*41,*1/*41,*41/*1,*1/*41,concordant
cohort2_dragen,cohort2,DRAGEN,HG00253,HG01192,1,*5/*41,*5/*41,*5/*41,*41/*5,*5/*41,concordant
cohort2_dragen,cohort2,DRAGEN,HG00253,HG01261,1,*1/*5,*1/*5,*1/*5,*1/*5,*1/*5,concordant
cohort2_dragen,cohort2,DRAGEN,HG00253,HG01496,1,*2/*43+*43,*2/*43+*43,*2/*43+*43,*2/*43+*43,*2/*43+*43,concordant
cohort2_dragen,cohort2,DRAGEN,HG00253,HG01530,1,*2/*10,*2/*10,*2/*10,*2/*10,*2/*10,concordant
cohort2_dragen,cohort2,DRAGEN,HG00253,HG01784,1,*1/*68+*4,*1/*68+*4,*1/*4+*68,*4+*68/*1,*1/*4+*68,concordant
cohort2_dragen,cohort2,DRAGEN,HG00253,HG01884,1,*1/*2,*1/*2,*1/*2,*1/*2,*1/*2,concordant
cohort2_dragen,cohort2,DRAGEN,HG00253,HG01940,1,*1/*1,*1/*1,*1/*1,*1/*1,*1/*1,concordant
cohort2_dragen,cohort2,DRAGEN,HG00253,HG01969,1,*1/*2,*1/*2,*1/*2,*1/*2,*1/*2,concordant
cohort2_dragen,cohort2,DRAGEN,HG00253,HG01975,1,*1/*1,*1/*1,*1/*1,*1/*1,*1/*1,concordant
cohort2_dragen,cohort2,DRAGEN,HG00253,HG02015,1,*10/*36.ALDY+*10,*10/*36+*10,*10/*10+*36,*10/*10+*36,*10/*10+*36,concordant
cohort2_dragen,cohort2,DRAGEN,HG00253,HG02027,1,*14/*36.ALDY+*10,*14/*36+*10,*10+*36/*14,*10+*36/*14,*10+*36/*14,concordant
cohort2_dragen,cohort2,DRAGEN,HG00253,HG02040,1,*36.ALDY+*10/*36.ALDY+*10,*36+*10/*36+*10,*10+*36/*10+*36,*10+*36/*10+*36,*10+*36/*10+*36,concordant
cohort2_dragen,cohort2,DRAGEN,HG00253,HG02056,1,*36.ALDY+*10/*36.ALDY+*10,*36+*10/*36+*10,*10+*36/*10+*36,*10+*36/*10+*36,*10+*36/*10+*36,concordant
cohort2_dragen,cohort2,DRAGEN,HG00253,HG02071,1,*2/*36.ALDY+*10,*2/*36+*10,*2/*10+*36,*10+*36/*2,*2/*10+*36,concordant
cohort2_dragen,cohort2,DRAGEN,HG00253,HG02074,1,*36.ALDY+*10/*36.ALDY+*10,*36+*10/*36+*10,*10+*36/*10+*36,*10+*36/*10+*36,*10+*36/*10+*36,concordant
cohort2_dragen,cohort2,DRAGEN,HG00253,HG02083,1,*10+*36.ALDY+*10/*36.ALDY+*10,*10+*36+*10/*36+*10,*10+*10+*36/*10+*36,*10+*36+*36/*10+*36,*10+*36/*10+*36+*36,discordant
cohort2_dragen,cohort2,DRAGEN,HG00253,HG02129,1,*1/*36.ALDY+*10,*1/*36+*10,*1/*10+*36,*1/*10+*36,*1/*10+*36,concordant
cohort2_dragen,cohort2,DRAGEN,HG00253,HG02132,1,*36.ALDY+*10/*36.ALDY+*10,*36+*10/*36+*10,*10+*36/*10+*36,*10+*36/*10+*36,*10+*36/*10+*36,concordant
cohort2_dragen,cohort2,DRAGEN,HG00253,HG02135,1,*36.ALDY+*10/*36.ALDY+*10,*36+*10/*36+*10,*10+*36/*10+*36,*10+*36/*10+*36,*10+*36/*10+*36,concordant
cohort2_dragen,cohort2,DRAGEN,HG00253,HG02155,1,*10+*36.ALDY+*10/*36.ALDY+*10,*10+*36+*10/*36+*10,*10+*10+*36/*10+*36,*10+*36/*10+*36+*36,*10+*36/*10+*36+*36,discordant
cohort2_dragen,cohort2,DRAGEN,HG00253,HG02178,1,*1+*36.ALDY/*36.ALDY+*10,*1+*36/*36+*10,*1+*36/*10+*36,*10+*36+*36/*1,*1/*10+*36+*36,discordant
cohort2_dragen,cohort2,DRAGEN,HG00253,HG02258,1,*1/*17+*17,*1/*17+*17,*1/*17+*17,*17+*17/*1,*1/*17+*17,concordant
cohort2_dragen,cohort2,DRAGEN,HG00253,HG02300,1,*2/*5,*2/*5,*2/*5,*2/*5,*2/*5,concordant
cohort2_dragen,cohort2,DRAGEN,HG00253,HG02486,1,*2/*29,*2/*29,*2/*29,*2/*29,*2/*29,concordant
cohort2_dragen,cohort2,DRAGEN,HG00253,HG02523,1,*1/*5,*1/*5,*1/*5,*5/*1,*1/*5,concordant
cohort2_dragen,cohort2,DRAGEN,HG00253,HG02559,1,*2/*27,*2/*27,*2/*27,*27/*2,*2/*27,concordant
cohort2_dragen,cohort2,DRAGEN,HG00253,HG02602,1,*2/*5,*2/*5,*2/*5,*2/*5,*2/*5,concordant
cohort2_dragen,cohort2,DRAGEN,HG00253,HG02647,1,*4C+*4C/*17,*4+*4/*17,*4+*4/*17,*4+*4/*17,*4+*4/*17,concordant
cohort2_dragen,cohort2,DRAGEN,HG00253,HG02965,1,*4C+*4C/*17,*4+*4/*17,*4+*4/*17,*17/*4+*4,*4+*4/*17,concordant
cohort2_dragen,cohort2,DRAGEN,HG00253,HG03017,1,*1/*2,*1/*2,*1/*2,*1/*2,*1/*2,concordant
cohort2_dragen,cohort2,DRAGEN,HG00253,HG03139,1,*2+*2/*17,*2+*2/*17,*2+*2/*17,*17/*2+*2,*2+*2/*17,concordant
cohort2_dragen,cohort2,DRAGEN,HG00253,HG03225,1,*5/*56B,*5/*56,*5/*56,*56/*5,*5/*56,concordant
cohort2_dragen,cohort2,DRAGEN,HG00253,HG03239,1,*1/*5,*1/*5,*1/*5,*5/*1,*1/*5,concordant
cohort2_dragen,cohort2,DRAGEN,HG00253,HG03471,1,*29/*162,*29/*162,*29/*162,*162/*29,*29/*162,concordant
cohort2_dragen,cohort2,DRAGEN,HG00253,HG03654,1,*2/*2,*2/*2,*2/*2,*2/*2,*2/*2,concordant
cohort2_dragen,cohort2,DRAGEN,HG00253,HG03834,1,*1+*1/*4,*1+*1/*4,*1+*1/*4,*1+*1/*4,*1+*1/*4,concordant
cohort2_dragen,cohort2,DRAGEN,HG00253,HG04184,1,*10/*41,*10/*41,*10/*41,*10/*41,*10/*41,concordant
cohort2_dragen,cohort2,DRAGEN,HG00253,HG04228,1,*1/*43,*1/*43,*1/*43,*43/*1,*1/*43,concordant
cohort2_dragen,cohort2,DRAGEN,HG00253,HG06807,1,*2/*4C+*4C,*2/*4+*4,*2/*4+*4,*2/*4+*4,*2/*4+*4,concordant
cohort2_dragen,cohort2,DRAGEN,HG00253,NA18522,1,*1/*106,*1/*106,*1/*106,*106/*1,*1/*106,concordant
cohort2_dragen,cohort2,DRAGEN,HG00253,NA18565,1,*10/*36.ALDY+*10,*10/*36+*10,*10/*10+*36,*10+*36/*36,*10+*36/*36,discordant
cohort2_dragen,cohort2,DRAGEN,HG00253,NA18747,1,*1/*36.ALDY+*10,*1/*36+*10,*1/*10+*36,*1/*10+*36,*1/*10+*36,concordant
cohort2_dragen,cohort2,DRAGEN,HG00253,NA18952,1,*2/*2,*2/*2,*2/*2,*2/*2,*2/*2,concordant
cohort2_dragen,cohort2,DRAGEN,HG00253,NA18974,1,*2/*5,*2/*5,*2/*5,*2/*5,*2/*5,concordant
cohort2_dragen,cohort2,DRAGEN,HG00253,NA18976,1,*1/*36.ALDY+*10,*1/*36+*10,*1/*10+*36,*10+*36/*1,*1/*10+*36,concordant
cohort2_dragen,cohort2,DRAGEN,HG00253,NA18983,1,*1/*1,*1/*1,*1/*1,*1/*1,*1/*1,concordant
cohort2_dragen,cohort2,DRAGEN,HG00253,NA19043,1,*1/*1,*1/*1,*1/*1,*1/*1,*1/*1,concordant
cohort2_dragen,cohort2,DRAGEN,HG00253,NA19087,1,*1/*5,*1/*5,*1/*5,*5/*1,*1/*5,concordant
cohort2_dragen,cohort2,DRAGEN,HG00253,NA19776,1,*1/*36.ALDY+*10,*1/*36+*10,*1/*10+*36,*1/*10+*36,*1/*10+*36,concordant
cohort2_dragen,cohort2,DRAGEN,HG00253,NA19909,1,*1/*4C+*4C,*1/*4+*4,*1/*4+*4,*4+*4/*1,*1/*4+*4,concordant
cohort2_dragen,cohort2,DRAGEN,HG00253,NA20282,1,*2/*4,*2/*4,*2/*4,*2/*4,*2/*4,concordant
cohort2_dragen,cohort2,DRAGEN,HG00253,NA20752,1,*1/*4,*1/*4,*1/*4,*1/*4,*1/*4,concordant
cohort2_dragen,cohort2,DRAGEN,HG00253,NA20805,1,*35/*68+*4,*35/*68+*4,*4+*68/*35,*35/*4+*68,*4+*68/*35,concordant
cohort2_dragen,cohort2,DRAGEN,HG00253,NA20905,1,*1/*1,*1/*1,*1/*1,*1/*1,*1/*1,concordant
cohort2_dragen,cohort2,DRAGEN,HG00253,NA21102,1,*1/*1,*1/*1,*1/*1,*1/*1,*1/*1,concordant
cohort2_dragen,cohort2,DRAGEN,HG00280,HG00099,1,*1/*5,*1/*5,*1/*5,*1/*5,*1/*5,concordant
cohort2_dragen,cohort2,DRAGEN,HG00280,HG00133,1,*1/*1,*1/*1,*1/*1,*1/*1,*1/*1,concordant
cohort2_dragen,cohort2,DRAGEN,HG00280,HG00232,1,*1+rs769258/*35,*1/*35,*1/*35,*1/*35,*1/*35,concordant
cohort2_dragen,cohort2,DRAGEN,HG00280,HG00253,1,*1/*1,*1/*1,*1/*1,*1/*1,*1/*1,concordant
cohort2_dragen,cohort2,DRAGEN,HG00280,HG00320,1,*2/*2+*2,*2/*2+*2,*2/*2+*2,*2+*2/*2,*2/*2+*2,concordant
cohort2_dragen,cohort2,DRAGEN,HG00280,HG00350,1,*1/*1,*1/*1,*1/*1,*1/*1,*1/*1,concordant
cohort2_dragen,cohort2,DRAGEN,HG00280,HG00408,1,*10/*36.ALDY+*10,*10/*36+*10,*10/*10+*36,*10+*36/*10,*10/*10+*36,concordant
cohort2_dragen,cohort2,DRAGEN,HG00280,HG00423,1,*10/*10+*10,*10/*10+*10,*10/*10+*10,*10/*10+*10,*10/*10+*10,concordant
cohort2_dragen,cohort2,DRAGEN,HG00280,HG00544,1,*1/*36.ALDY+*10,*1/*36+*10,*1/*10+*36,*1/*10+*36,*1/*10+*36,concordant
cohort2_dragen,cohort2,DRAGEN,HG00280,HG00558,1,*1/*36.ALDY+*10,*1/*36+*10,*1/*10+*36,*10+*36/*1,*1/*10+*36,concordant
cohort2_dragen,cohort2,DRAGEN,HG00280,HG00597,1,*10+*49/*36.ALDY+*10+*83.ALDY,*10+*49/*36+*10+*83,*10+*36+*83/*10+*49,*49/*10+*36+*36+*83,*10+*36+*36+*83/*49,discordant
cohort2_dragen,cohort2,DRAGEN,HG00280,HG00609,1,*36.ALDY+*10+rs1135822/*49,*36+*10/*49,*10+*36/*49,*10+*36/*49,*10+*36/*49,concordant
cohort2_dragen,cohort2,DRAGEN,HG00280,HG00639,1,*1/*1,*1/*1,*1/*1,*1/*1,*1/*1,concordant
cohort2_dragen,cohort2,DRAGEN,HG00280,HG00658,1,*10+*36.ALDY+*10/*36.ALDY+*10,*10+*36+*10/*36+*10,*10+*10+*36/*10+*36,*10+*36/*10+*36+*36,*10+*36/*10+*36+*36,discordant
cohort2_dragen,cohort2,DRAGEN,HG00280,HG01123,1,*1/*2,*1/*2,*1/*2,*2/*1,*1/*2,concordant
cohort2_dragen,cohort2,DRAGEN,HG00280,HG01167,1,*1/*41,*1/*41,*1/*41,*41/*1,*1/*41,concordant
cohort2_dragen,cohort2,DRAGEN,HG00280,HG01192,1,*5/*41,*5/*41,*5/*41,*41/*5,*5/*41,concordant
cohort2_dragen,cohort2,DRAGEN,HG00280,HG01261,1,*1/*5,*1/*5,*1/*5,*1/*5,*1/*5,concordant
cohort2_dragen,cohort2,DRAGEN,HG00280,HG01496,1,*2/*43+*43,*2/*43+*43,*2/*43+*43,*2/*43+*43,*2/*43+*43,concordant
cohort2_dragen,cohort2,DRAGEN,HG00280,HG01530,1,*2/*10,*2/*10,*2/*10,*2/*10,*2/*10,concordant
cohort2_dragen,cohort2,DRAGEN,HG00280,HG01784,1,*1/*68+*4,*1/*68+*4,*1/*4+*68,*4+*68/*1,*1/*4+*68,concordant
cohort2_dragen,cohort2,DRAGEN,HG00280,HG01884,1,*1/*2,*1/*2,*1/*2,*1/*2,*1/*2,concordant
cohort2_dragen,cohort2,DRAGEN,HG00280,HG01940,1,*1/*1,*1/*1,*1/*1,*1/*1,*1/*1,concordant
cohort2_dragen,cohort2,DRAGEN,HG00280,HG01969,1,*1/*2,*1/*2,*1/*2,*1/*2,*1/*2,concordant
cohort2_dragen,cohort2,DRAGEN,HG00280,HG01975,1,*1/*1,*1/*1,*1/*1,*1/*1,*1/*1,concordant
cohort2_dragen,cohort2,DRAGEN,HG00280,HG02015,1,*10/*36.ALDY+*10,*10/*36+*10,*10/*10+*36,*10/*10+*36,*10/*10+*36,concordant
cohort2_dragen,cohort2,DRAGEN,HG00280,HG02027,1,*14/*36.ALDY+*10,*14/*36+*10,*10+*36/*14,*10+*36/*14,*10+*36/*14,concordant
cohort2_dragen,cohort2,DRAGEN,HG00280,HG02040,1,*36.ALDY+*10/*36.ALDY+*10,*36+*10/*36+*10,*10+*36/*10+*36,*10+*36/*10+*36,*10+*36/*10+*36,concordant
cohort2_dragen,cohort2,DRAGEN,HG00280,HG02056,1,*36.ALDY+*10/*36.ALDY+*10,*36+*10/*36+*10,*10+*36/*10+*36,*10+*36/*10+*36,*10+*36/*10+*36,concordant
cohort2_dragen,cohort2,DRAGEN,HG00280,HG02071,1,*2/*36.ALDY+*10,*2/*36+*10,*2/*10+*36,*10+*36/*2,*2/*10+*36,concordant
cohort2_dragen,cohort2,DRAGEN,HG00280,HG02074,1,*36.ALDY+*10/*36.ALDY+*10,*36+*10/*36+*10,*10+*36/*10+*36,*10+*36/*10+*36,*10+*36/*10+*36,concordant
cohort2_dragen,cohort2,DRAGEN,HG00280,HG02083,1,*10+*36.ALDY+*10/*36.ALDY+*10,*10+*36+*10/*36+*10,*10+*10+*36/*10+*36,*10+*36+*36/*10+*36,*10+*36/*10+*36+*36,discordant
cohort2_dragen,cohort2,DRAGEN,HG00280,HG02129,1,*1/*36.ALDY+*10,*1/*36+*10,*1/*10+*36,*1/*10+*36,*1/*10+*36,concordant
cohort2_dragen,cohort2,DRAGEN,HG00280,HG02132,1,*36.ALDY+*10/*36.ALDY+*10,*36+*10/*36+*10,*10+*36/*10+*36,*10+*36/*10+*36,*10+*36/*10+*36,concordant
cohort2_dragen,cohort2,DRAGEN,HG00280,HG02135,1,*36.ALDY+*10/*36.ALDY+*10,*36+*10/*36+*10,*10+*36/*10+*36,*10+*36/*10+*36,*10+*36/*10+*36,concordant
cohort2_dragen,cohort2,DRAGEN,HG00280,HG02155,1,*10+*36.ALDY+*10/*36.ALDY+*10,*10+*36+*10/*36+*10,*10+*10+*36/*10+*36,*10+*36/*10+*36+*36,*10+*36/*10+*36+*36,discordant
cohort2_dragen,cohort2,DRAGEN,HG00280,HG02178,1,*1+*36.ALDY/*36.ALDY+*10,*1+*36/*36+*10,*1+*36/*10+*36,*10+*36+*36/*1,*1/*10+*36+*36,discordant
cohort2_dragen,cohort2,DRAGEN,HG00280,HG02258,1,*1/*17+*17,*1/*17+*17,*1/*17+*17,*17+*17/*1,*1/*17+*17,concordant
cohort2_dragen,cohort2,DRAGEN,HG00280,HG02300,1,*2/*5,*2/*5,*2/*5,*2/*5,*2/*5,concordant
cohort2_dragen,cohort2,DRAGEN,HG00280,HG02486,1,*2/*29,*2/*29,*2/*29,*2/*29,*2/*29,concordant
cohort2_dragen,cohort2,DRAGEN,HG00280,HG02523,1,*1/*5,*1/*5,*1/*5,*5/*1,*1/*5,concordant
cohort2_dragen,cohort2,DRAGEN,HG00280,HG02559,1,*2/*27,*2/*27,*2/*27,*27/*2,*2/*27,concordant
cohort2_dragen,cohort2,DRAGEN,HG00280,HG02602,1,*2/*5,*2/*5,*2/*5,*2/*5,*2/*5,concordant
cohort2_dragen,cohort2,DRAGEN,HG00280,HG02647,1,*4C+*4C/*17,*4+*4/*17,*4+*4/*17,*4+*4/*17,*4+*4/*17,concordant
cohort2_dragen,cohort2,DRAGEN,HG00280,HG02965,1,*4C+*4C/*17,*4+*4/*17,*4+*4/*17,*17/*4+*4,*4+*4/*17,concordant
cohort2_dragen,cohort2,DRAGEN,HG00280,HG03017,1,*1/*2,*1/*2,*1/*2,*1/*2,*1/*2,concordant
cohort2_dragen,cohort2,DRAGEN,HG00280,HG03139,1,*2+*2/*17,*2+*2/*17,*2+*2/*17,*17/*2+*2,*2+*2/*17,concordant
cohort2_dragen,cohort2,DRAGEN,HG00280,HG03225,1,*5/*56B,*5/*56,*5/*56,*56/*5,*5/*56,concordant
cohort2_dragen,cohort2,DRAGEN,HG00280,HG03239,1,*1/*5,*1/*5,*1/*5,*5/*1,*1/*5,concordant
cohort2_dragen,cohort2,DRAGEN,HG00280,HG03471,1,*29/*162,*29/*162,*29/*162,*162/*29,*29/*162,concordant
cohort2_dragen,cohort2,DRAGEN,HG00280,HG03654,1,*2/*2,*2/*2,*2/*2,*2/*2,*2/*2,concordant
cohort2_dragen,cohort2,DRAGEN,HG00280,HG03834,1,*1+*1/*4,*1+*1/*4,*1+*1/*4,*1+*1/*4,*1+*1/*4,concordant
cohort2_dragen,cohort2,DRAGEN,HG00280,HG04184,1,*10/*41,*10/*41,*10/*41,*10/*41,*10/*41,concordant
cohort2_dragen,cohort2,DRAGEN,HG00280,HG04228,1,*1/*43,*1/*43,*1/*43,*43/*1,*1/*43,concordant
cohort2_dragen,cohort2,DRAGEN,HG00280,HG06807,1,*2/*4C+*4C,*2/*4+*4,*2/*4+*4,*2/*4+*4,*2/*4+*4,concordant
cohort2_dragen,cohort2,DRAGEN,HG00280,NA18522,1,*1/*106,*1/*106,*1/*106,*106/*1,*1/*106,concordant
cohort2_dragen,cohort2,DRAGEN,HG00280,NA18565,1,*10/*36.ALDY+*10,*10/*36+*10,*10/*10+*36,*10+*36/*36,*10+*36/*36,discordant
cohort2_dragen,cohort2,DRAGEN,HG00280,NA18747,1,*1/*36.ALDY+*10,*1/*36+*10,*1/*10+*36,*1/*10+*36,*1/*10+*36,concordant
cohort2_dragen,cohort2,DRAGEN,HG00280,NA18952,1,*2/*2,*2/*2,*2/*2,*2/*2,*2/*2,concordant
cohort2_dragen,cohort2,DRAGEN,HG00280,NA18974,1,*2/*5,*2/*5,*2/*5,*2/*5,*2/*5,concordant
cohort2_dragen,cohort2,DRAGEN,HG00280,NA18976,1,*1/*36.ALDY+*10,*1/*36+*10,*1/*10+*36,*10+*36/*1,*1/*10+*36,concordant
cohort2_dragen,cohort2,DRAGEN,HG00280,NA18983,1,*1/*1,*1/*1,*1/*1,*1/*1,*1/*1,concordant
cohort2_dragen,cohort2,DRAGEN,HG00280,NA19043,1,*1/*1,*1/*1,*1/*1,*1/*1,*1/*1,concordant
cohort2_dragen,cohort2,DRAGEN,HG00280,NA19087,1,*1/*5,*1/*5,*1/*5,*5/*1,*1/*5,concordant
cohort2_dragen,cohort2,DRAGEN,HG00280,NA19776,1,*1/*36.ALDY+*10,*1/*36+*10,*1/*10+*36,*1/*10+*36,*1/*10+*36,concordant
cohort2_dragen,cohort2,DRAGEN,HG00280,NA19909,1,*1/*4C+*4C,*1/*4+*4,*1/*4+*4,*4+*4/*1,*1/*4+*4,concordant
cohort2_dragen,cohort2,DRAGEN,HG00280,NA20282,1,*2/*4,*2/*4,*2/*4,*2/*4,*2/*4,concordant
cohort2_dragen,cohort2,DRAGEN,HG00280,NA20752,1,*1/*4,*1/*4,*1/*4,*1/*4,*1/*4,concordant
cohort2_dragen,cohort2,DRAGEN,HG00280,NA20805,1,*35/*68+*4,*35/*68+*4,*4+*68/*35,*35/*4+*68,*4+*68/*35,concordant
cohort2_dragen,cohort2,DRAGEN,HG00280,NA20905,1,*1/*1,*1/*1,*1/*1,*1/*1,*1/*1,concordant
cohort2_dragen,cohort2,DRAGEN,HG00280,NA21102,1,*1/*1,*1/*1,*1/*1,*1/*1,*1/*1,concordant
cohort2_dragen,cohort2,DRAGEN,HG00350,HG00099,1,*1/*5,*1/*5,*1/*5,*1/*5,*1/*5,concordant
cohort2_dragen,cohort2,DRAGEN,HG00350,HG00133,1,*1/*1,*1/*1,*1/*1,*1/*1,*1/*1,concordant
cohort2_dragen,cohort2,DRAGEN,HG00350,HG00232,1,*1+rs769258/*35,*1/*35,*1/*35,*1/*35,*1/*35,concordant
cohort2_dragen,cohort2,DRAGEN,HG00350,HG00253,1,*1/*1,*1/*1,*1/*1,*1/*1,*1/*1,concordant
cohort2_dragen,cohort2,DRAGEN,HG00350,HG00280,1,*2/*41,*2/*41,*2/*41,*2/*41,*2/*41,concordant
cohort2_dragen,cohort2,DRAGEN,HG00350,HG00320,1,*2/*2+*2,*2/*2+*2,*2/*2+*2,*2+*2/*2,*2/*2+*2,concordant
cohort2_dragen,cohort2,DRAGEN,HG00350,HG00408,1,*10/*36.ALDY+*10,*10/*36+*10,*10/*10+*36,*10+*36/*10,*10/*10+*36,concordant
cohort2_dragen,cohort2,DRAGEN,HG00350,HG00423,1,*10/*10+*10,*10/*10+*10,*10/*10+*10,*10/*10+*10,*10/*10+*10,concordant
cohort2_dragen,cohort2,DRAGEN,HG00350,HG00544,1,*1/*36.ALDY+*10,*1/*36+*10,*1/*10+*36,*1/*10+*36,*1/*10+*36,concordant
cohort2_dragen,cohort2,DRAGEN,HG00350,HG00558,1,*1/*36.ALDY+*10,*1/*36+*10,*1/*10+*36,*10+*36/*1,*1/*10+*36,concordant
cohort2_dragen,cohort2,DRAGEN,HG00350,HG00597,1,*10+*49/*36.ALDY+*10+*83.ALDY,*10+*49/*36+*10+*83,*10+*36+*83/*10+*49,*49/*10+*36+*36+*83,*10+*36+*36+*83/*49,discordant
cohort2_dragen,cohort2,DRAGEN,HG00350,HG00609,1,*36.ALDY+*10+rs1135822/*49,*36+*10/*49,*10+*36/*49,*10+*36/*49,*10+*36/*49,concordant
cohort2_dragen,cohort2,DRAGEN,HG00350,HG00639,1,*1/*1,*1/*1,*1/*1,*1/*1,*1/*1,concordant
cohort2_dragen,cohort2,DRAGEN,HG00350,HG00658,1,*10+*36.ALDY+*10/*36.ALDY+*10,*10+*36+*10/*36+*10,*10+*10+*36/*10+*36,*10+*36/*10+*36+*36,*10+*36/*10+*36+*36,discordant
cohort2_dragen,cohort2,DRAGEN,HG00350,HG01123,1,*1/*2,*1/*2,*1/*2,*2/*1,*1/*2,concordant
cohort2_dragen,cohort2,DRAGEN,HG00350,HG01167,1,*1/*41,*1/*41,*1/*41,*41/*1,*1/*41,concordant
cohort2_dragen,cohort2,DRAGEN,HG00350,HG01192,1,*5/*41,*5/*41,*5/*41,*41/*5,*5/*41,concordant
cohort2_dragen,cohort2,DRAGEN,HG00350,HG01261,1,*1/*5,*1/*5,*1/*5,*1/*5,*1/*5,concordant
cohort2_dragen,cohort2,DRAGEN,HG00350,HG01496,1,*2/*43+*43,*2/*43+*43,*2/*43+*43,*2/*43+*43,*2/*43+*43,concordant
cohort2_dragen,cohort2,DRAGEN,HG00350,HG01530,1,*2/*10,*2/*10,*2/*10,*2/*10,*2/*10,concordant
cohort2_dragen,cohort2,DRAGEN,HG00350,HG01784,1,*1/*68+*4,*1/*68+*4,*1/*4+*68,*4+*68/*1,*1/*4+*68,concordant
cohort2_dragen,cohort2,DRAGEN,HG00350,HG01884,1,*1/*2,*1/*2,*1/*2,*1/*2,*1/*2,concordant
cohort2_dragen,cohort2,DRAGEN,HG00350,HG01940,1,*1/*1,*1/*1,*1/*1,*1/*1,*1/*1,concordant
cohort2_dragen,cohort2,DRAGEN,HG00350,HG01969,1,*1/*2,*1/*2,*1/*2,*1/*2,*1/*2,concordant
cohort2_dragen,cohort2,DRAGEN,HG00350,HG01975,1,*1/*1,*1/*1,*1/*1,*1/*1,*1/*1,concordant
cohort2_dragen,cohort2,DRAGEN,HG00350,HG02015,1,*10/*36.ALDY+*10,*10/*36+*10,*10/*10+*36,*10/*10+*36,*10/*10+*36,concordant
cohort2_dragen,cohort2,DRAGEN,HG00350,HG02027,1,*14/*36.ALDY+*10,*14/*36+*10,*10+*36/*14,*10+*36/*14,*10+*36/*14,concordant
cohort2_dragen,cohort2,DRAGEN,HG00350,HG02040,1,*36.ALDY+*10/*36.ALDY+*10,*36+*10/*36+*10,*10+*36/*10+*36,*10+*36/*10+*36,*10+*36/*10+*36,concordant
cohort2_dragen,cohort2,DRAGEN,HG00350,HG02056,1,*36.ALDY+*10/*36.ALDY+*10,*36+*10/*36+*10,*10+*36/*10+*36,*10+*36/*10+*36,*10+*36/*10+*36,concordant
cohort2_dragen,cohort2,DRAGEN,HG00350,HG02071,1,*2/*36.ALDY+*10,*2/*36+*10,*2/*10+*36,*10+*36/*2,*2/*10+*36,concordant
cohort2_dragen,cohort2,DRAGEN,HG00350,HG02074,1,*36.ALDY+*10/*36.ALDY+*10,*36+*10/*36+*10,*10+*36/*10+*36,*10+*36/*10+*36,*10+*36/*10+*36,concordant
cohort2_dragen,cohort2,DRAGEN,HG00350,HG02083,1,*10+*36.ALDY+*10/*36.ALDY+*10,*10+*36+*10/*36+*10,*10+*10+*36/*10+*36,*10+*36+*36/*10+*36,*10+*36/*10+*36+*36,discordant
cohort2_dragen,cohort2,DRAGEN,HG00350,HG02129,1,*1/*36.ALDY+*10,*1/*36+*10,*1/*10+*36,*1/*10+*36,*1/*10+*36,concordant
cohort2_dragen,cohort2,DRAGEN,HG00350,HG02132,1,*36.ALDY+*10/*36.ALDY+*10,*36+*10/*36+*10,*10+*36/*10+*36,*10+*36/*10+*36,*10+*36/*10+*36,concordant
cohort2_dragen,cohort2,DRAGEN,HG00350,HG02135,1,*36.ALDY+*10/*36.ALDY+*10,*36+*10/*36+*10,*10+*36/*10+*36,*10+*36/*10+*36,*10+*36/*10+*36,concordant
cohort2_dragen,cohort2,DRAGEN,HG00350,HG02155,1,*10+*36.ALDY+*10/*36.ALDY+*10,*10+*36+*10/*36+*10,*10+*10+*36/*10+*36,*10+*36/*10+*36+*36,*10+*36/*10+*36+*36,discordant
cohort2_dragen,cohort2,DRAGEN,HG00350,HG02178,1,*1+*36.ALDY/*36.ALDY+*10,*1+*36/*36+*10,*1+*36/*10+*36,*10+*36+*36/*1,*1/*10+*36+*36,discordant
cohort2_dragen,cohort2,DRAGEN,HG00350,HG02258,1,*1/*17+*17,*1/*17+*17,*1/*17+*17,*17+*17/*1,*1/*17+*17,concordant
cohort2_dragen,cohort2,DRAGEN,HG00350,HG02300,1,*2/*5,*2/*5,*2/*5,*2/*5,*2/*5,concordant
cohort2_dragen,cohort2,DRAGEN,HG00350,HG02486,1,*2/*29,*2/*29,*2/*29,*2/*29,*2/*29,concordant
cohort2_dragen,cohort2,DRAGEN,HG00350,HG02523,1,*1/*5,*1/*5,*1/*5,*5/*1,*1/*5,concordant
cohort2_dragen,cohort2,DRAGEN,HG00350,HG02559,1,*2/*27,*2/*27,*2/*27,*27/*2,*2/*27,concordant
cohort2_dragen,cohort2,DRAGEN,HG00350,HG02602,1,*2/*5,*2/*5,*2/*5,*2/*5,*2/*5,concordant
cohort2_dragen,cohort2,DRAGEN,HG00350,HG02647,1,*4C+*4C/*17,*4+*4/*17,*4+*4/*17,*4+*4/*17,*4+*4/*17,concordant
cohort2_dragen,cohort2,DRAGEN,HG00350,HG02965,1,*4C+*4C/*17,*4+*4/*17,*4+*4/*17,*17/*4+*4,*4+*4/*17,concordant
cohort2_dragen,cohort2,DRAGEN,HG00350,HG03017,1,*1/*2,*1/*2,*1/*2,*1/*2,*1/*2,concordant
cohort2_dragen,cohort2,DRAGEN,HG00350,HG03139,1,*2+*2/*17,*2+*2/*17,*2+*2/*17,*17/*2+*2,*2+*2/*17,concordant
cohort2_dragen,cohort2,DRAGEN,HG00350,HG03225,1,*5/*56B,*5/*56,*5/*56,*56/*5,*5/*56,concordant
cohort2_dragen,cohort2,DRAGEN,HG00350,HG03239,1,*1/*5,*1/*5,*1/*5,*5/*1,*1/*5,concordant
cohort2_dragen,cohort2,DRAGEN,HG00350,HG03471,1,*29/*162,*29/*162,*29/*162,*162/*29,*29/*162,concordant
cohort2_dragen,cohort2,DRAGEN,HG00350,HG03654,1,*2/*2,*2/*2,*2/*2,*2/*2,*2/*2,concordant
cohort2_dragen,cohort2,DRAGEN,HG00350,HG03834,1,*1+*1/*4,*1+*1/*4,*1+*1/*4,*1+*1/*4,*1+*1/*4,concordant
cohort2_dragen,cohort2,DRAGEN,HG00350,HG04184,1,*10/*41,*10/*41,*10/*41,*10/*41,*10/*41,concordant
cohort2_dragen,cohort2,DRAGEN,HG00350,HG04228,1,*1/*43,*1/*43,*1/*43,*43/*1,*1/*43,concordant
cohort2_dragen,cohort2,DRAGEN,HG00350,HG06807,1,*2/*4C+*4C,*2/*4+*4,*2/*4+*4,*2/*4+*4,*2/*4+*4,concordant
cohort2_dragen,cohort2,DRAGEN,HG00350,NA18522,1,*1/*106,*1/*106,*1/*106,*106/*1,*1/*106,concordant
cohort2_dragen,cohort2,DRAGEN,HG00350,NA18565,1,*10/*36.ALDY+*10,*10/*36+*10,*10/*10+*36,*10+*36/*36,*10+*36/*36,discordant
cohort2_dragen,cohort2,DRAGEN,HG00350,NA18747,1,*1/*36.ALDY+*10,*1/*36+*10,*1/*10+*36,*1/*10+*36,*1/*10+*36,concordant
cohort2_dragen,cohort2,DRAGEN,HG00350,NA18952,1,*2/*2,*2/*2,*2/*2,*2/*2,*2/*2,concordant
cohort2_dragen,cohort2,DRAGEN,HG00350,NA18974,1,*2/*5,*2/*5,*2/*5,*2/*5,*2/*5,concordant
cohort2_dragen,cohort2,DRAGEN,HG00350,NA18976,1,*1/*36.ALDY+*10,*1/*36+*10,*1/*10+*36,*10+*36/*1,*1/*10+*36,concordant
cohort2_dragen,cohort2,DRAGEN,HG00350,NA18983,1,*1/*1,*1/*1,*1/*1,*1/*1,*1/*1,concordant
cohort2_dragen,cohort2,DRAGEN,HG00350,NA19043,1,*1/*1,*1/*1,*1/*1,*1/*1,*1/*1,concordant
cohort2_dragen,cohort2,DRAGEN,HG00350,NA19087,1,*1/*5,*1/*5,*1/*5,*5/*1,*1/*5,concordant
cohort2_dragen,cohort2,DRAGEN,HG00350,NA19776,1,*1/*36.ALDY+*10,*1/*36+*10,*1/*10+*36,*1/*10+*36,*1/*10+*36,concordant
cohort2_dragen,cohort2,DRAGEN,HG00350,NA19909,1,*1/*4C+*4C,*1/*4+*4,*1/*4+*4,*4+*4/*1,*1/*4+*4,concordant
cohort2_dragen,cohort2,DRAGEN,HG00350,NA20282,1,*2/*4,*2/*4,*2/*4,*2/*4,*2/*4,concordant
cohort2_dragen,cohort2,DRAGEN,HG00350,NA20752,1,*1/*4,*1/*4,*1/*4,*1/*4,*1/*4,concordant
cohort2_dragen,cohort2,DRAGEN,HG00350,NA20805,1,*35/*68+*4,*35/*68+*4,*4+*68/*35,*35/*4+*68,*4+*68/*35,concordant
cohort2_dragen,cohort2,DRAGEN,HG00350,NA20905,1,*1/*1,*1/*1,*1/*1,*1/*1,*1/*1,concordant
cohort2_dragen,cohort2,DRAGEN,HG00350,NA21102,1,*1/*1,*1/*1,*1/*1,*1/*1,*1/*1,concordant
cohort2_dragen,cohort2,DRAGEN,HG00639,HG00099,1,*1/*5,*1/*5,*1/*5,*1/*5,*1/*5,concordant
cohort2_dragen,cohort2,DRAGEN,HG00639,HG00133,1,*1/*1,*1/*1,*1/*1,*1/*1,*1/*1,concordant
cohort2_dragen,cohort2,DRAGEN,HG00639,HG00232,1,*1+rs769258/*35,*1/*35,*1/*35,*1/*35,*1/*35,concordant
cohort2_dragen,cohort2,DRAGEN,HG00639,HG00253,1,*1/*1,*1/*1,*1/*1,*1/*1,*1/*1,concordant
cohort2_dragen,cohort2,DRAGEN,HG00639,HG00280,1,*2/*41,*2/*41,*2/*41,*2/*41,*2/*41,concordant
cohort2_dragen,cohort2,DRAGEN,HG00639,HG00320,1,*2/*2+*2,*2/*2+*2,*2/*2+*2,*2+*2/*2,*2/*2+*2,concordant
cohort2_dragen,cohort2,DRAGEN,HG00639,HG00350,1,*1/*1,*1/*1,*1/*1,*1/*1,*1/*1,concordant
cohort2_dragen,cohort2,DRAGEN,HG00639,HG00408,1,*10/*36.ALDY+*10,*10/*36+*10,*10/*10+*36,*10+*36/*10,*10/*10+*36,concordant
cohort2_dragen,cohort2,DRAGEN,HG00639,HG00423,1,*10/*10+*10,*10/*10+*10,*10/*10+*10,*10/*10+*10,*10/*10+*10,concordant
cohort2_dragen,cohort2,DRAGEN,HG00639,HG00544,1,*1/*36.ALDY+*10,*1/*36+*10,*1/*10+*36,*1/*10+*36,*1/*10+*36,concordant
cohort2_dragen,cohort2,DRAGEN,HG00639,HG00558,1,*1/*36.ALDY+*10,*1/*36+*10,*1/*10+*36,*10+*36/*1,*1/*10+*36,concordant
cohort2_dragen,cohort2,DRAGEN,HG00639,HG00597,1,*10+*49/*36.ALDY+*10+*83.ALDY,*10+*49/*36+*10+*83,*10+*36+*83/*10+*49,*49/*10+*36+*36+*83,*10+*36+*36+*83/*49,discordant
cohort2_dragen,cohort2,DRAGEN,HG00639,HG00609,1,*36.ALDY+*10+rs1135822/*49,*36+*10/*49,*10+*36/*49,*10+*36/*49,*10+*36/*49,concordant
cohort2_dragen,cohort2,DRAGEN,HG00639,HG00658,1,*10+*36.ALDY+*10/*36.ALDY+*10,*10+*36+*10/*36+*10,*10+*10+*36/*10+*36,*10+*36/*10+*36+*36,*10+*36/*10+*36+*36,discordant
cohort2_dragen,cohort2,DRAGEN,HG00639,HG01123,1,*1/*2,*1/*2,*1/*2,*2/*1,*1/*2,concordant
cohort2_dragen,cohort2,DRAGEN,HG00639,HG01167,1,*1/*41,*1/*41,*1/*41,*41/*1,*1/*41,concordant
cohort2_dragen,cohort2,DRAGEN,HG00639,HG01192,1,*5/*41,*5/*41,*5/*41,*41/*5,*5/*41,concordant
cohort2_dragen,cohort2,DRAGEN,HG00639,HG01261,1,*1/*5,*1/*5,*1/*5,*1/*5,*1/*5,concordant
cohort2_dragen,cohort2,DRAGEN,HG00639,HG01496,1,*2/*43+*43,*2/*43+*43,*2/*43+*43,*2/*43+*43,*2/*43+*43,concordant
cohort2_dragen,cohort2,DRAGEN,HG00639,HG01530,1,*2/*10,*2/*10,*2/*10,*2/*10,*2/*10,concordant
cohort2_dragen,cohort2,DRAGEN,HG00639,HG01784,1,*1/*68+*4,*1/*68+*4,*1/*4+*68,*4+*68/*1,*1/*4+*68,concordant
cohort2_dragen,cohort2,DRAGEN,HG00639,HG01884,1,*1/*2,*1/*2,*1/*2,*1/*2,*1/*2,concordant
cohort2_dragen,cohort2,DRAGEN,HG00639,HG01940,1,*1/*1,*1/*1,*1/*1,*1/*1,*1/*1,concordant
cohort2_dragen,cohort2,DRAGEN,HG00639,HG01969,1,*1/*2,*1/*2,*1/*2,*1/*2,*1/*2,concordant
cohort2_dragen,cohort2,DRAGEN,HG00639,HG01975,1,*1/*1,*1/*1,*1/*1,*1/*1,*1/*1,concordant
cohort2_dragen,cohort2,DRAGEN,HG00639,HG02015,1,*10/*36.ALDY+*10,*10/*36+*10,*10/*10+*36,*10/*10+*36,*10/*10+*36,concordant
cohort2_dragen,cohort2,DRAGEN,HG00639,HG02027,1,*14/*36.ALDY+*10,*14/*36+*10,*10+*36/*14,*10+*36/*14,*10+*36/*14,concordant
cohort2_dragen,cohort2,DRAGEN,HG00639,HG02040,1,*36.ALDY+*10/*36.ALDY+*10,*36+*10/*36+*10,*10+*36/*10+*36,*10+*36/*10+*36,*10+*36/*10+*36,concordant
cohort2_dragen,cohort2,DRAGEN,HG00639,HG02056,1,*36.ALDY+*10/*36.ALDY+*10,*36+*10/*36+*10,*10+*36/*10+*36,*10+*36/*10+*36,*10+*36/*10+*36,concordant
cohort2_dragen,cohort2,DRAGEN,HG00639,HG02071,1,*2/*36.ALDY+*10,*2/*36+*10,*2/*10+*36,*10+*36/*2,*2/*10+*36,concordant
cohort2_dragen,cohort2,DRAGEN,HG00639,HG02074,1,*36.ALDY+*10/*36.ALDY+*10,*36+*10/*36+*10,*10+*36/*10+*36,*10+*36/*10+*36,*10+*36/*10+*36,concordant
cohort2_dragen,cohort2,DRAGEN,HG00639,HG02083,1,*10+*36.ALDY+*10/*36.ALDY+*10,*10+*36+*10/*36+*10,*10+*10+*36/*10+*36,*10+*36+*36/*10+*36,*10+*36/*10+*36+*36,discordant
cohort2_dragen,cohort2,DRAGEN,HG00639,HG02129,1,*1/*36.ALDY+*10,*1/*36+*10,*1/*10+*36,*1/*10+*36,*1/*10+*36,concordant
cohort2_dragen,cohort2,DRAGEN,HG00639,HG02132,1,*36.ALDY+*10/*36.ALDY+*10,*36+*10/*36+*10,*10+*36/*10+*36,*10+*36/*10+*36,*10+*36/*10+*36,concordant
cohort2_dragen,cohort2,DRAGEN,HG00639,HG02135,1,*36.ALDY+*10/*36.ALDY+*10,*36+*10/*36+*10,*10+*36/*10+*36,*10+*36/*10+*36,*10+*36/*10+*36,concordant
cohort2_dragen,cohort2,DRAGEN,HG00639,HG02155,1,*10+*36.ALDY+*10/*36.ALDY+*10,*10+*36+*10/*36+*10,*10+*10+*36/*10+*36,*10+*36/*10+*36+*36,*10+*36/*10+*36+*36,discordant
cohort2_dragen,cohort2,DRAGEN,HG00639,HG02178,1,*1+*36.ALDY/*36.ALDY+*10,*1+*36/*36+*10,*1+*36/*10+*36,*10+*36+*36/*1,*1/*10+*36+*36,discordant
cohort2_dragen,cohort2,DRAGEN,HG00639,HG02258,1,*1/*17+*17,*1/*17+*17,*1/*17+*17,*17+*17/*1,*1/*17+*17,concordant
cohort2_dragen,cohort2,DRAGEN,HG00639,HG02300,1,*2/*5,*2/*5,*2/*5,*2/*5,*2/*5,concordant
cohort2_dragen,cohort2,DRAGEN,HG00639,HG02486,1,*2/*29,*2/*29,*2/*29,*2/*29,*2/*29,concordant
cohort2_dragen,cohort2,DRAGEN,HG00639,HG02523,1,*1/*5,*1/*5,*1/*5,*5/*1,*1/*5,concordant
cohort2_dragen,cohort2,DRAGEN,HG00639,HG02559,1,*2/*27,*2/*27,*2/*27,*27/*2,*2/*27,concordant
cohort2_dragen,cohort2,DRAGEN,HG00639,HG02602,1,*2/*5,*2/*5,*2/*5,*2/*5,*2/*5,concordant
cohort2_dragen,cohort2,DRAGEN,HG00639,HG02647,1,*4C+*4C/*17,*4+*4/*17,*4+*4/*17,*4+*4/*17,*4+*4/*17,concordant
cohort2_dragen,cohort2,DRAGEN,HG00639,HG02965,1,*4C+*4C/*17,*4+*4/*17,*4+*4/*17,*17/*4+*4,*4+*4/*17,concordant
cohort2_dragen,cohort2,DRAGEN,HG00639,HG03017,1,*1/*2,*1/*2,*1/*2,*1/*2,*1/*2,concordant
cohort2_dragen,cohort2,DRAGEN,HG00639,HG03139,1,*2+*2/*17,*2+*2/*17,*2+*2/*17,*17/*2+*2,*2+*2/*17,concordant
cohort2_dragen,cohort2,DRAGEN,HG00639,HG03225,1,*5/*56B,*5/*56,*5/*56,*56/*5,*5/*56,concordant
cohort2_dragen,cohort2,DRAGEN,HG00639,HG03239,1,*1/*5,*1/*5,*1/*5,*5/*1,*1/*5,concordant
cohort2_dragen,cohort2,DRAGEN,HG00639,HG03471,1,*29/*162,*29/*162,*29/*162,*162/*29,*29/*162,concordant
cohort2_dragen,cohort2,DRAGEN,HG00639,HG03654,1,*2/*2,*2/*2,*2/*2,*2/*2,*2/*2,concordant
cohort2_dragen,cohort2,DRAGEN,HG00639,HG03834,1,*1+*1/*4,*1+*1/*4,*1+*1/*4,*1+*1/*4,*1+*1/*4,concordant
cohort2_dragen,cohort2,DRAGEN,HG00639,HG04184,1,*10/*41,*10/*41,*10/*41,*10/*41,*10/*41,concordant
cohort2_dragen,cohort2,DRAGEN,HG00639,HG04228,1,*1/*43,*1/*43,*1/*43,*43/*1,*1/*43,concordant
cohort2_dragen,cohort2,DRAGEN,HG00639,HG06807,1,*2/*4C+*4C,*2/*4+*4,*2/*4+*4,*2/*4+*4,*2/*4+*4,concordant
cohort2_dragen,cohort2,DRAGEN,HG00639,NA18522,1,*1/*106,*1/*106,*1/*106,*106/*1,*1/*106,concordant
cohort2_dragen,cohort2,DRAGEN,HG00639,NA18565,1,*10/*36.ALDY+*10,*10/*36+*10,*10/*10+*36,*10+*36/*36,*10+*36/*36,discordant
cohort2_dragen,cohort2,DRAGEN,HG00639,NA18747,1,*1/*36.ALDY+*10,*1/*36+*10,*1/*10+*36,*1/*10+*36,*1/*10+*36,concordant
cohort2_dragen,cohort2,DRAGEN,HG00639,NA18952,1,*2/*2,*2/*2,*2/*2,*2/*2,*2/*2,concordant
cohort2_dragen,cohort2,DRAGEN,HG00639,NA18974,1,*2/*5,*2/*5,*2/*5,*2/*5,*2/*5,concordant
cohort2_dragen,cohort2,DRAGEN,HG00639,NA18976,1,*1/*36.ALDY+*10,*1/*36+*10,*1/*10+*36,*10+*36/*1,*1/*10+*36,concordant
cohort2_dragen,cohort2,DRAGEN,HG00639,NA18983,1,*1/*1,*1/*1,*1/*1,*1/*1,*1/*1,concordant
cohort2_dragen,cohort2,DRAGEN,HG00639,NA19043,1,*1/*1,*1/*1,*1/*1,*1/*1,*1/*1,concordant
cohort2_dragen,cohort2,DRAGEN,HG00639,NA19087,1,*1/*5,*1/*5,*1/*5,*5/*1,*1/*5,concordant
cohort2_dragen,cohort2,DRAGEN,HG00639,NA19776,1,*1/*36.ALDY+*10,*1/*36+*10,*1/*10+*36,*1/*10+*36,*1/*10+*36,concordant
cohort2_dragen,cohort2,DRAGEN,HG00639,NA19909,1,*1/*4C+*4C,*1/*4+*4,*1/*4+*4,*4+*4/*1,*1/*4+*4,concordant
cohort2_dragen,cohort2,DRAGEN,HG00639,NA20282,1,*2/*4,*2/*4,*2/*4,*2/*4,*2/*4,concordant
cohort2_dragen,cohort2,DRAGEN,HG00639,NA20752,1,*1/*4,*1/*4,*1/*4,*1/*4,*1/*4,concordant
cohort2_dragen,cohort2,DRAGEN,HG00639,NA20805,1,*35/*68+*4,*35/*68+*4,*4+*68/*35,*35/*4+*68,*4+*68/*35,concordant
cohort2_dragen,cohort2,DRAGEN,HG00639,NA20905,1,*1/*1,*1/*1,*1/*1,*1/*1,*1/*1,concordant
cohort2_dragen,cohort2,DRAGEN,HG00639,NA21102,1,*1/*1,*1/*1,*1/*1,*1/*1,*1/*1,concordant
cohort2_dragen,cohort2,DRAGEN,HG01123,HG00099,1,*1/*5,*1/*5,*1/*5,*1/*5,*1/*5,concordant
cohort2_dragen,cohort2,DRAGEN,HG01123,HG00133,1,*1/*1,*1/*1,*1/*1,*1/*1,*1/*1,concordant
cohort2_dragen,cohort2,DRAGEN,HG01123,HG00232,1,*1+rs769258/*35,*1/*35,*1/*35,*1/*35,*1/*35,concordant
cohort2_dragen,cohort2,DRAGEN,HG01123,HG00253,1,*1/*1,*1/*1,*1/*1,*1/*1,*1/*1,concordant
cohort2_dragen,cohort2,DRAGEN,HG01123,HG00280,1,*2/*41,*2/*41,*2/*41,*2/*41,*2/*41,concordant
cohort2_dragen,cohort2,DRAGEN,HG01123,HG00320,1,*2/*2+*2,*2/*2+*2,*2/*2+*2,*2+*2/*2,*2/*2+*2,concordant
cohort2_dragen,cohort2,DRAGEN,HG01123,HG00350,1,*1/*1,*1/*1,*1/*1,*1/*1,*1/*1,concordant
cohort2_dragen,cohort2,DRAGEN,HG01123,HG00408,1,*10/*36.ALDY+*10,*10/*36+*10,*10/*10+*36,*10+*36/*10,*10/*10+*36,concordant
cohort2_dragen,cohort2,DRAGEN,HG01123,HG00423,1,*10/*10+*10,*10/*10+*10,*10/*10+*10,*10/*10+*10,*10/*10+*10,concordant
cohort2_dragen,cohort2,DRAGEN,HG01123,HG00544,1,*1/*36.ALDY+*10,*1/*36+*10,*1/*10+*36,*1/*10+*36,*1/*10+*36,concordant
cohort2_dragen,cohort2,DRAGEN,HG01123,HG00558,1,*1/*36.ALDY+*10,*1/*36+*10,*1/*10+*36,*10+*36/*1,*1/*10+*36,concordant
cohort2_dragen,cohort2,DRAGEN,HG01123,HG00597,1,*10+*49/*36.ALDY+*10+*83.ALDY,*10+*49/*36+*10+*83,*10+*36+*83/*10+*49,*49/*10+*36+*36+*83,*10+*36+*36+*83/*49,discordant
cohort2_dragen,cohort2,DRAGEN,HG01123,HG00609,1,*36.ALDY+*10+rs1135822/*49,*36+*10/*49,*10+*36/*49,*10+*36/*49,*10+*36/*49,concordant
cohort2_dragen,cohort2,DRAGEN,HG01123,HG00639,1,*1/*1,*1/*1,*1/*1,*1/*1,*1/*1,concordant
cohort2_dragen,cohort2,DRAGEN,HG01123,HG00658,1,*10+*36.ALDY+*10/*36.ALDY+*10,*10+*36+*10/*36+*10,*10+*10+*36/*10+*36,*10+*36/*10+*36+*36,*10+*36/*10+*36+*36,discordant
cohort2_dragen,cohort2,DRAGEN,HG01123,HG01167,1,*1/*41,*1/*41,*1/*41,*41/*1,*1/*41,concordant
cohort2_dragen,cohort2,DRAGEN,HG01123,HG01192,1,*5/*41,*5/*41,*5/*41,*41/*5,*5/*41,concordant
cohort2_dragen,cohort2,DRAGEN,HG01123,HG01261,1,*1/*5,*1/*5,*1/*5,*1/*5,*1/*5,concordant
cohort2_dragen,cohort2,DRAGEN,HG01123,HG01496,1,*2/*43+*43,*2/*43+*43,*2/*43+*43,*2/*43+*43,*2/*43+*43,concordant
cohort2_dragen,cohort2,DRAGEN,HG01123,HG01530,1,*2/*10,*2/*10,*2/*10,*2/*10,*2/*10,concordant
cohort2_dragen,cohort2,DRAGEN,HG01123,HG01784,1,*1/*68+*4,*1/*68+*4,*1/*4+*68,*4+*68/*1,*1/*4+*68,concordant
cohort2_dragen,cohort2,DRAGEN,HG01123,HG01884,1,*1/*2,*1/*2,*1/*2,*1/*2,*1/*2,concordant
cohort2_dragen,cohort2,DRAGEN,HG01123,HG01940,1,*1/*1,*1/*1,*1/*1,*1/*1,*1/*1,concordant
cohort2_dragen,cohort2,DRAGEN,HG01123,HG01969,1,*1/*2,*1/*2,*1/*2,*1/*2,*1/*2,concordant
cohort2_dragen,cohort2,DRAGEN,HG01123,HG01975,1,*1/*1,*1/*1,*1/*1,*1/*1,*1/*1,concordant
cohort2_dragen,cohort2,DRAGEN,HG01123,HG02015,1,*10/*36.ALDY+*10,*10/*36+*10,*10/*10+*36,*10/*10+*36,*10/*10+*36,concordant
cohort2_dragen,cohort2,DRAGEN,HG01123,HG02027,1,*14/*36.ALDY+*10,*14/*36+*10,*10+*36/*14,*10+*36/*14,*10+*36/*14,concordant
cohort2_dragen,cohort2,DRAGEN,HG01123,HG02040,1,*36.ALDY+*10/*36.ALDY+*10,*36+*10/*36+*10,*10+*36/*10+*36,*10+*36/*10+*36,*10+*36/*10+*36,concordant
cohort2_dragen,cohort2,DRAGEN,HG01123,HG02056,1,*36.ALDY+*10/*36.ALDY+*10,*36+*10/*36+*10,*10+*36/*10+*36,*10+*36/*10+*36,*10+*36/*10+*36,concordant
cohort2_dragen,cohort2,DRAGEN,HG01123,HG02071,1,*2/*36.ALDY+*10,*2/*36+*10,*2/*10+*36,*10+*36/*2,*2/*10+*36,concordant
cohort2_dragen,cohort2,DRAGEN,HG01123,HG02074,1,*36.ALDY+*10/*36.ALDY+*10,*36+*10/*36+*10,*10+*36/*10+*36,*10+*36/*10+*36,*10+*36/*10+*36,concordant
cohort2_dragen,cohort2,DRAGEN,HG01123,HG02083,1,*10+*36.ALDY+*10/*36.ALDY+*10,*10+*36+*10/*36+*10,*10+*10+*36/*10+*36,*10+*36+*36/*10+*36,*10+*36/*10+*36+*36,discordant
cohort2_dragen,cohort2,DRAGEN,HG01123,HG02129,1,*1/*36.ALDY+*10,*1/*36+*10,*1/*10+*36,*1/*10+*36,*1/*10+*36,concordant
cohort2_dragen,cohort2,DRAGEN,HG01123,HG02132,1,*36.ALDY+*10/*36.ALDY+*10,*36+*10/*36+*10,*10+*36/*10+*36,*10+*36/*10+*36,*10+*36/*10+*36,concordant
cohort2_dragen,cohort2,DRAGEN,HG01123,HG02135,1,*36.ALDY+*10/*36.ALDY+*10,*36+*10/*36+*10,*10+*36/*10+*36,*10+*36/*10+*36,*10+*36/*10+*36,concordant
cohort2_dragen,cohort2,DRAGEN,HG01123,HG02155,1,*10+*36.ALDY+*10/*36.ALDY+*10,*10+*36+*10/*36+*10,*10+*10+*36/*10+*36,*10+*36/*10+*36+*36,*10+*36/*10+*36+*36,discordant
cohort2_dragen,cohort2,DRAGEN,HG01123,HG02178,1,*1+*36.ALDY/*36.ALDY+*10,*1+*36/*36+*10,*1+*36/*10+*36,*10+*36+*36/*1,*1/*10+*36+*36,discordant
cohort2_dragen,cohort2,DRAGEN,HG01123,HG02258,1,*1/*17+*17,*1/*17+*17,*1/*17+*17,*17+*17/*1,*1/*17+*17,concordant
cohort2_dragen,cohort2,DRAGEN,HG01123,HG02300,1,*2/*5,*2/*5,*2/*5,*2/*5,*2/*5,concordant
cohort2_dragen,cohort2,DRAGEN,HG01123,HG02486,1,*2/*29,*2/*29,*2/*29,*2/*29,*2/*29,concordant
cohort2_dragen,cohort2,DRAGEN,HG01123,HG02523,1,*1/*5,*1/*5,*1/*5,*5/*1,*1/*5,concordant
cohort2_dragen,cohort2,DRAGEN,HG01123,HG02559,1,*2/*27,*2/*27,*2/*27,*27/*2,*2/*27,concordant
cohort2_dragen,cohort2,DRAGEN,HG01123,HG02602,1,*2/*5,*2/*5,*2/*5,*2/*5,*2/*5,concordant
cohort2_dragen,cohort2,DRAGEN,HG01123,HG02647,1,*4C+*4C/*17,*4+*4/*17,*4+*4/*17,*4+*4/*17,*4+*4/*17,concordant
cohort2_dragen,cohort2,DRAGEN,HG01123,HG02965,1,*4C+*4C/*17,*4+*4/*17,*4+*4/*17,*17/*4+*4,*4+*4/*17,concordant
cohort2_dragen,cohort2,DRAGEN,HG01123,HG03017,1,*1/*2,*1/*2,*1/*2,*1/*2,*1/*2,concordant
cohort2_dragen,cohort2,DRAGEN,HG01123,HG03139,1,*2+*2/*17,*2+*2/*17,*2+*2/*17,*17/*2+*2,*2+*2/*17,concordant
cohort2_dragen,cohort2,DRAGEN,HG01123,HG03225,1,*5/*56B,*5/*56,*5/*56,*56/*5,*5/*56,concordant
cohort2_dragen,cohort2,DRAGEN,HG01123,HG03239,1,*1/*5,*1/*5,*1/*5,*5/*1,*1/*5,concordant
cohort2_dragen,cohort2,DRAGEN,HG01123,HG03471,1,*29/*162,*29/*162,*29/*162,*162/*29,*29/*162,concordant
cohort2_dragen,cohort2,DRAGEN,HG01123,HG03654,1,*2/*2,*2/*2,*2/*2,*2/*2,*2/*2,concordant
cohort2_dragen,cohort2,DRAGEN,HG01123,HG03834,1,*1+*1/*4,*1+*1/*4,*1+*1/*4,*1+*1/*4,*1+*1/*4,concordant
cohort2_dragen,cohort2,DRAGEN,HG01123,HG04184,1,*10/*41,*10/*41,*10/*41,*10/*41,*10/*41,concordant
cohort2_dragen,cohort2,DRAGEN,HG01123,HG04228,1,*1/*43,*1/*43,*1/*43,*43/*1,*1/*43,concordant
cohort2_dragen,cohort2,DRAGEN,HG01123,HG06807,1,*2/*4C+*4C,*2/*4+*4,*2/*4+*4,*2/*4+*4,*2/*4+*4,concordant
cohort2_dragen,cohort2,DRAGEN,HG01123,NA18522,1,*1/*106,*1/*106,*1/*106,*106/*1,*1/*106,concordant
cohort2_dragen,cohort2,DRAGEN,HG01123,NA18565,1,*10/*36.ALDY+*10,*10/*36+*10,*10/*10+*36,*10+*36/*36,*10+*36/*36,discordant
cohort2_dragen,cohort2,DRAGEN,HG01123,NA18747,1,*1/*36.ALDY+*10,*1/*36+*10,*1/*10+*36,*1/*10+*36,*1/*10+*36,concordant
cohort2_dragen,cohort2,DRAGEN,HG01123,NA18952,1,*2/*2,*2/*2,*2/*2,*2/*2,*2/*2,concordant
cohort2_dragen,cohort2,DRAGEN,HG01123,NA18974,1,*2/*5,*2/*5,*2/*5,*2/*5,*2/*5,concordant
cohort2_dragen,cohort2,DRAGEN,HG01123,NA18976,1,*1/*36.ALDY+*10,*1/*36+*10,*1/*10+*36,*10+*36/*1,*1/*10+*36,concordant
cohort2_dragen,cohort2,DRAGEN,HG01123,NA18983,1,*1/*1,*1/*1,*1/*1,*1/*1,*1/*1,concordant
cohort2_dragen,cohort2,DRAGEN,HG01123,NA19043,1,*1/*1,*1/*1,*1/*1,*1/*1,*1/*1,concordant
cohort2_dragen,cohort2,DRAGEN,HG01123,NA19087,1,*1/*5,*1/*5,*1/*5,*5/*1,*1/*5,concordant
cohort2_dragen,cohort2,DRAGEN,HG01123,NA19776,1,*1/*36.ALDY+*10,*1/*36+*10,*1/*10+*36,*1/*10+*36,*1/*10+*36,concordant
cohort2_dragen,cohort2,DRAGEN,HG01123,NA19909,1,*1/*4C+*4C,*1/*4+*4,*1/*4+*4,*4+*4/*1,*1/*4+*4,concordant
cohort2_dragen,cohort2,DRAGEN,HG01123,NA20282,1,*2/*4,*2/*4,*2/*4,*2/*4,*2/*4,concordant
cohort2_dragen,cohort2,DRAGEN,HG01123,NA20752,1,*1/*4,*1/*4,*1/*4,*1/*4,*1/*4,concordant
cohort2_dragen,cohort2,DRAGEN,HG01123,NA20805,1,*35/*68+*4,*35/*68+*4,*4+*68/*35,*35/*4+*68,*4+*68/*35,concordant
cohort2_dragen,cohort2,DRAGEN,HG01123,NA20905,1,*1/*1,*1/*1,*1/*1,*1/*1,*1/*1,concordant
cohort2_dragen,cohort2,DRAGEN,HG01123,NA21102,1,*1/*1,*1/*1,*1/*1,*1/*1,*1/*1,concordant
cohort2_dragen,cohort2,DRAGEN,HG01167,HG00099,1,*1/*5,*1/*5,*1/*5,*1/*5,*1/*5,concordant
cohort2_dragen,cohort2,DRAGEN,HG01167,HG00133,1,*1/*1,*1/*1,*1/*1,*1/*1,*1/*1,concordant
cohort2_dragen,cohort2,DRAGEN,HG01167,HG00232,1,*1+rs769258/*35,*1/*35,*1/*35,*1/*35,*1/*35,concordant
cohort2_dragen,cohort2,DRAGEN,HG01167,HG00253,1,*1/*1,*1/*1,*1/*1,*1/*1,*1/*1,concordant
cohort2_dragen,cohort2,DRAGEN,HG01167,HG00280,1,*2/*41,*2/*41,*2/*41,*2/*41,*2/*41,concordant
cohort2_dragen,cohort2,DRAGEN,HG01167,HG00320,1,*2/*2+*2,*2/*2+*2,*2/*2+*2,*2+*2/*2,*2/*2+*2,concordant
cohort2_dragen,cohort2,DRAGEN,HG01167,HG00350,1,*1/*1,*1/*1,*1/*1,*1/*1,*1/*1,concordant
cohort2_dragen,cohort2,DRAGEN,HG01167,HG00408,1,*10/*36.ALDY+*10,*10/*36+*10,*10/*10+*36,*10+*36/*10,*10/*10+*36,concordant
cohort2_dragen,cohort2,DRAGEN,HG01167,HG00423,1,*10/*10+*10,*10/*10+*10,*10/*10+*10,*10/*10+*10,*10/*10+*10,concordant
cohort2_dragen,cohort2,DRAGEN,HG01167,HG00544,1,*1/*36.ALDY+*10,*1/*36+*10,*1/*10+*36,*1/*10+*36,*1/*10+*36,concordant
cohort2_dragen,cohort2,DRAGEN,HG01167,HG00558,1,*1/*36.ALDY+*10,*1/*36+*10,*1/*10+*36,*10+*36/*1,*1/*10+*36,concordant
cohort2_dragen,cohort2,DRAGEN,HG01167,HG00597,1,*10+*49/*36.ALDY+*10+*83.ALDY,*10+*49/*36+*10+*83,*10+*36+*83/*10+*49,*49/*10+*36+*36+*83,*10+*36+*36+*83/*49,discordant
cohort2_dragen,cohort2,DRAGEN,HG01167,HG00609,1,*36.ALDY+*10+rs1135822/*49,*36+*10/*49,*10+*36/*49,*10+*36/*49,*10+*36/*49,concordant
cohort2_dragen,cohort2,DRAGEN,HG01167,HG00639,1,*1/*1,*1/*1,*1/*1,*1/*1,*1/*1,concordant
cohort2_dragen,cohort2,DRAGEN,HG01167,HG00658,1,*10+*36.ALDY+*10/*36.ALDY+*10,*10+*36+*10/*36+*10,*10+*10+*36/*10+*36,*10+*36/*10+*36+*36,*10+*36/*10+*36+*36,discordant
cohort2_dragen,cohort2,DRAGEN,HG01167,HG01123,1,*1/*2,*1/*2,*1/*2,*2/*1,*1/*2,concordant
cohort2_dragen,cohort2,DRAGEN,HG01167,HG01192,1,*5/*41,*5/*41,*5/*41,*41/*5,*5/*41,concordant
cohort2_dragen,cohort2,DRAGEN,HG01167,HG01261,1,*1/*5,*1/*5,*1/*5,*1/*5,*1/*5,concordant
cohort2_dragen,cohort2,DRAGEN,HG01167,HG01496,1,*2/*43+*43,*2/*43+*43,*2/*43+*43,*2/*43+*43,*2/*43+*43,concordant
cohort2_dragen,cohort2,DRAGEN,HG01167,HG01530,1,*2/*10,*2/*10,*2/*10,*2/*10,*2/*10,concordant
cohort2_dragen,cohort2,DRAGEN,HG01167,HG01784,1,*1/*68+*4,*1/*68+*4,*1/*4+*68,*4+*68/*1,*1/*4+*68,concordant
cohort2_dragen,cohort2,DRAGEN,HG01167,HG01884,1,*1/*2,*1/*2,*1/*2,*1/*2,*1/*2,concordant
cohort2_dragen,cohort2,DRAGEN,HG01167,HG01940,1,*1/*1,*1/*1,*1/*1,*1/*1,*1/*1,concordant
cohort2_dragen,cohort2,DRAGEN,HG01167,HG01969,1,*1/*2,*1/*2,*1/*2,*1/*2,*1/*2,concordant
cohort2_dragen,cohort2,DRAGEN,HG01167,HG01975,1,*1/*1,*1/*1,*1/*1,*1/*1,*1/*1,concordant
cohort2_dragen,cohort2,DRAGEN,HG01167,HG02015,1,*10/*36.ALDY+*10,*10/*36+*10,*10/*10+*36,*10/*10+*36,*10/*10+*36,concordant
cohort2_dragen,cohort2,DRAGEN,HG01167,HG02027,1,*14/*36.ALDY+*10,*14/*36+*10,*10+*36/*14,*10+*36/*14,*10+*36/*14,concordant
cohort2_dragen,cohort2,DRAGEN,HG01167,HG02040,1,*36.ALDY+*10/*36.ALDY+*10,*36+*10/*36+*10,*10+*36/*10+*36,*10+*36/*10+*36,*10+*36/*10+*36,concordant
cohort2_dragen,cohort2,DRAGEN,HG01167,HG02056,1,*36.ALDY+*10/*36.ALDY+*10,*36+*10/*36+*10,*10+*36/*10+*36,*10+*36/*10+*36,*10+*36/*10+*36,concordant
cohort2_dragen,cohort2,DRAGEN,HG01167,HG02071,1,*2/*36.ALDY+*10,*2/*36+*10,*2/*10+*36,*10+*36/*2,*2/*10+*36,concordant
cohort2_dragen,cohort2,DRAGEN,HG01167,HG02074,1,*36.ALDY+*10/*36.ALDY+*10,*36+*10/*36+*10,*10+*36/*10+*36,*10+*36/*10+*36,*10+*36/*10+*36,concordant
cohort2_dragen,cohort2,DRAGEN,HG01167,HG02083,1,*10+*36.ALDY+*10/*36.ALDY+*10,*10+*36+*10/*36+*10,*10+*10+*36/*10+*36,*10+*36+*36/*10+*36,*10+*36/*10+*36+*36,discordant
cohort2_dragen,cohort2,DRAGEN,HG01167,HG02129,1,*1/*36.ALDY+*10,*1/*36+*10,*1/*10+*36,*1/*10+*36,*1/*10+*36,concordant
cohort2_dragen,cohort2,DRAGEN,HG01167,HG02132,1,*36.ALDY+*10/*36.ALDY+*10,*36+*10/*36+*10,*10+*36/*10+*36,*10+*36/*10+*36,*10+*36/*10+*36,concordant
cohort2_dragen,cohort2,DRAGEN,HG01167,HG02135,1,*36.ALDY+*10/*36.ALDY+*10,*36+*10/*36+*10,*10+*36/*10+*36,*10+*36/*10+*36,*10+*36/*10+*36,concordant
cohort2_dragen,cohort2,DRAGEN,HG01167,HG02155,1,*10+*36.ALDY+*10/*36.ALDY+*10,*10+*36+*10/*36+*10,*10+*10+*36/*10+*36,*10+*36/*10+*36+*36,*10+*36/*10+*36+*36,discordant
cohort2_dragen,cohort2,DRAGEN,HG01167,HG02178,1,*1+*36.ALDY/*36.ALDY+*10,*1+*36/*36+*10,*1+*36/*10+*36,*10+*36+*36/*1,*1/*10+*36+*36,discordant
cohort2_dragen,cohort2,DRAGEN,HG01167,HG02258,1,*1/*17+*17,*1/*17+*17,*1/*17+*17,*17+*17/*1,*1/*17+*17,concordant
cohort2_dragen,cohort2,DRAGEN,HG01167,HG02300,1,*2/*5,*2/*5,*2/*5,*2/*5,*2/*5,concordant
cohort2_dragen,cohort2,DRAGEN,HG01167,HG02486,1,*2/*29,*2/*29,*2/*29,*2/*29,*2/*29,concordant
cohort2_dragen,cohort2,DRAGEN,HG01167,HG02523,1,*1/*5,*1/*5,*1/*5,*5/*1,*1/*5,concordant
cohort2_dragen,cohort2,DRAGEN,HG01167,HG02559,1,*2/*27,*2/*27,*2/*27,*27/*2,*2/*27,concordant
cohort2_dragen,cohort2,DRAGEN,HG01167,HG02602,1,*2/*5,*2/*5,*2/*5,*2/*5,*2/*5,concordant
cohort2_dragen,cohort2,DRAGEN,HG01167,HG02647,1,*4C+*4C/*17,*4+*4/*17,*4+*4/*17,*4+*4/*17,*4+*4/*17,concordant
cohort2_dragen,cohort2,DRAGEN,HG01167,HG02965,1,*4C+*4C/*17,*4+*4/*17,*4+*4/*17,*17/*4+*4,*4+*4/*17,concordant
cohort2_dragen,cohort2,DRAGEN,HG01167,HG03017,1,*1/*2,*1/*2,*1/*2,*1/*2,*1/*2,concordant
cohort2_dragen,cohort2,DRAGEN,HG01167,HG03139,1,*2+*2/*17,*2+*2/*17,*2+*2/*17,*17/*2+*2,*2+*2/*17,concordant
cohort2_dragen,cohort2,DRAGEN,HG01167,HG03225,1,*5/*56B,*5/*56,*5/*56,*56/*5,*5/*56,concordant
cohort2_dragen,cohort2,DRAGEN,HG01167,HG03239,1,*1/*5,*1/*5,*1/*5,*5/*1,*1/*5,concordant
cohort2_dragen,cohort2,DRAGEN,HG01167,HG03471,1,*29/*162,*29/*162,*29/*162,*162/*29,*29/*162,concordant
cohort2_dragen,cohort2,DRAGEN,HG01167,HG03654,1,*2/*2,*2/*2,*2/*2,*2/*2,*2/*2,concordant
cohort2_dragen,cohort2,DRAGEN,HG01167,HG03834,1,*1+*1/*4,*1+*1/*4,*1+*1/*4,*1+*1/*4,*1+*1/*4,concordant
cohort2_dragen,cohort2,DRAGEN,HG01167,HG04184,1,*10/*41,*10/*41,*10/*41,*10/*41,*10/*41,concordant
cohort2_dragen,cohort2,DRAGEN,HG01167,HG04228,1,*1/*43,*1/*43,*1/*43,*43/*1,*1/*43,concordant
cohort2_dragen,cohort2,DRAGEN,HG01167,HG06807,1,*2/*4C+*4C,*2/*4+*4,*2/*4+*4,*2/*4+*4,*2/*4+*4,concordant
cohort2_dragen,cohort2,DRAGEN,HG01167,NA18522,1,*1/*106,*1/*106,*1/*106,*106/*1,*1/*106,concordant
cohort2_dragen,cohort2,DRAGEN,HG01167,NA18565,1,*10/*36.ALDY+*10,*10/*36+*10,*10/*10+*36,*10+*36/*36,*10+*36/*36,discordant
cohort2_dragen,cohort2,DRAGEN,HG01167,NA18747,1,*1/*36.ALDY+*10,*1/*36+*10,*1/*10+*36,*1/*10+*36,*1/*10+*36,concordant
cohort2_dragen,cohort2,DRAGEN,HG01167,NA18952,1,*2/*2,*2/*2,*2/*2,*2/*2,*2/*2,concordant
cohort2_dragen,cohort2,DRAGEN,HG01167,NA18974,1,*2/*5,*2/*5,*2/*5,*2/*5,*2/*5,concordant
cohort2_dragen,cohort2,DRAGEN,HG01167,NA18976,1,*1/*36.ALDY+*10,*1/*36+*10,*1/*10+*36,*10+*36/*1,*1/*10+*36,concordant
cohort2_dragen,cohort2,DRAGEN,HG01167,NA18983,1,*1/*1,*1/*1,*1/*1,*1/*1,*1/*1,concordant
cohort2_dragen,cohort2,DRAGEN,HG01167,NA19043,1,*1/*1,*1/*1,*1/*1,*1/*1,*1/*1,concordant
cohort2_dragen,cohort2,DRAGEN,HG01167,NA19087,1,*1/*5,*1/*5,*1/*5,*5/*1,*1/*5,concordant
cohort2_dragen,cohort2,DRAGEN,HG01167,NA19776,1,*1/*36.ALDY+*10,*1/*36+*10,*1/*10+*36,*1/*10+*36,*1/*10+*36,concordant
cohort2_dragen,cohort2,DRAGEN,HG01167,NA19909,1,*1/*4C+*4C,*1/*4+*4,*1/*4+*4,*4+*4/*1,*1/*4+*4,concordant
cohort2_dragen,cohort2,DRAGEN,HG01167,NA20282,1,*2/*4,*2/*4,*2/*4,*2/*4,*2/*4,concordant
cohort2_dragen,cohort2,DRAGEN,HG01167,NA20752,1,*1/*4,*1/*4,*1/*4,*1/*4,*1/*4,concordant
cohort2_dragen,cohort2,DRAGEN,HG01167,NA20805,1,*35/*68+*4,*35/*68+*4,*4+*68/*35,*35/*4+*68,*4+*68/*35,concordant
cohort2_dragen,cohort2,DRAGEN,HG01167,NA20905,1,*1/*1,*1/*1,*1/*1,*1/*1,*1/*1,concordant
cohort2_dragen,cohort2,DRAGEN,HG01167,NA21102,1,*1/*1,*1/*1,*1/*1,*1/*1,*1/*1,concordant
cohort2_dragen,cohort2,DRAGEN,HG01530,HG00099,1,*1/*5,*1/*5,*1/*5,*1/*5,*1/*5,concordant
cohort2_dragen,cohort2,DRAGEN,HG01530,HG00133,1,*1/*1,*1/*1,*1/*1,*1/*1,*1/*1,concordant
cohort2_dragen,cohort2,DRAGEN,HG01530,HG00232,1,*1+rs769258/*35,*1/*35,*1/*35,*1/*35,*1/*35,concordant
cohort2_dragen,cohort2,DRAGEN,HG01530,HG00253,1,*1/*1,*1/*1,*1/*1,*1/*1,*1/*1,concordant
cohort2_dragen,cohort2,DRAGEN,HG01530,HG00280,1,*2/*41,*2/*41,*2/*41,*2/*41,*2/*41,concordant
cohort2_dragen,cohort2,DRAGEN,HG01530,HG00320,1,*2/*2+*2,*2/*2+*2,*2/*2+*2,*2+*2/*2,*2/*2+*2,concordant
cohort2_dragen,cohort2,DRAGEN,HG01530,HG00350,1,*1/*1,*1/*1,*1/*1,*1/*1,*1/*1,concordant
cohort2_dragen,cohort2,DRAGEN,HG01530,HG00408,1,*10/*36.ALDY+*10,*10/*36+*10,*10/*10+*36,*10+*36/*10,*10/*10+*36,concordant
cohort2_dragen,cohort2,DRAGEN,HG01530,HG00423,1,*10/*10+*10,*10/*10+*10,*10/*10+*10,*10/*10+*10,*10/*10+*10,concordant
cohort2_dragen,cohort2,DRAGEN,HG01530,HG00544,1,*1/*36.ALDY+*10,*1/*36+*10,*1/*10+*36,*1/*10+*36,*1/*10+*36,concordant
cohort2_dragen,cohort2,DRAGEN,HG01530,HG00558,1,*1/*36.ALDY+*10,*1/*36+*10,*1/*10+*36,*10+*36/*1,*1/*10+*36,concordant
cohort2_dragen,cohort2,DRAGEN,HG01530,HG00597,1,*36.ALDY+*36.ALDY/*39+*49,*36+*36/*39+*49,*36+*36/*39+*49,*49/*10+*36+*36+*83,*10+*36+*36+*83/*49,discordant
cohort2_dragen,cohort2,DRAGEN,HG01530,HG00609,1,*36.ALDY+*10+rs1135822/*49,*36+*10/*49,*10+*36/*49,*10+*36/*49,*10+*36/*49,concordant
cohort2_dragen,cohort2,DRAGEN,HG01530,HG00639,1,*1/*1,*1/*1,*1/*1,*1/*1,*1/*1,concordant
cohort2_dragen,cohort2,DRAGEN,HG01530,HG00658,1,*36.ALDY+*10/*36.ALDY+*10,*36+*10/*36+*10,*10+*36/*10+*36,*10+*36/*10+*36+*36,*10+*36/*10+*36+*36,discordant
cohort2_dragen,cohort2,DRAGEN,HG01530,HG01123,1,*1/*2,*1/*2,*1/*2,*2/*1,*1/*2,concordant
cohort2_dragen,cohort2,DRAGEN,HG01530,HG01167,1,*1/*41,*1/*41,*1/*41,*41/*1,*1/*41,concordant
cohort2_dragen,cohort2,DRAGEN,HG01530,HG01192,1,*5/*41,*5/*41,*5/*41,*41/*5,*5/*41,concordant
cohort2_dragen,cohort2,DRAGEN,HG01530,HG01261,1,*1/*5,*1/*5,*1/*5,*1/*5,*1/*5,concordant
cohort2_dragen,cohort2,DRAGEN,HG01530,HG01496,1,*2/*43+*43,*2/*43+*43,*2/*43+*43,*2/*43+*43,*2/*43+*43,concordant
cohort2_dragen,cohort2,DRAGEN,HG01530,HG01784,1,*1/*68+*4,*1/*68+*4,*1/*4+*68,*4+*68/*1,*1/*4+*68,concordant
cohort2_dragen,cohort2,DRAGEN,HG01530,HG01884,1,*1/*2,*1/*2,*1/*2,*1/*2,*1/*2,concordant
cohort2_dragen,cohort2,DRAGEN,HG01530,HG01940,1,*1/*1,*1/*1,*1/*1,*1/*1,*1/*1,concordant
cohort2_dragen,cohort2,DRAGEN,HG01530,HG01969,1,*1/*2,*1/*2,*1/*2,*1/*2,*1/*2,concordant
cohort2_dragen,cohort2,DRAGEN,HG01530,HG01975,1,*1/*1,*1/*1,*1/*1,*1/*1,*1/*1,concordant
cohort2_dragen,cohort2,DRAGEN,HG01530,HG02015,1,*10/*36.ALDY+*10,*10/*36+*10,*10/*10+*36,*10/*10+*36,*10/*10+*36,concordant
cohort2_dragen,cohort2,DRAGEN,HG01530,HG02027,1,*14/*36.ALDY+*10,*14/*36+*10,*10+*36/*14,*10+*36/*14,*10+*36/*14,concordant
cohort2_dragen,cohort2,DRAGEN,HG01530,HG02040,1,*36.ALDY+*10/*36.ALDY+*10,*36+*10/*36+*10,*10+*36/*10+*36,*10+*36/*10+*36,*10+*36/*10+*36,concordant
cohort2_dragen,cohort2,DRAGEN,HG01530,HG02056,1,*36.ALDY+*10/*36.ALDY+*10,*36+*10/*36+*10,*10+*36/*10+*36,*10+*36/*10+*36,*10+*36/*10+*36,concordant
cohort2_dragen,cohort2,DRAGEN,HG01530,HG02071,1,*2/*36.ALDY+*10,*2/*36+*10,*2/*10+*36,*10+*36/*2,*2/*10+*36,concordant
cohort2_dragen,cohort2,DRAGEN,HG01530,HG02074,1,*36.ALDY+*10/*36.ALDY+*10,*36+*10/*36+*10,*10+*36/*10+*36,*10+*36/*10+*36,*10+*36/*10+*36,concordant
cohort2_dragen,cohort2,DRAGEN,HG01530,HG02083,1,*36.ALDY+*10/*36.ALDY+*10,*36+*10/*36+*10,*10+*36/*10+*36,*10+*36+*36/*10+*36,*10+*36/*10+*36+*36,discordant
cohort2_dragen,cohort2,DRAGEN,HG01530,HG02129,1,*1/*36.ALDY+*10,*1/*36+*10,*1/*10+*36,*1/*10+*36,*1/*10+*36,concordant
cohort2_dragen,cohort2,DRAGEN,HG01530,HG02132,1,*36.ALDY+*10/*36.ALDY+*10,*36+*10/*36+*10,*10+*36/*10+*36,*10+*36/*10+*36,*10+*36/*10+*36,concordant
cohort2_dragen,cohort2,DRAGEN,HG01530,HG02135,1,*36.ALDY+*10/*36.ALDY+*10,*36+*10/*36+*10,*10+*36/*10+*36,*10+*36/*10+*36,*10+*36/*10+*36,concordant
cohort2_dragen,cohort2,DRAGEN,HG01530,HG02155,1,*10+*36.ALDY+*10/*36.ALDY+*10,*10+*36+*10/*36+*10,*10+*10+*36/*10+*36,*10+*36/*10+*36+*36,*10+*36/*10+*36+*36,discordant
cohort2_dragen,cohort2,DRAGEN,HG01530,HG02178,1,*1+*36.ALDY/*36.ALDY+*10,*1+*36/*36+*10,*1+*36/*10+*36,*10+*36+*36/*1,*1/*10+*36+*36,discordant
cohort2_dragen,cohort2,DRAGEN,HG01530,HG02258,1,*1/*17+*17,*1/*17+*17,*1/*17+*17,*17+*17/*1,*1/*17+*17,concordant
cohort2_dragen,cohort2,DRAGEN,HG01530,HG02300,1,*2/*5,*2/*5,*2/*5,*2/*5,*2/*5,concordant
cohort2_dragen,cohort2,DRAGEN,HG01530,HG02486,1,*2/*29,*2/*29,*2/*29,*2/*29,*2/*29,concordant
cohort2_dragen,cohort2,DRAGEN,HG01530,HG02523,1,*1/*5,*1/*5,*1/*5,*5/*1,*1/*5,concordant
cohort2_dragen,cohort2,DRAGEN,HG01530,HG02559,1,*2/*27,*2/*27,*2/*27,*27/*2,*2/*27,concordant
cohort2_dragen,cohort2,DRAGEN,HG01530,HG02602,1,*2/*5,*2/*5,*2/*5,*2/*5,*2/*5,concordant
cohort2_dragen,cohort2,DRAGEN,HG01530,HG02647,1,*4C+*4C/*17,*4+*4/*17,*4+*4/*17,*4+*4/*17,*4+*4/*17,concordant
cohort2_dragen,cohort2,DRAGEN,HG01530,HG02965,1,*4C+*4C/*17,*4+*4/*17,*4+*4/*17,*17/*4+*4,*4+*4/*17,concordant
cohort2_dragen,cohort2,DRAGEN,HG01530,HG03017,1,*1/*2,*1/*2,*1/*2,*1/*2,*1/*2,concordant
cohort2_dragen,cohort2,DRAGEN,HG01530,HG03139,1,*2+*2/*17,*2+*2/*17,*2+*2/*17,*17/*2+*2,*2+*2/*17,concordant
cohort2_dragen,cohort2,DRAGEN,HG01530,HG03225,1,*5/*56B,*5/*56,*5/*56,*56/*5,*5/*56,concordant
cohort2_dragen,cohort2,DRAGEN,HG01530,HG03239,1,*1/*5,*1/*5,*1/*5,*5/*1,*1/*5,concordant
cohort2_dragen,cohort2,DRAGEN,HG01530,HG03471,1,*29/*162,*29/*162,*29/*162,*162/*29,*29/*162,concordant
cohort2_dragen,cohort2,DRAGEN,HG01530,HG03654,1,*2/*2,*2/*2,*2/*2,*2/*2,*2/*2,concordant
cohort2_dragen,cohort2,DRAGEN,HG01530,HG03834,1,*1+*1/*4,*1+*1/*4,*1+*1/*4,*1+*1/*4,*1+*1/*4,concordant
cohort2_dragen,cohort2,DRAGEN,HG01530,HG04184,1,*10/*41,*10/*41,*10/*41,*10/*41,*10/*41,concordant
cohort2_dragen,cohort2,DRAGEN,HG01530,HG04228,1,*1/*43,*1/*43,*1/*43,*43/*1,*1/*43,concordant
cohort2_dragen,cohort2,DRAGEN,HG01530,HG06807,1,*2/*4C+*4C,*2/*4+*4,*2/*4+*4,*2/*4+*4,*2/*4+*4,concordant
cohort2_dragen,cohort2,DRAGEN,HG01530,NA18522,1,*1/*106,*1/*106,*1/*106,*106/*1,*1/*106,concordant
cohort2_dragen,cohort2,DRAGEN,HG01530,NA18565,1,*10/*36.ALDY+*10,*10/*36+*10,*10/*10+*36,*10+*36/*36,*10+*36/*36,discordant
cohort2_dragen,cohort2,DRAGEN,HG01530,NA18747,1,*1/*36.ALDY+*10,*1/*36+*10,*1/*10+*36,*1/*10+*36,*1/*10+*36,concordant
cohort2_dragen,cohort2,DRAGEN,HG01530,NA18952,1,*2/*2,*2/*2,*2/*2,*2/*2,*2/*2,concordant
cohort2_dragen,cohort2,DRAGEN,HG01530,NA18974,1,*2/*5,*2/*5,*2/*5,*2/*5,*2/*5,concordant
cohort2_dragen,cohort2,DRAGEN,HG01530,NA18976,1,*1/*36.ALDY+*10,*1/*36+*10,*1/*10+*36,*10+*36/*1,*1/*10+*36,concordant
cohort2_dragen,cohort2,DRAGEN,HG01530,NA18983,1,*1/*1,*1/*1,*1/*1,*1/*1,*1/*1,concordant
cohort2_dragen,cohort2,DRAGEN,HG01530,NA19043,1,*1/*1,*1/*1,*1/*1,*1/*1,*1/*1,concordant
cohort2_dragen,cohort2,DRAGEN,HG01530,NA19087,1,*1/*5,*1/*5,*1/*5,*5/*1,*1/*5,concordant
cohort2_dragen,cohort2,DRAGEN,HG01530,NA19776,1,*1/*36.ALDY+*10,*1/*36+*10,*1/*10+*36,*1/*10+*36,*1/*10+*36,concordant
cohort2_dragen,cohort2,DRAGEN,HG01530,NA19909,1,*1/*4C+*4C,*1/*4+*4,*1/*4+*4,*4+*4/*1,*1/*4+*4,concordant
cohort2_dragen,cohort2,DRAGEN,HG01530,NA20282,1,*2/*4,*2/*4,*2/*4,*2/*4,*2/*4,concordant
cohort2_dragen,cohort2,DRAGEN,HG01530,NA20752,1,*1/*4,*1/*4,*1/*4,*1/*4,*1/*4,concordant
cohort2_dragen,cohort2,DRAGEN,HG01530,NA20805,1,*35/*68+*4,*35/*68+*4,*4+*68/*35,*35/*4+*68,*4+*68/*35,concordant
cohort2_dragen,cohort2,DRAGEN,HG01530,NA20905,1,*1/*1,*1/*1,*1/*1,*1/*1,*1/*1,concordant
cohort2_dragen,cohort2,DRAGEN,HG01530,NA21102,1,*1/*1,*1/*1,*1/*1,*1/*1,*1/*1,concordant
cohort2_dragen,cohort2,DRAGEN,HG01884,HG00099,1,*1/*5,*1/*5,*1/*5,*1/*5,*1/*5,concordant
cohort2_dragen,cohort2,DRAGEN,HG01884,HG00133,1,*1/*1,*1/*1,*1/*1,*1/*1,*1/*1,concordant
cohort2_dragen,cohort2,DRAGEN,HG01884,HG00232,1,*1+rs769258/*35,*1/*35,*1/*35,*1/*35,*1/*35,concordant
cohort2_dragen,cohort2,DRAGEN,HG01884,HG00253,1,*1/*1,*1/*1,*1/*1,*1/*1,*1/*1,concordant
cohort2_dragen,cohort2,DRAGEN,HG01884,HG00280,1,*2/*41,*2/*41,*2/*41,*2/*41,*2/*41,concordant
cohort2_dragen,cohort2,DRAGEN,HG01884,HG00320,1,*2/*2+*2,*2/*2+*2,*2/*2+*2,*2+*2/*2,*2/*2+*2,concordant
cohort2_dragen,cohort2,DRAGEN,HG01884,HG00350,1,*1/*1,*1/*1,*1/*1,*1/*1,*1/*1,concordant
cohort2_dragen,cohort2,DRAGEN,HG01884,HG00408,1,*10/*36.ALDY+*10,*10/*36+*10,*10/*10+*36,*10+*36/*10,*10/*10+*36,concordant
cohort2_dragen,cohort2,DRAGEN,HG01884,HG00423,1,*10/*10+*10,*10/*10+*10,*10/*10+*10,*10/*10+*10,*10/*10+*10,concordant
cohort2_dragen,cohort2,DRAGEN,HG01884,HG00544,1,*1/*36.ALDY+*10,*1/*36+*10,*1/*10+*36,*1/*10+*36,*1/*10+*36,concordant
cohort2_dragen,cohort2,DRAGEN,HG01884,HG00558,1,*1/*36.ALDY+*10,*1/*36+*10,*1/*10+*36,*10+*36/*1,*1/*10+*36,concordant
cohort2_dragen,cohort2,DRAGEN,HG01884,HG00597,1,*10+*49/*36.ALDY+*10+*83.ALDY,*10+*49/*36+*10+*83,*10+*36+*83/*10+*49,*49/*10+*36+*36+*83,*10+*36+*36+*83/*49,discordant
cohort2_dragen,cohort2,DRAGEN,HG01884,HG00609,1,*36.ALDY+*10+rs1135822/*49,*36+*10/*49,*10+*36/*49,*10+*36/*49,*10+*36/*49,concordant
cohort2_dragen,cohort2,DRAGEN,HG01884,HG00639,1,*1/*1,*1/*1,*1/*1,*1/*1,*1/*1,concordant
cohort2_dragen,cohort2,DRAGEN,HG01884,HG00658,1,*10+*36.ALDY+*10/*36.ALDY+*10,*10+*36+*10/*36+*10,*10+*10+*36/*10+*36,*10+*36/*10+*36+*36,*10+*36/*10+*36+*36,discordant
cohort2_dragen,cohort2,DRAGEN,HG01884,HG01123,1,*1/*2,*1/*2,*1/*2,*2/*1,*1/*2,concordant
cohort2_dragen,cohort2,DRAGEN,HG01884,HG01167,1,*1/*41,*1/*41,*1/*41,*41/*1,*1/*41,concordant
cohort2_dragen,cohort2,DRAGEN,HG01884,HG01192,1,*5/*41,*5/*41,*5/*41,*41/*5,*5/*41,concordant
cohort2_dragen,cohort2,DRAGEN,HG01884,HG01261,1,*1/*5,*1/*5,*1/*5,*1/*5,*1/*5,concordant
cohort2_dragen,cohort2,DRAGEN,HG01884,HG01496,1,*2/*43+*43,*2/*43+*43,*2/*43+*43,*2/*43+*43,*2/*43+*43,concordant
cohort2_dragen,cohort2,DRAGEN,HG01884,HG01530,1,*2/*10,*2/*10,*2/*10,*2/*10,*2/*10,concordant
cohort2_dragen,cohort2,DRAGEN,HG01884,HG01784,1,*1/*68+*4,*1/*68+*4,*1/*4+*68,*4+*68/*1,*1/*4+*68,concordant
cohort2_dragen,cohort2,DRAGEN,HG01884,HG01940,1,*1/*1,*1/*1,*1/*1,*1/*1,*1/*1,concordant
cohort2_dragen,cohort2,DRAGEN,HG01884,HG01969,1,*1/*2,*1/*2,*1/*2,*1/*2,*1/*2,concordant
cohort2_dragen,cohort2,DRAGEN,HG01884,HG01975,1,*1/*1,*1/*1,*1/*1,*1/*1,*1/*1,concordant
cohort2_dragen,cohort2,DRAGEN,HG01884,HG02015,1,*10/*36.ALDY+*10,*10/*36+*10,*10/*10+*36,*10/*10+*36,*10/*10+*36,concordant
cohort2_dragen,cohort2,DRAGEN,HG01884,HG02027,1,*14/*36.ALDY+*10,*14/*36+*10,*10+*36/*14,*10+*36/*14,*10+*36/*14,concordant
cohort2_dragen,cohort2,DRAGEN,HG01884,HG02040,1,*36.ALDY+*10/*36.ALDY+*10,*36+*10/*36+*10,*10+*36/*10+*36,*10+*36/*10+*36,*10+*36/*10+*36,concordant
cohort2_dragen,cohort2,DRAGEN,HG01884,HG02056,1,*36.ALDY+*10/*36.ALDY+*10,*36+*10/*36+*10,*10+*36/*10+*36,*10+*36/*10+*36,*10+*36/*10+*36,concordant
cohort2_dragen,cohort2,DRAGEN,HG01884,HG02071,1,*2/*36.ALDY+*10,*2/*36+*10,*2/*10+*36,*10+*36/*2,*2/*10+*36,concordant
cohort2_dragen,cohort2,DRAGEN,HG01884,HG02074,1,*36.ALDY+*10/*36.ALDY+*10,*36+*10/*36+*10,*10+*36/*10+*36,*10+*36/*10+*36,*10+*36/*10+*36,concordant
cohort2_dragen,cohort2,DRAGEN,HG01884,HG02083,1,*10+*36.ALDY+*10/*36.ALDY+*10,*10+*36+*10/*36+*10,*10+*10+*36/*10+*36,*10+*36+*36/*10+*36,*10+*36/*10+*36+*36,discordant
cohort2_dragen,cohort2,DRAGEN,HG01884,HG02129,1,*1/*36.ALDY+*10,*1/*36+*10,*1/*10+*36,*1/*10+*36,*1/*10+*36,concordant
cohort2_dragen,cohort2,DRAGEN,HG01884,HG02132,1,*36.ALDY+*10/*36.ALDY+*10,*36+*10/*36+*10,*10+*36/*10+*36,*10+*36/*10+*36,*10+*36/*10+*36,concordant
cohort2_dragen,cohort2,DRAGEN,HG01884,HG02135,1,*36.ALDY+*10/*36.ALDY+*10,*36+*10/*36+*10,*10+*36/*10+*36,*10+*36/*10+*36,*10+*36/*10+*36,concordant
cohort2_dragen,cohort2,DRAGEN,HG01884,HG02155,1,*10+*36.ALDY+*10/*36.ALDY+*10,*10+*36+*10/*36+*10,*10+*10+*36/*10+*36,*10+*36/*10+*36+*36,*10+*36/*10+*36+*36,discordant
cohort2_dragen,cohort2,DRAGEN,HG01884,HG02178,1,*1+*36.ALDY/*36.ALDY+*10,*1+*36/*36+*10,*1+*36/*10+*36,*10+*36+*36/*1,*1/*10+*36+*36,discordant
cohort2_dragen,cohort2,DRAGEN,HG01884,HG02258,1,*1/*17+*17,*1/*17+*17,*1/*17+*17,*17+*17/*1,*1/*17+*17,concordant
cohort2_dragen,cohort2,DRAGEN,HG01884,HG02300,1,*2/*5,*2/*5,*2/*5,*2/*5,*2/*5,concordant
cohort2_dragen,cohort2,DRAGEN,HG01884,HG02486,1,*2/*29,*2/*29,*2/*29,*2/*29,*2/*29,concordant
cohort2_dragen,cohort2,DRAGEN,HG01884,HG02523,1,*1/*5,*1/*5,*1/*5,*5/*1,*1/*5,concordant
cohort2_dragen,cohort2,DRAGEN,HG01884,HG02559,1,*2/*27,*2/*27,*2/*27,*27/*2,*2/*27,concordant
cohort2_dragen,cohort2,DRAGEN,HG01884,HG02602,1,*2/*5,*2/*5,*2/*5,*2/*5,*2/*5,concordant
cohort2_dragen,cohort2,DRAGEN,HG01884,HG02647,1,*4C+*4C/*17,*4+*4/*17,*4+*4/*17,*4+*4/*17,*4+*4/*17,concordant
cohort2_dragen,cohort2,DRAGEN,HG01884,HG02965,1,*4C+*4C/*17,*4+*4/*17,*4+*4/*17,*17/*4+*4,*4+*4/*17,concordant
cohort2_dragen,cohort2,DRAGEN,HG01884,HG03017,1,*1/*2,*1/*2,*1/*2,*1/*2,*1/*2,concordant
cohort2_dragen,cohort2,DRAGEN,HG01884,HG03139,1,*2+*2/*17,*2+*2/*17,*2+*2/*17,*17/*2+*2,*2+*2/*17,concordant
cohort2_dragen,cohort2,DRAGEN,HG01884,HG03225,1,*5/*56B,*5/*56,*5/*56,*56/*5,*5/*56,concordant
cohort2_dragen,cohort2,DRAGEN,HG01884,HG03239,1,*1/*5,*1/*5,*1/*5,*5/*1,*1/*5,concordant
cohort2_dragen,cohort2,DRAGEN,HG01884,HG03471,1,*29/*162,*29/*162,*29/*162,*162/*29,*29/*162,concordant
cohort2_dragen,cohort2,DRAGEN,HG01884,HG03654,1,*2/*2,*2/*2,*2/*2,*2/*2,*2/*2,concordant
cohort2_dragen,cohort2,DRAGEN,HG01884,HG03834,1,*1+*1/*4,*1+*1/*4,*1+*1/*4,*1+*1/*4,*1+*1/*4,concordant
cohort2_dragen,cohort2,DRAGEN,HG01884,HG04184,1,*10/*41,*10/*41,*10/*41,*10/*41,*10/*41,concordant
cohort2_dragen,cohort2,DRAGEN,HG01884,HG04228,1,*1/*43,*1/*43,*1/*43,*43/*1,*1/*43,concordant
cohort2_dragen,cohort2,DRAGEN,HG01884,HG06807,1,*2/*4C+*4C,*2/*4+*4,*2/*4+*4,*2/*4+*4,*2/*4+*4,concordant
cohort2_dragen,cohort2,DRAGEN,HG01884,NA18522,1,*1/*106,*1/*106,*1/*106,*106/*1,*1/*106,concordant
cohort2_dragen,cohort2,DRAGEN,HG01884,NA18565,1,*10/*36.ALDY+*10,*10/*36+*10,*10/*10+*36,*10+*36/*36,*10+*36/*36,discordant
cohort2_dragen,cohort2,DRAGEN,HG01884,NA18747,1,*1/*36.ALDY+*10,*1/*36+*10,*1/*10+*36,*1/*10+*36,*1/*10+*36,concordant
cohort2_dragen,cohort2,DRAGEN,HG01884,NA18952,1,*2/*2,*2/*2,*2/*2,*2/*2,*2/*2,concordant
cohort2_dragen,cohort2,DRAGEN,HG01884,NA18974,1,*2/*5,*2/*5,*2/*5,*2/*5,*2/*5,concordant
cohort2_dragen,cohort2,DRAGEN,HG01884,NA18976,1,*1/*36.ALDY+*10,*1/*36+*10,*1/*10+*36,*10+*36/*1,*1/*10+*36,concordant
cohort2_dragen,cohort2,DRAGEN,HG01884,NA18983,1,*1/*1,*1/*1,*1/*1,*1/*1,*1/*1,concordant
cohort2_dragen,cohort2,DRAGEN,HG01884,NA19043,1,*1/*1,*1/*1,*1/*1,*1/*1,*1/*1,concordant
cohort2_dragen,cohort2,DRAGEN,HG01884,NA19087,1,*1/*5,*1/*5,*1/*5,*5/*1,*1/*5,concordant
cohort2_dragen,cohort2,DRAGEN,HG01884,NA19776,1,*1/*36.ALDY+*10,*1/*36+*10,*1/*10+*36,*1/*10+*36,*1/*10+*36,concordant
cohort2_dragen,cohort2,DRAGEN,HG01884,NA19909,1,*1/*4C+*4C,*1/*4+*4,*1/*4+*4,*4+*4/*1,*1/*4+*4,concordant
cohort2_dragen,cohort2,DRAGEN,HG01884,NA20282,1,*2/*4,*2/*4,*2/*4,*2/*4,*2/*4,concordant
cohort2_dragen,cohort2,DRAGEN,HG01884,NA20752,1,*1/*4,*1/*4,*1/*4,*1/*4,*1/*4,concordant
cohort2_dragen,cohort2,DRAGEN,HG01884,NA20805,1,*35/*68+*4,*35/*68+*4,*4+*68/*35,*35/*4+*68,*4+*68/*35,concordant
cohort2_dragen,cohort2,DRAGEN,HG01884,NA20905,1,*1/*1,*1/*1,*1/*1,*1/*1,*1/*1,concordant
cohort2_dragen,cohort2,DRAGEN,HG01884,NA21102,1,*1/*1,*1/*1,*1/*1,*1/*1,*1/*1,concordant
cohort2_dragen,cohort2,DRAGEN,HG01940,HG00099,1,*1/*5,*1/*5,*1/*5,*1/*5,*1/*5,concordant
cohort2_dragen,cohort2,DRAGEN,HG01940,HG00133,1,*1/*1,*1/*1,*1/*1,*1/*1,*1/*1,concordant
cohort2_dragen,cohort2,DRAGEN,HG01940,HG00232,1,*1+rs769258/*35,*1/*35,*1/*35,*1/*35,*1/*35,concordant
cohort2_dragen,cohort2,DRAGEN,HG01940,HG00253,1,*1/*1,*1/*1,*1/*1,*1/*1,*1/*1,concordant
cohort2_dragen,cohort2,DRAGEN,HG01940,HG00280,1,*2/*41,*2/*41,*2/*41,*2/*41,*2/*41,concordant
cohort2_dragen,cohort2,DRAGEN,HG01940,HG00320,1,*2/*2+*2,*2/*2+*2,*2/*2+*2,*2+*2/*2,*2/*2+*2,concordant
cohort2_dragen,cohort2,DRAGEN,HG01940,HG00350,1,*1/*1,*1/*1,*1/*1,*1/*1,*1/*1,concordant
cohort2_dragen,cohort2,DRAGEN,HG01940,HG00408,1,*10/*36.ALDY+*10,*10/*36+*10,*10/*10+*36,*10+*36/*10,*10/*10+*36,concordant
cohort2_dragen,cohort2,DRAGEN,HG01940,HG00423,1,*10/*10+*10,*10/*10+*10,*10/*10+*10,*10/*10+*10,*10/*10+*10,concordant
cohort2_dragen,cohort2,DRAGEN,HG01940,HG00544,1,*1/*36.ALDY+*10,*1/*36+*10,*1/*10+*36,*1/*10+*36,*1/*10+*36,concordant
cohort2_dragen,cohort2,DRAGEN,HG01940,HG00558,1,*1/*36.ALDY+*10,*1/*36+*10,*1/*10+*36,*10+*36/*1,*1/*10+*36,concordant
cohort2_dragen,cohort2,DRAGEN,HG01940,HG00597,1,*10+*49/*36.ALDY+*10+*83.ALDY,*10+*49/*36+*10+*83,*10+*36+*83/*10+*49,*49/*10+*36+*36+*83,*10+*36+*36+*83/*49,discordant
cohort2_dragen,cohort2,DRAGEN,HG01940,HG00609,1,*36.ALDY+*10+rs1135822/*49,*36+*10/*49,*10+*36/*49,*10+*36/*49,*10+*36/*49,concordant
cohort2_dragen,cohort2,DRAGEN,HG01940,HG00639,1,*1/*1,*1/*1,*1/*1,*1/*1,*1/*1,concordant
cohort2_dragen,cohort2,DRAGEN,HG01940,HG00658,1,*10+*36.ALDY+*10/*36.ALDY+*10,*10+*36+*10/*36+*10,*10+*10+*36/*10+*36,*10+*36/*10+*36+*36,*10+*36/*10+*36+*36,discordant
cohort2_dragen,cohort2,DRAGEN,HG01940,HG01123,1,*1/*2,*1/*2,*1/*2,*2/*1,*1/*2,concordant
cohort2_dragen,cohort2,DRAGEN,HG01940,HG01167,1,*1/*41,*1/*41,*1/*41,*41/*1,*1/*41,concordant
cohort2_dragen,cohort2,DRAGEN,HG01940,HG01192,1,*5/*41,*5/*41,*5/*41,*41/*5,*5/*41,concordant
cohort2_dragen,cohort2,DRAGEN,HG01940,HG01261,1,*1/*5,*1/*5,*1/*5,*1/*5,*1/*5,concordant
cohort2_dragen,cohort2,DRAGEN,HG01940,HG01496,1,*2/*43+*43,*2/*43+*43,*2/*43+*43,*2/*43+*43,*2/*43+*43,concordant
cohort2_dragen,cohort2,DRAGEN,HG01940,HG01530,1,*2/*10,*2/*10,*2/*10,*2/*10,*2/*10,concordant
cohort2_dragen,cohort2,DRAGEN,HG01940,HG01784,1,*1/*68+*4,*1/*68+*4,*1/*4+*68,*4+*68/*1,*1/*4+*68,concordant
cohort2_dragen,cohort2,DRAGEN,HG01940,HG01884,1,*1/*2,*1/*2,*1/*2,*1/*2,*1/*2,concordant
cohort2_dragen,cohort2,DRAGEN,HG01940,HG01969,1,*1/*2,*1/*2,*1/*2,*1/*2,*1/*2,concordant
cohort2_dragen,cohort2,DRAGEN,HG01940,HG01975,1,*1/*1,*1/*1,*1/*1,*1/*1,*1/*1,concordant
cohort2_dragen,cohort2,DRAGEN,HG01940,HG02015,1,*10/*36.ALDY+*10,*10/*36+*10,*10/*10+*36,*10/*10+*36,*10/*10+*36,concordant
cohort2_dragen,cohort2,DRAGEN,HG01940,HG02027,1,*14/*36.ALDY+*10,*14/*36+*10,*10+*36/*14,*10+*36/*14,*10+*36/*14,concordant
cohort2_dragen,cohort2,DRAGEN,HG01940,HG02040,1,*36.ALDY+*10/*36.ALDY+*10,*36+*10/*36+*10,*10+*36/*10+*36,*10+*36/*10+*36,*10+*36/*10+*36,concordant
cohort2_dragen,cohort2,DRAGEN,HG01940,HG02056,1,*36.ALDY+*10/*36.ALDY+*10,*36+*10/*36+*10,*10+*36/*10+*36,*10+*36/*10+*36,*10+*36/*10+*36,concordant
cohort2_dragen,cohort2,DRAGEN,HG01940,HG02071,1,*2/*36.ALDY+*10,*2/*36+*10,*2/*10+*36,*10+*36/*2,*2/*10+*36,concordant
cohort2_dragen,cohort2,DRAGEN,HG01940,HG02074,1,*36.ALDY+*10/*36.ALDY+*10,*36+*10/*36+*10,*10+*36/*10+*36,*10+*36/*10+*36,*10+*36/*10+*36,concordant
cohort2_dragen,cohort2,DRAGEN,HG01940,HG02083,1,*10+*36.ALDY+*10/*36.ALDY+*10,*10+*36+*10/*36+*10,*10+*10+*36/*10+*36,*10+*36+*36/*10+*36,*10+*36/*10+*36+*36,discordant
cohort2_dragen,cohort2,DRAGEN,HG01940,HG02129,1,*1/*36.ALDY+*10,*1/*36+*10,*1/*10+*36,*1/*10+*36,*1/*10+*36,concordant
cohort2_dragen,cohort2,DRAGEN,HG01940,HG02132,1,*36.ALDY+*10/*36.ALDY+*10,*36+*10/*36+*10,*10+*36/*10+*36,*10+*36/*10+*36,*10+*36/*10+*36,concordant
cohort2_dragen,cohort2,DRAGEN,HG01940,HG02135,1,*36.ALDY+*10/*36.ALDY+*10,*36+*10/*36+*10,*10+*36/*10+*36,*10+*36/*10+*36,*10+*36/*10+*36,concordant
cohort2_dragen,cohort2,DRAGEN,HG01940,HG02155,1,*10+*36.ALDY+*10/*36.ALDY+*10,*10+*36+*10/*36+*10,*10+*10+*36/*10+*36,*10+*36/*10+*36+*36,*10+*36/*10+*36+*36,discordant
cohort2_dragen,cohort2,DRAGEN,HG01940,HG02178,1,*1+*36.ALDY/*36.ALDY+*10,*1+*36/*36+*10,*1+*36/*10+*36,*10+*36+*36/*1,*1/*10+*36+*36,discordant
cohort2_dragen,cohort2,DRAGEN,HG01940,HG02258,1,*1/*17+*17,*1/*17+*17,*1/*17+*17,*17+*17/*1,*1/*17+*17,concordant
cohort2_dragen,cohort2,DRAGEN,HG01940,HG02300,1,*2/*5,*2/*5,*2/*5,*2/*5,*2/*5,concordant
cohort2_dragen,cohort2,DRAGEN,HG01940,HG02486,1,*2/*29,*2/*29,*2/*29,*2/*29,*2/*29,concordant
cohort2_dragen,cohort2,DRAGEN,HG01940,HG02523,1,*1/*5,*1/*5,*1/*5,*5/*1,*1/*5,concordant
cohort2_dragen,cohort2,DRAGEN,HG01940,HG02559,1,*2/*27,*2/*27,*2/*27,*27/*2,*2/*27,concordant
cohort2_dragen,cohort2,DRAGEN,HG01940,HG02602,1,*2/*5,*2/*5,*2/*5,*2/*5,*2/*5,concordant
cohort2_dragen,cohort2,DRAGEN,HG01940,HG02647,1,*4C+*4C/*17,*4+*4/*17,*4+*4/*17,*4+*4/*17,*4+*4/*17,concordant
cohort2_dragen,cohort2,DRAGEN,HG01940,HG02965,1,*4C+*4C/*17,*4+*4/*17,*4+*4/*17,*17/*4+*4,*4+*4/*17,concordant
cohort2_dragen,cohort2,DRAGEN,HG01940,HG03017,1,*1/*2,*1/*2,*1/*2,*1/*2,*1/*2,concordant
cohort2_dragen,cohort2,DRAGEN,HG01940,HG03139,1,*2+*2/*17,*2+*2/*17,*2+*2/*17,*17/*2+*2,*2+*2/*17,concordant
cohort2_dragen,cohort2,DRAGEN,HG01940,HG03225,1,*5/*56B,*5/*56,*5/*56,*56/*5,*5/*56,concordant
cohort2_dragen,cohort2,DRAGEN,HG01940,HG03239,1,*1/*5,*1/*5,*1/*5,*5/*1,*1/*5,concordant
cohort2_dragen,cohort2,DRAGEN,HG01940,HG03471,1,*29/*162,*29/*162,*29/*162,*162/*29,*29/*162,concordant
cohort2_dragen,cohort2,DRAGEN,HG01940,HG03654,1,*2/*2,*2/*2,*2/*2,*2/*2,*2/*2,concordant
cohort2_dragen,cohort2,DRAGEN,HG01940,HG03834,1,*1+*1/*4,*1+*1/*4,*1+*1/*4,*1+*1/*4,*1+*1/*4,concordant
cohort2_dragen,cohort2,DRAGEN,HG01940,HG04184,1,*10/*41,*10/*41,*10/*41,*10/*41,*10/*41,concordant
cohort2_dragen,cohort2,DRAGEN,HG01940,HG04228,1,*1/*43,*1/*43,*1/*43,*43/*1,*1/*43,concordant
cohort2_dragen,cohort2,DRAGEN,HG01940,HG06807,1,*2/*4C+*4C,*2/*4+*4,*2/*4+*4,*2/*4+*4,*2/*4+*4,concordant
cohort2_dragen,cohort2,DRAGEN,HG01940,NA18522,1,*1/*106,*1/*106,*1/*106,*106/*1,*1/*106,concordant
cohort2_dragen,cohort2,DRAGEN,HG01940,NA18565,1,*10/*36.ALDY+*10,*10/*36+*10,*10/*10+*36,*10+*36/*36,*10+*36/*36,discordant
cohort2_dragen,cohort2,DRAGEN,HG01940,NA18747,1,*1/*36.ALDY+*10,*1/*36+*10,*1/*10+*36,*1/*10+*36,*1/*10+*36,concordant
cohort2_dragen,cohort2,DRAGEN,HG01940,NA18952,1,*2/*2,*2/*2,*2/*2,*2/*2,*2/*2,concordant
cohort2_dragen,cohort2,DRAGEN,HG01940,NA18974,1,*2/*5,*2/*5,*2/*5,*2/*5,*2/*5,concordant
cohort2_dragen,cohort2,DRAGEN,HG01940,NA18976,1,*1/*36.ALDY+*10,*1/*36+*10,*1/*10+*36,*10+*36/*1,*1/*10+*36,concordant
cohort2_dragen,cohort2,DRAGEN,HG01940,NA18983,1,*1/*1,*1/*1,*1/*1,*1/*1,*1/*1,concordant
cohort2_dragen,cohort2,DRAGEN,HG01940,NA19043,1,*1/*1,*1/*1,*1/*1,*1/*1,*1/*1,concordant
cohort2_dragen,cohort2,DRAGEN,HG01940,NA19087,1,*1/*5,*1/*5,*1/*5,*5/*1,*1/*5,concordant
cohort2_dragen,cohort2,DRAGEN,HG01940,NA19776,1,*1/*36.ALDY+*10,*1/*36+*10,*1/*10+*36,*1/*10+*36,*1/*10+*36,concordant
cohort2_dragen,cohort2,DRAGEN,HG01940,NA19909,1,*1/*4C+*4C,*1/*4+*4,*1/*4+*4,*4+*4/*1,*1/*4+*4,concordant
cohort2_dragen,cohort2,DRAGEN,HG01940,NA20282,1,*2/*4,*2/*4,*2/*4,*2/*4,*2/*4,concordant
cohort2_dragen,cohort2,DRAGEN,HG01940,NA20752,1,*1/*4,*1/*4,*1/*4,*1/*4,*1/*4,concordant
cohort2_dragen,cohort2,DRAGEN,HG01940,NA20805,1,*35/*68+*4,*35/*68+*4,*4+*68/*35,*35/*4+*68,*4+*68/*35,concordant
cohort2_dragen,cohort2,DRAGEN,HG01940,NA20905,1,*1/*1,*1/*1,*1/*1,*1/*1,*1/*1,concordant
cohort2_dragen,cohort2,DRAGEN,HG01940,NA21102,1,*1/*1,*1/*1,*1/*1,*1/*1,*1/*1,concordant
cohort2_dragen,cohort2,DRAGEN,HG01969,HG00099,1,*1/*5,*1/*5,*1/*5,*1/*5,*1/*5,concordant
cohort2_dragen,cohort2,DRAGEN,HG01969,HG00133,1,*1/*1,*1/*1,*1/*1,*1/*1,*1/*1,concordant
cohort2_dragen,cohort2,DRAGEN,HG01969,HG00232,1,*1+rs769258/*35,*1/*35,*1/*35,*1/*35,*1/*35,concordant
cohort2_dragen,cohort2,DRAGEN,HG01969,HG00253,1,*1/*1,*1/*1,*1/*1,*1/*1,*1/*1,concordant
cohort2_dragen,cohort2,DRAGEN,HG01969,HG00280,1,*2/*41,*2/*41,*2/*41,*2/*41,*2/*41,concordant
cohort2_dragen,cohort2,DRAGEN,HG01969,HG00320,1,*2/*2+*2,*2/*2+*2,*2/*2+*2,*2+*2/*2,*2/*2+*2,concordant
cohort2_dragen,cohort2,DRAGEN,HG01969,HG00350,1,*1/*1,*1/*1,*1/*1,*1/*1,*1/*1,concordant
cohort2_dragen,cohort2,DRAGEN,HG01969,HG00408,1,*10/*36.ALDY+*10,*10/*36+*10,*10/*10+*36,*10+*36/*10,*10/*10+*36,concordant
cohort2_dragen,cohort2,DRAGEN,HG01969,HG00423,1,*10/*10+*10,*10/*10+*10,*10/*10+*10,*10/*10+*10,*10/*10+*10,concordant
cohort2_dragen,cohort2,DRAGEN,HG01969,HG00544,1,*1/*36.ALDY+*10,*1/*36+*10,*1/*10+*36,*1/*10+*36,*1/*10+*36,concordant
cohort2_dragen,cohort2,DRAGEN,HG01969,HG00558,1,*1/*36.ALDY+*10,*1/*36+*10,*1/*10+*36,*10+*36/*1,*1/*10+*36,concordant
cohort2_dragen,cohort2,DRAGEN,HG01969,HG00597,1,*10+*49/*36.ALDY+*10+*83.ALDY,*10+*49/*36+*10+*83,*10+*36+*83/*10+*49,*49/*10+*36+*36+*83,*10+*36+*36+*83/*49,discordant
cohort2_dragen,cohort2,DRAGEN,HG01969,HG00609,1,*36.ALDY+*10+rs1135822/*49,*36+*10/*49,*10+*36/*49,*10+*36/*49,*10+*36/*49,concordant
cohort2_dragen,cohort2,DRAGEN,HG01969,HG00639,1,*1/*1,*1/*1,*1/*1,*1/*1,*1/*1,concordant
cohort2_dragen,cohort2,DRAGEN,HG01969,HG00658,1,*10+*36.ALDY+*10/*36.ALDY+*10,*10+*36+*10/*36+*10,*10+*10+*36/*10+*36,*10+*36/*10+*36+*36,*10+*36/*10+*36+*36,discordant
cohort2_dragen,cohort2,DRAGEN,HG01969,HG01123,1,*1/*2,*1/*2,*1/*2,*2/*1,*1/*2,concordant
cohort2_dragen,cohort2,DRAGEN,HG01969,HG01167,1,*1/*41,*1/*41,*1/*41,*41/*1,*1/*41,concordant
cohort2_dragen,cohort2,DRAGEN,HG01969,HG01192,1,*5/*41,*5/*41,*5/*41,*41/*5,*5/*41,concordant
cohort2_dragen,cohort2,DRAGEN,HG01969,HG01261,1,*1/*5,*1/*5,*1/*5,*1/*5,*1/*5,concordant
cohort2_dragen,cohort2,DRAGEN,HG01969,HG01496,1,*2/*43+*43,*2/*43+*43,*2/*43+*43,*2/*43+*43,*2/*43+*43,concordant
cohort2_dragen,cohort2,DRAGEN,HG01969,HG01530,1,*2/*10,*2/*10,*2/*10,*2/*10,*2/*10,concordant
cohort2_dragen,cohort2,DRAGEN,HG01969,HG01784,1,*1/*68+*4,*1/*68+*4,*1/*4+*68,*4+*68/*1,*1/*4+*68,concordant
cohort2_dragen,cohort2,DRAGEN,HG01969,HG01884,1,*1/*2,*1/*2,*1/*2,*1/*2,*1/*2,concordant
cohort2_dragen,cohort2,DRAGEN,HG01969,HG01940,1,*1/*1,*1/*1,*1/*1,*1/*1,*1/*1,concordant
cohort2_dragen,cohort2,DRAGEN,HG01969,HG01975,1,*1/*1,*1/*1,*1/*1,*1/*1,*1/*1,concordant
cohort2_dragen,cohort2,DRAGEN,HG01969,HG02015,1,*10/*36.ALDY+*10,*10/*36+*10,*10/*10+*36,*10/*10+*36,*10/*10+*36,concordant
cohort2_dragen,cohort2,DRAGEN,HG01969,HG02027,1,*14/*36.ALDY+*10,*14/*36+*10,*10+*36/*14,*10+*36/*14,*10+*36/*14,concordant
cohort2_dragen,cohort2,DRAGEN,HG01969,HG02040,1,*36.ALDY+*10/*36.ALDY+*10,*36+*10/*36+*10,*10+*36/*10+*36,*10+*36/*10+*36,*10+*36/*10+*36,concordant
cohort2_dragen,cohort2,DRAGEN,HG01969,HG02056,1,*36.ALDY+*10/*36.ALDY+*10,*36+*10/*36+*10,*10+*36/*10+*36,*10+*36/*10+*36,*10+*36/*10+*36,concordant
cohort2_dragen,cohort2,DRAGEN,HG01969,HG02071,1,*2/*36.ALDY+*10,*2/*36+*10,*2/*10+*36,*10+*36/*2,*2/*10+*36,concordant
cohort2_dragen,cohort2,DRAGEN,HG01969,HG02074,1,*36.ALDY+*10/*36.ALDY+*10,*36+*10/*36+*10,*10+*36/*10+*36,*10+*36/*10+*36,*10+*36/*10+*36,concordant
cohort2_dragen,cohort2,DRAGEN,HG01969,HG02083,1,*10+*36.ALDY+*10/*36.ALDY+*10,*10+*36+*10/*36+*10,*10+*10+*36/*10+*36,*10+*36+*36/*10+*36,*10+*36/*10+*36+*36,discordant
cohort2_dragen,cohort2,DRAGEN,HG01969,HG02129,1,*1/*36.ALDY+*10,*1/*36+*10,*1/*10+*36,*1/*10+*36,*1/*10+*36,concordant
cohort2_dragen,cohort2,DRAGEN,HG01969,HG02132,1,*36.ALDY+*10/*36.ALDY+*10,*36+*10/*36+*10,*10+*36/*10+*36,*10+*36/*10+*36,*10+*36/*10+*36,concordant
cohort2_dragen,cohort2,DRAGEN,HG01969,HG02135,1,*36.ALDY+*10/*36.ALDY+*10,*36+*10/*36+*10,*10+*36/*10+*36,*10+*36/*10+*36,*10+*36/*10+*36,concordant
cohort2_dragen,cohort2,DRAGEN,HG01969,HG02155,1,*10+*36.ALDY+*10/*36.ALDY+*10,*10+*36+*10/*36+*10,*10+*10+*36/*10+*36,*10+*36/*10+*36+*36,*10+*36/*10+*36+*36,discordant
cohort2_dragen,cohort2,DRAGEN,HG01969,HG02178,1,*1+*36.ALDY/*36.ALDY+*10,*1+*36/*36+*10,*1+*36/*10+*36,*10+*36+*36/*1,*1/*10+*36+*36,discordant
cohort2_dragen,cohort2,DRAGEN,HG01969,HG02258,1,*1/*17+*17,*1/*17+*17,*1/*17+*17,*17+*17/*1,*1/*17+*17,concordant
cohort2_dragen,cohort2,DRAGEN,HG01969,HG02300,1,*2/*5,*2/*5,*2/*5,*2/*5,*2/*5,concordant
cohort2_dragen,cohort2,DRAGEN,HG01969,HG02486,1,*2/*29,*2/*29,*2/*29,*2/*29,*2/*29,concordant
cohort2_dragen,cohort2,DRAGEN,HG01969,HG02523,1,*1/*5,*1/*5,*1/*5,*5/*1,*1/*5,concordant
cohort2_dragen,cohort2,DRAGEN,HG01969,HG02559,1,*2/*27,*2/*27,*2/*27,*27/*2,*2/*27,concordant
cohort2_dragen,cohort2,DRAGEN,HG01969,HG02602,1,*2/*5,*2/*5,*2/*5,*2/*5,*2/*5,concordant
cohort2_dragen,cohort2,DRAGEN,HG01969,HG02647,1,*4C+*4C/*17,*4+*4/*17,*4+*4/*17,*4+*4/*17,*4+*4/*17,concordant
cohort2_dragen,cohort2,DRAGEN,HG01969,HG02965,1,*4C+*4C/*17,*4+*4/*17,*4+*4/*17,*17/*4+*4,*4+*4/*17,concordant
cohort2_dragen,cohort2,DRAGEN,HG01969,HG03017,1,*1/*2,*1/*2,*1/*2,*1/*2,*1/*2,concordant
cohort2_dragen,cohort2,DRAGEN,HG01969,HG03139,1,*2+*2/*17,*2+*2/*17,*2+*2/*17,*17/*2+*2,*2+*2/*17,concordant
cohort2_dragen,cohort2,DRAGEN,HG01969,HG03225,1,*5/*56B,*5/*56,*5/*56,*56/*5,*5/*56,concordant
cohort2_dragen,cohort2,DRAGEN,HG01969,HG03239,1,*1/*5,*1/*5,*1/*5,*5/*1,*1/*5,concordant
cohort2_dragen,cohort2,DRAGEN,HG01969,HG03471,1,*29/*162,*29/*162,*29/*162,*162/*29,*29/*162,concordant
cohort2_dragen,cohort2,DRAGEN,HG01969,HG03654,1,*2/*2,*2/*2,*2/*2,*2/*2,*2/*2,concordant
cohort2_dragen,cohort2,DRAGEN,HG01969,HG03834,1,*1+*1/*4,*1+*1/*4,*1+*1/*4,*1+*1/*4,*1+*1/*4,concordant
cohort2_dragen,cohort2,DRAGEN,HG01969,HG04184,1,*10/*41,*10/*41,*10/*41,*10/*41,*10/*41,concordant
cohort2_dragen,cohort2,DRAGEN,HG01969,HG04228,1,*1/*43,*1/*43,*1/*43,*43/*1,*1/*43,concordant
cohort2_dragen,cohort2,DRAGEN,HG01969,HG06807,1,*2/*4C+*4C,*2/*4+*4,*2/*4+*4,*2/*4+*4,*2/*4+*4,concordant
cohort2_dragen,cohort2,DRAGEN,HG01969,NA18522,1,*1/*106,*1/*106,*1/*106,*106/*1,*1/*106,concordant
cohort2_dragen,cohort2,DRAGEN,HG01969,NA18565,1,*10/*36.ALDY+*10,*10/*36+*10,*10/*10+*36,*10+*36/*36,*10+*36/*36,discordant
cohort2_dragen,cohort2,DRAGEN,HG01969,NA18747,1,*1/*36.ALDY+*10,*1/*36+*10,*1/*10+*36,*1/*10+*36,*1/*10+*36,concordant
cohort2_dragen,cohort2,DRAGEN,HG01969,NA18952,1,*2/*2,*2/*2,*2/*2,*2/*2,*2/*2,concordant
cohort2_dragen,cohort2,DRAGEN,HG01969,NA18974,1,*2/*5,*2/*5,*2/*5,*2/*5,*2/*5,concordant
cohort2_dragen,cohort2,DRAGEN,HG01969,NA18976,1,*1/*36.ALDY+*10,*1/*36+*10,*1/*10+*36,*10+*36/*1,*1/*10+*36,concordant
cohort2_dragen,cohort2,DRAGEN,HG01969,NA18983,1,*1/*1,*1/*1,*1/*1,*1/*1,*1/*1,concordant
cohort2_dragen,cohort2,DRAGEN,HG01969,NA19043,1,*1/*1,*1/*1,*1/*1,*1/*1,*1/*1,concordant
cohort2_dragen,cohort2,DRAGEN,HG01969,NA19087,1,*1/*5,*1/*5,*1/*5,*5/*1,*1/*5,concordant
cohort2_dragen,cohort2,DRAGEN,HG01969,NA19776,1,*1/*36.ALDY+*10,*1/*36+*10,*1/*10+*36,*1/*10+*36,*1/*10+*36,concordant
cohort2_dragen,cohort2,DRAGEN,HG01969,NA19909,1,*1/*4C+*4C,*1/*4+*4,*1/*4+*4,*4+*4/*1,*1/*4+*4,concordant
cohort2_dragen,cohort2,DRAGEN,HG01969,NA20282,1,*2/*4,*2/*4,*2/*4,*2/*4,*2/*4,concordant
cohort2_dragen,cohort2,DRAGEN,HG01969,NA20752,1,*1/*4,*1/*4,*1/*4,*1/*4,*1/*4,concordant
cohort2_dragen,cohort2,DRAGEN,HG01969,NA20805,1,*35/*68+*4,*35/*68+*4,*4+*68/*35,*35/*4+*68,*4+*68/*35,concordant
cohort2_dragen,cohort2,DRAGEN,HG01969,NA20905,1,*1/*1,*1/*1,*1/*1,*1/*1,*1/*1,concordant
cohort2_dragen,cohort2,DRAGEN,HG01969,NA21102,1,*1/*1,*1/*1,*1/*1,*1/*1,*1/*1,concordant
cohort2_dragen,cohort2,DRAGEN,HG01975,HG00099,1,*1/*5,*1/*5,*1/*5,*1/*5,*1/*5,concordant
cohort2_dragen,cohort2,DRAGEN,HG01975,HG00133,1,*1/*1,*1/*1,*1/*1,*1/*1,*1/*1,concordant
cohort2_dragen,cohort2,DRAGEN,HG01975,HG00232,1,*1+rs769258/*35,*1/*35,*1/*35,*1/*35,*1/*35,concordant
cohort2_dragen,cohort2,DRAGEN,HG01975,HG00253,1,*1/*1,*1/*1,*1/*1,*1/*1,*1/*1,concordant
cohort2_dragen,cohort2,DRAGEN,HG01975,HG00280,1,*2/*41,*2/*41,*2/*41,*2/*41,*2/*41,concordant
cohort2_dragen,cohort2,DRAGEN,HG01975,HG00320,1,*2/*2+*2,*2/*2+*2,*2/*2+*2,*2+*2/*2,*2/*2+*2,concordant
cohort2_dragen,cohort2,DRAGEN,HG01975,HG00350,1,*1/*1,*1/*1,*1/*1,*1/*1,*1/*1,concordant
cohort2_dragen,cohort2,DRAGEN,HG01975,HG00408,1,*10/*36.ALDY+*10,*10/*36+*10,*10/*10+*36,*10+*36/*10,*10/*10+*36,concordant
cohort2_dragen,cohort2,DRAGEN,HG01975,HG00423,1,*10/*10+*10,*10/*10+*10,*10/*10+*10,*10/*10+*10,*10/*10+*10,concordant
cohort2_dragen,cohort2,DRAGEN,HG01975,HG00544,1,*1/*36.ALDY+*10,*1/*36+*10,*1/*10+*36,*1/*10+*36,*1/*10+*36,concordant
cohort2_dragen,cohort2,DRAGEN,HG01975,HG00558,1,*1/*36.ALDY+*10,*1/*36+*10,*1/*10+*36,*10+*36/*1,*1/*10+*36,concordant
cohort2_dragen,cohort2,DRAGEN,HG01975,HG00597,1,*10+*49/*36.ALDY+*10+*83.ALDY,*10+*49/*36+*10+*83,*10+*36+*83/*10+*49,*49/*10+*36+*36+*83,*10+*36+*36+*83/*49,discordant
cohort2_dragen,cohort2,DRAGEN,HG01975,HG00609,1,*36.ALDY+*10+rs1135822/*49,*36+*10/*49,*10+*36/*49,*10+*36/*49,*10+*36/*49,concordant
cohort2_dragen,cohort2,DRAGEN,HG01975,HG00639,1,*1/*1,*1/*1,*1/*1,*1/*1,*1/*1,concordant
cohort2_dragen,cohort2,DRAGEN,HG01975,HG00658,1,*10+*36.ALDY+*10/*36.ALDY+*10,*10+*36+*10/*36+*10,*10+*10+*36/*10+*36,*10+*36/*10+*36+*36,*10+*36/*10+*36+*36,discordant
cohort2_dragen,cohort2,DRAGEN,HG01975,HG01123,1,*1/*2,*1/*2,*1/*2,*2/*1,*1/*2,concordant
cohort2_dragen,cohort2,DRAGEN,HG01975,HG01167,1,*1/*41,*1/*41,*1/*41,*41/*1,*1/*41,concordant
cohort2_dragen,cohort2,DRAGEN,HG01975,HG01192,1,*5/*41,*5/*41,*5/*41,*41/*5,*5/*41,concordant
cohort2_dragen,cohort2,DRAGEN,HG01975,HG01261,1,*1/*5,*1/*5,*1/*5,*1/*5,*1/*5,concordant
cohort2_dragen,cohort2,DRAGEN,HG01975,HG01496,1,*2/*43+*43,*2/*43+*43,*2/*43+*43,*2/*43+*43,*2/*43+*43,concordant
cohort2_dragen,cohort2,DRAGEN,HG01975,HG01530,1,*2/*10,*2/*10,*2/*10,*2/*10,*2/*10,concordant
cohort2_dragen,cohort2,DRAGEN,HG01975,HG01784,1,*1/*68+*4,*1/*68+*4,*1/*4+*68,*4+*68/*1,*1/*4+*68,concordant
cohort2_dragen,cohort2,DRAGEN,HG01975,HG01884,1,*1/*2,*1/*2,*1/*2,*1/*2,*1/*2,concordant
cohort2_dragen,cohort2,DRAGEN,HG01975,HG01940,1,*1/*1,*1/*1,*1/*1,*1/*1,*1/*1,concordant
cohort2_dragen,cohort2,DRAGEN,HG01975,HG01969,1,*1/*2,*1/*2,*1/*2,*1/*2,*1/*2,concordant
cohort2_dragen,cohort2,DRAGEN,HG01975,HG02015,1,*10/*36.ALDY+*10,*10/*36+*10,*10/*10+*36,*10/*10+*36,*10/*10+*36,concordant
cohort2_dragen,cohort2,DRAGEN,HG01975,HG02027,1,*14/*36.ALDY+*10,*14/*36+*10,*10+*36/*14,*10+*36/*14,*10+*36/*14,concordant
cohort2_dragen,cohort2,DRAGEN,HG01975,HG02040,1,*36.ALDY+*10/*36.ALDY+*10,*36+*10/*36+*10,*10+*36/*10+*36,*10+*36/*10+*36,*10+*36/*10+*36,concordant
cohort2_dragen,cohort2,DRAGEN,HG01975,HG02056,1,*36.ALDY+*10/*36.ALDY+*10,*36+*10/*36+*10,*10+*36/*10+*36,*10+*36/*10+*36,*10+*36/*10+*36,concordant
cohort2_dragen,cohort2,DRAGEN,HG01975,HG02071,1,*2/*36.ALDY+*10,*2/*36+*10,*2/*10+*36,*10+*36/*2,*2/*10+*36,concordant
cohort2_dragen,cohort2,DRAGEN,HG01975,HG02074,1,*36.ALDY+*10/*36.ALDY+*10,*36+*10/*36+*10,*10+*36/*10+*36,*10+*36/*10+*36,*10+*36/*10+*36,concordant
cohort2_dragen,cohort2,DRAGEN,HG01975,HG02083,1,*10+*36.ALDY+*10/*36.ALDY+*10,*10+*36+*10/*36+*10,*10+*10+*36/*10+*36,*10+*36+*36/*10+*36,*10+*36/*10+*36+*36,discordant
cohort2_dragen,cohort2,DRAGEN,HG01975,HG02129,1,*1/*36.ALDY+*10,*1/*36+*10,*1/*10+*36,*1/*10+*36,*1/*10+*36,concordant
cohort2_dragen,cohort2,DRAGEN,HG01975,HG02132,1,*36.ALDY+*10/*36.ALDY+*10,*36+*10/*36+*10,*10+*36/*10+*36,*10+*36/*10+*36,*10+*36/*10+*36,concordant
cohort2_dragen,cohort2,DRAGEN,HG01975,HG02135,1,*36.ALDY+*10/*36.ALDY+*10,*36+*10/*36+*10,*10+*36/*10+*36,*10+*36/*10+*36,*10+*36/*10+*36,concordant
cohort2_dragen,cohort2,DRAGEN,HG01975,HG02155,1,*10+*36.ALDY+*10/*36.ALDY+*10,*10+*36+*10/*36+*10,*10+*10+*36/*10+*36,*10+*36/*10+*36+*36,*10+*36/*10+*36+*36,discordant
cohort2_dragen,cohort2,DRAGEN,HG01975,HG02178,1,*1+*36.ALDY/*36.ALDY+*10,*1+*36/*36+*10,*1+*36/*10+*36,*10+*36+*36/*1,*1/*10+*36+*36,discordant
cohort2_dragen,cohort2,DRAGEN,HG01975,HG02258,1,*1/*17+*17,*1/*17+*17,*1/*17+*17,*17+*17/*1,*1/*17+*17,concordant
cohort2_dragen,cohort2,DRAGEN,HG01975,HG02300,1,*2/*5,*2/*5,*2/*5,*2/*5,*2/*5,concordant
cohort2_dragen,cohort2,DRAGEN,HG01975,HG02486,1,*2/*29,*2/*29,*2/*29,*2/*29,*2/*29,concordant
cohort2_dragen,cohort2,DRAGEN,HG01975,HG02523,1,*1/*5,*1/*5,*1/*5,*5/*1,*1/*5,concordant
cohort2_dragen,cohort2,DRAGEN,HG01975,HG02559,1,*2/*27,*2/*27,*2/*27,*27/*2,*2/*27,concordant
cohort2_dragen,cohort2,DRAGEN,HG01975,HG02602,1,*2/*5,*2/*5,*2/*5,*2/*5,*2/*5,concordant
cohort2_dragen,cohort2,DRAGEN,HG01975,HG02647,1,*4C+*4C/*17,*4+*4/*17,*4+*4/*17,*4+*4/*17,*4+*4/*17,concordant
cohort2_dragen,cohort2,DRAGEN,HG01975,HG02965,1,*4C+*4C/*17,*4+*4/*17,*4+*4/*17,*17/*4+*4,*4+*4/*17,concordant
cohort2_dragen,cohort2,DRAGEN,HG01975,HG03017,1,*1/*2,*1/*2,*1/*2,*1/*2,*1/*2,concordant
cohort2_dragen,cohort2,DRAGEN,HG01975,HG03139,1,*2+*2/*17,*2+*2/*17,*2+*2/*17,*17/*2+*2,*2+*2/*17,concordant
cohort2_dragen,cohort2,DRAGEN,HG01975,HG03225,1,*5/*56B,*5/*56,*5/*56,*56/*5,*5/*56,concordant
cohort2_dragen,cohort2,DRAGEN,HG01975,HG03239,1,*1/*5,*1/*5,*1/*5,*5/*1,*1/*5,concordant
cohort2_dragen,cohort2,DRAGEN,HG01975,HG03471,1,*29/*162,*29/*162,*29/*162,*162/*29,*29/*162,concordant
cohort2_dragen,cohort2,DRAGEN,HG01975,HG03654,1,*2/*2,*2/*2,*2/*2,*2/*2,*2/*2,concordant
cohort2_dragen,cohort2,DRAGEN,HG01975,HG03834,1,*1+*1/*4,*1+*1/*4,*1+*1/*4,*1+*1/*4,*1+*1/*4,concordant
cohort2_dragen,cohort2,DRAGEN,HG01975,HG04184,1,*10/*41,*10/*41,*10/*41,*10/*41,*10/*41,concordant
cohort2_dragen,cohort2,DRAGEN,HG01975,HG04228,1,*1/*43,*1/*43,*1/*43,*43/*1,*1/*43,concordant
cohort2_dragen,cohort2,DRAGEN,HG01975,HG06807,1,*2/*4C+*4C,*2/*4+*4,*2/*4+*4,*2/*4+*4,*2/*4+*4,concordant
cohort2_dragen,cohort2,DRAGEN,HG01975,NA18522,1,*1/*106,*1/*106,*1/*106,*106/*1,*1/*106,concordant
cohort2_dragen,cohort2,DRAGEN,HG01975,NA18565,1,*10/*36.ALDY+*10,*10/*36+*10,*10/*10+*36,*10+*36/*36,*10+*36/*36,discordant
cohort2_dragen,cohort2,DRAGEN,HG01975,NA18747,1,*1/*36.ALDY+*10,*1/*36+*10,*1/*10+*36,*1/*10+*36,*1/*10+*36,concordant
cohort2_dragen,cohort2,DRAGEN,HG01975,NA18952,1,*2/*2,*2/*2,*2/*2,*2/*2,*2/*2,concordant
cohort2_dragen,cohort2,DRAGEN,HG01975,NA18974,1,*2/*5,*2/*5,*2/*5,*2/*5,*2/*5,concordant
cohort2_dragen,cohort2,DRAGEN,HG01975,NA18976,1,*1/*36.ALDY+*10,*1/*36+*10,*1/*10+*36,*10+*36/*1,*1/*10+*36,concordant
cohort2_dragen,cohort2,DRAGEN,HG01975,NA18983,1,*1/*1,*1/*1,*1/*1,*1/*1,*1/*1,concordant
cohort2_dragen,cohort2,DRAGEN,HG01975,NA19043,1,*1/*1,*1/*1,*1/*1,*1/*1,*1/*1,concordant
cohort2_dragen,cohort2,DRAGEN,HG01975,NA19087,1,*1/*5,*1/*5,*1/*5,*5/*1,*1/*5,concordant
cohort2_dragen,cohort2,DRAGEN,HG01975,NA19776,1,*1/*36.ALDY+*10,*1/*36+*10,*1/*10+*36,*1/*10+*36,*1/*10+*36,concordant
cohort2_dragen,cohort2,DRAGEN,HG01975,NA19909,1,*1/*4C+*4C,*1/*4+*4,*1/*4+*4,*4+*4/*1,*1/*4+*4,concordant
cohort2_dragen,cohort2,DRAGEN,HG01975,NA20282,1,*2/*4,*2/*4,*2/*4,*2/*4,*2/*4,concordant
cohort2_dragen,cohort2,DRAGEN,HG01975,NA20752,1,*1/*4,*1/*4,*1/*4,*1/*4,*1/*4,concordant
cohort2_dragen,cohort2,DRAGEN,HG01975,NA20805,1,*35/*68+*4,*35/*68+*4,*4+*68/*35,*35/*4+*68,*4+*68/*35,concordant
cohort2_dragen,cohort2,DRAGEN,HG01975,NA20905,1,*1/*1,*1/*1,*1/*1,*1/*1,*1/*1,concordant
cohort2_dragen,cohort2,DRAGEN,HG01975,NA21102,1,*1/*1,*1/*1,*1/*1,*1/*1,*1/*1,concordant
cohort2_dragen,cohort2,DRAGEN,HG02486,HG00099,1,*1/*5,*1/*5,*1/*5,*1/*5,*1/*5,concordant
cohort2_dragen,cohort2,DRAGEN,HG02486,HG00133,1,*1/*1,*1/*1,*1/*1,*1/*1,*1/*1,concordant
cohort2_dragen,cohort2,DRAGEN,HG02486,HG00232,1,*1+rs769258/*35,*1/*35,*1/*35,*1/*35,*1/*35,concordant
cohort2_dragen,cohort2,DRAGEN,HG02486,HG00253,1,*1/*1,*1/*1,*1/*1,*1/*1,*1/*1,concordant
cohort2_dragen,cohort2,DRAGEN,HG02486,HG00280,1,*2/*41,*2/*41,*2/*41,*2/*41,*2/*41,concordant
cohort2_dragen,cohort2,DRAGEN,HG02486,HG00320,1,*2/*2+*2,*2/*2+*2,*2/*2+*2,*2+*2/*2,*2/*2+*2,concordant
cohort2_dragen,cohort2,DRAGEN,HG02486,HG00350,1,*1/*1,*1/*1,*1/*1,*1/*1,*1/*1,concordant
cohort2_dragen,cohort2,DRAGEN,HG02486,HG00408,1,*10/*36.ALDY+*10,*10/*36+*10,*10/*10+*36,*10+*36/*10,*10/*10+*36,concordant
cohort2_dragen,cohort2,DRAGEN,HG02486,HG00423,1,*10/*10+*10,*10/*10+*10,*10/*10+*10,*10/*10+*10,*10/*10+*10,concordant
cohort2_dragen,cohort2,DRAGEN,HG02486,HG00544,1,*1/*36.ALDY+*10,*1/*36+*10,*1/*10+*36,*1/*10+*36,*1/*10+*36,concordant
cohort2_dragen,cohort2,DRAGEN,HG02486,HG00558,1,*1/*36.ALDY+*10,*1/*36+*10,*1/*10+*36,*10+*36/*1,*1/*10+*36,concordant
cohort2_dragen,cohort2,DRAGEN,HG02486,HG00597,1,*10+*49/*36.ALDY+*10+*83.ALDY,*10+*49/*36+*10+*83,*10+*36+*83/*10+*49,*49/*10+*36+*36+*83,*10+*36+*36+*83/*49,discordant
cohort2_dragen,cohort2,DRAGEN,HG02486,HG00609,1,*36.ALDY+*10+rs1135822/*49,*36+*10/*49,*10+*36/*49,*10+*36/*49,*10+*36/*49,concordant
cohort2_dragen,cohort2,DRAGEN,HG02486,HG00639,1,*1/*1,*1/*1,*1/*1,*1/*1,*1/*1,concordant
cohort2_dragen,cohort2,DRAGEN,HG02486,HG00658,1,*10+*36.ALDY+*10/*36.ALDY+*10,*10+*36+*10/*36+*10,*10+*10+*36/*10+*36,*10+*36/*10+*36+*36,*10+*36/*10+*36+*36,discordant
cohort2_dragen,cohort2,DRAGEN,HG02486,HG01123,1,*1/*2,*1/*2,*1/*2,*2/*1,*1/*2,concordant
cohort2_dragen,cohort2,DRAGEN,HG02486,HG01167,1,*1/*41,*1/*41,*1/*41,*41/*1,*1/*41,concordant
cohort2_dragen,cohort2,DRAGEN,HG02486,HG01192,1,*5/*41,*5/*41,*5/*41,*41/*5,*5/*41,concordant
cohort2_dragen,cohort2,DRAGEN,HG02486,HG01261,1,*1/*5,*1/*5,*1/*5,*1/*5,*1/*5,concordant
cohort2_dragen,cohort2,DRAGEN,HG02486,HG01496,1,*2/*43+*43,*2/*43+*43,*2/*43+*43,*2/*43+*43,*2/*43+*43,concordant
cohort2_dragen,cohort2,DRAGEN,HG02486,HG01530,1,*2/*10,*2/*10,*2/*10,*2/*10,*2/*10,concordant
cohort2_dragen,cohort2,DRAGEN,HG02486,HG01784,1,*1/*68+*4,*1/*68+*4,*1/*4+*68,*4+*68/*1,*1/*4+*68,concordant
cohort2_dragen,cohort2,DRAGEN,HG02486,HG01884,1,*1/*2,*1/*2,*1/*2,*1/*2,*1/*2,concordant
cohort2_dragen,cohort2,DRAGEN,HG02486,HG01940,1,*1/*1,*1/*1,*1/*1,*1/*1,*1/*1,concordant
cohort2_dragen,cohort2,DRAGEN,HG02486,HG01969,1,*1/*2,*1/*2,*1/*2,*1/*2,*1/*2,concordant
cohort2_dragen,cohort2,DRAGEN,HG02486,HG01975,1,*1/*1,*1/*1,*1/*1,*1/*1,*1/*1,concordant
cohort2_dragen,cohort2,DRAGEN,HG02486,HG02015,1,*10/*36.ALDY+*10,*10/*36+*10,*10/*10+*36,*10/*10+*36,*10/*10+*36,concordant
cohort2_dragen,cohort2,DRAGEN,HG02486,HG02027,1,*14/*36.ALDY+*10,*14/*36+*10,*10+*36/*14,*10+*36/*14,*10+*36/*14,concordant
cohort2_dragen,cohort2,DRAGEN,HG02486,HG02040,1,*36.ALDY+*10/*36.ALDY+*10,*36+*10/*36+*10,*10+*36/*10+*36,*10+*36/*10+*36,*10+*36/*10+*36,concordant
cohort2_dragen,cohort2,DRAGEN,HG02486,HG02056,1,*36.ALDY+*10/*36.ALDY+*10,*36+*10/*36+*10,*10+*36/*10+*36,*10+*36/*10+*36,*10+*36/*10+*36,concordant
cohort2_dragen,cohort2,DRAGEN,HG02486,HG02071,1,*2/*36.ALDY+*10,*2/*36+*10,*2/*10+*36,*10+*36/*2,*2/*10+*36,concordant
cohort2_dragen,cohort2,DRAGEN,HG02486,HG02074,1,*36.ALDY+*10/*36.ALDY+*10,*36+*10/*36+*10,*10+*36/*10+*36,*10+*36/*10+*36,*10+*36/*10+*36,concordant
cohort2_dragen,cohort2,DRAGEN,HG02486,HG02083,1,*10+*36.ALDY+*10/*36.ALDY+*10,*10+*36+*10/*36+*10,*10+*10+*36/*10+*36,*10+*36+*36/*10+*36,*10+*36/*10+*36+*36,discordant
cohort2_dragen,cohort2,DRAGEN,HG02486,HG02129,1,*1/*36.ALDY+*10,*1/*36+*10,*1/*10+*36,*1/*10+*36,*1/*10+*36,concordant
cohort2_dragen,cohort2,DRAGEN,HG02486,HG02132,1,*36.ALDY+*10/*36.ALDY+*10,*36+*10/*36+*10,*10+*36/*10+*36,*10+*36/*10+*36,*10+*36/*10+*36,concordant
cohort2_dragen,cohort2,DRAGEN,HG02486,HG02135,1,*36.ALDY+*10/*36.ALDY+*10,*36+*10/*36+*10,*10+*36/*10+*36,*10+*36/*10+*36,*10+*36/*10+*36,concordant
cohort2_dragen,cohort2,DRAGEN,HG02486,HG02155,1,*10+*36.ALDY+*10/*36.ALDY+*10,*10+*36+*10/*36+*10,*10+*10+*36/*10+*36,*10+*36/*10+*36+*36,*10+*36/*10+*36+*36,discordant
cohort2_dragen,cohort2,DRAGEN,HG02486,HG02178,1,*1+*36.ALDY/*36.ALDY+*10,*1+*36/*36+*10,*1+*36/*10+*36,*10+*36+*36/*1,*1/*10+*36+*36,discordant
cohort2_dragen,cohort2,DRAGEN,HG02486,HG02258,1,*1/*17+*17,*1/*17+*17,*1/*17+*17,*17+*17/*1,*1/*17+*17,concordant
cohort2_dragen,cohort2,DRAGEN,HG02486,HG02300,1,*2/*5,*2/*5,*2/*5,*2/*5,*2/*5,concordant
cohort2_dragen,cohort2,DRAGEN,HG02486,HG02523,1,*1/*5,*1/*5,*1/*5,*5/*1,*1/*5,concordant
cohort2_dragen,cohort2,DRAGEN,HG02486,HG02559,1,*2/*27,*2/*27,*2/*27,*27/*2,*2/*27,concordant
cohort2_dragen,cohort2,DRAGEN,HG02486,HG02602,1,*2/*5,*2/*5,*2/*5,*2/*5,*2/*5,concordant
cohort2_dragen,cohort2,DRAGEN,HG02486,HG02647,1,*4C+*4C/*17,*4+*4/*17,*4+*4/*17,*4+*4/*17,*4+*4/*17,concordant
cohort2_dragen,cohort2,DRAGEN,HG02486,HG02965,1,*4C+*4C/*17,*4+*4/*17,*4+*4/*17,*17/*4+*4,*4+*4/*17,concordant
cohort2_dragen,cohort2,DRAGEN,HG02486,HG03017,1,*1/*2,*1/*2,*1/*2,*1/*2,*1/*2,concordant
cohort2_dragen,cohort2,DRAGEN,HG02486,HG03139,1,*2+*2/*17,*2+*2/*17,*2+*2/*17,*17/*2+*2,*2+*2/*17,concordant
cohort2_dragen,cohort2,DRAGEN,HG02486,HG03225,1,*5/*56B,*5/*56,*5/*56,*56/*5,*5/*56,concordant
cohort2_dragen,cohort2,DRAGEN,HG02486,HG03239,1,*1/*5,*1/*5,*1/*5,*5/*1,*1/*5,concordant
cohort2_dragen,cohort2,DRAGEN,HG02486,HG03471,1,*29/*162,*29/*162,*29/*162,*162/*29,*29/*162,concordant
cohort2_dragen,cohort2,DRAGEN,HG02486,HG03654,1,*2/*2,*2/*2,*2/*2,*2/*2,*2/*2,concordant
cohort2_dragen,cohort2,DRAGEN,HG02486,HG03834,1,*1+*1/*4,*1+*1/*4,*1+*1/*4,*1+*1/*4,*1+*1/*4,concordant
cohort2_dragen,cohort2,DRAGEN,HG02486,HG04184,1,*10/*41,*10/*41,*10/*41,*10/*41,*10/*41,concordant
cohort2_dragen,cohort2,DRAGEN,HG02486,HG04228,1,*1/*43,*1/*43,*1/*43,*43/*1,*1/*43,concordant
cohort2_dragen,cohort2,DRAGEN,HG02486,HG06807,1,*2/*4C+*4C,*2/*4+*4,*2/*4+*4,*2/*4+*4,*2/*4+*4,concordant
cohort2_dragen,cohort2,DRAGEN,HG02486,NA18522,1,*1/*106,*1/*106,*1/*106,*106/*1,*1/*106,concordant
cohort2_dragen,cohort2,DRAGEN,HG02486,NA18565,1,*10/*36.ALDY+*10,*10/*36+*10,*10/*10+*36,*10+*36/*36,*10+*36/*36,discordant
cohort2_dragen,cohort2,DRAGEN,HG02486,NA18747,1,*1/*36.ALDY+*10,*1/*36+*10,*1/*10+*36,*1/*10+*36,*1/*10+*36,concordant
cohort2_dragen,cohort2,DRAGEN,HG02486,NA18952,1,*2/*2,*2/*2,*2/*2,*2/*2,*2/*2,concordant
cohort2_dragen,cohort2,DRAGEN,HG02486,NA18974,1,*2/*5,*2/*5,*2/*5,*2/*5,*2/*5,concordant
cohort2_dragen,cohort2,DRAGEN,HG02486,NA18976,1,*1/*36.ALDY+*10,*1/*36+*10,*1/*10+*36,*10+*36/*1,*1/*10+*36,concordant
cohort2_dragen,cohort2,DRAGEN,HG02486,NA18983,1,*1/*1,*1/*1,*1/*1,*1/*1,*1/*1,concordant
cohort2_dragen,cohort2,DRAGEN,HG02486,NA19043,1,*1/*1,*1/*1,*1/*1,*1/*1,*1/*1,concordant
cohort2_dragen,cohort2,DRAGEN,HG02486,NA19087,1,*1/*5,*1/*5,*1/*5,*5/*1,*1/*5,concordant
cohort2_dragen,cohort2,DRAGEN,HG02486,NA19776,1,*1/*36.ALDY+*10,*1/*36+*10,*1/*10+*36,*1/*10+*36,*1/*10+*36,concordant
cohort2_dragen,cohort2,DRAGEN,HG02486,NA19909,1,*1/*4C+*4C,*1/*4+*4,*1/*4+*4,*4+*4/*1,*1/*4+*4,concordant
cohort2_dragen,cohort2,DRAGEN,HG02486,NA20282,1,*2/*4,*2/*4,*2/*4,*2/*4,*2/*4,concordant
cohort2_dragen,cohort2,DRAGEN,HG02486,NA20752,1,*1/*4,*1/*4,*1/*4,*1/*4,*1/*4,concordant
cohort2_dragen,cohort2,DRAGEN,HG02486,NA20805,1,*35/*68+*4,*35/*68+*4,*4+*68/*35,*35/*4+*68,*4+*68/*35,concordant
cohort2_dragen,cohort2,DRAGEN,HG02486,NA20905,1,*1/*1,*1/*1,*1/*1,*1/*1,*1/*1,concordant
cohort2_dragen,cohort2,DRAGEN,HG02486,NA21102,1,*1/*1,*1/*1,*1/*1,*1/*1,*1/*1,concordant
cohort2_dragen,cohort2,DRAGEN,HG02559,HG00099,1,*1/*5,*1/*5,*1/*5,*1/*5,*1/*5,concordant
cohort2_dragen,cohort2,DRAGEN,HG02559,HG00133,1,*1/*1,*1/*1,*1/*1,*1/*1,*1/*1,concordant
cohort2_dragen,cohort2,DRAGEN,HG02559,HG00232,1,*1+rs769258/*35,*1/*35,*1/*35,*1/*35,*1/*35,concordant
cohort2_dragen,cohort2,DRAGEN,HG02559,HG00253,1,*1/*1,*1/*1,*1/*1,*1/*1,*1/*1,concordant
cohort2_dragen,cohort2,DRAGEN,HG02559,HG00280,1,*2/*41,*2/*41,*2/*41,*2/*41,*2/*41,concordant
cohort2_dragen,cohort2,DRAGEN,HG02559,HG00320,1,*2/*2+*2,*2/*2+*2,*2/*2+*2,*2+*2/*2,*2/*2+*2,concordant
cohort2_dragen,cohort2,DRAGEN,HG02559,HG00350,1,*1/*1,*1/*1,*1/*1,*1/*1,*1/*1,concordant
cohort2_dragen,cohort2,DRAGEN,HG02559,HG00408,1,*10/*36.ALDY+*10,*10/*36+*10,*10/*10+*36,*10+*36/*10,*10/*10+*36,concordant
cohort2_dragen,cohort2,DRAGEN,HG02559,HG00423,1,*10/*10+*10,*10/*10+*10,*10/*10+*10,*10/*10+*10,*10/*10+*10,concordant
cohort2_dragen,cohort2,DRAGEN,HG02559,HG00544,1,*1/*36.ALDY+*10,*1/*36+*10,*1/*10+*36,*1/*10+*36,*1/*10+*36,concordant
cohort2_dragen,cohort2,DRAGEN,HG02559,HG00558,1,*1/*36.ALDY+*10,*1/*36+*10,*1/*10+*36,*10+*36/*1,*1/*10+*36,concordant
cohort2_dragen,cohort2,DRAGEN,HG02559,HG00597,1,*10+*49/*36.ALDY+*10+*83.ALDY,*10+*49/*36+*10+*83,*10+*36+*83/*10+*49,*49/*10+*36+*36+*83,*10+*36+*36+*83/*49,discordant
cohort2_dragen,cohort2,DRAGEN,HG02559,HG00609,1,*36.ALDY+*10+rs1135822/*49,*36+*10/*49,*10+*36/*49,*10+*36/*49,*10+*36/*49,concordant
cohort2_dragen,cohort2,DRAGEN,HG02559,HG00639,1,*1/*1,*1/*1,*1/*1,*1/*1,*1/*1,concordant
cohort2_dragen,cohort2,DRAGEN,HG02559,HG00658,1,*10+*36.ALDY+*10/*36.ALDY+*10,*10+*36+*10/*36+*10,*10+*10+*36/*10+*36,*10+*36/*10+*36+*36,*10+*36/*10+*36+*36,discordant
cohort2_dragen,cohort2,DRAGEN,HG02559,HG01123,1,*1/*2,*1/*2,*1/*2,*2/*1,*1/*2,concordant
cohort2_dragen,cohort2,DRAGEN,HG02559,HG01167,1,*1/*41,*1/*41,*1/*41,*41/*1,*1/*41,concordant
cohort2_dragen,cohort2,DRAGEN,HG02559,HG01192,1,*5/*41,*5/*41,*5/*41,*41/*5,*5/*41,concordant
cohort2_dragen,cohort2,DRAGEN,HG02559,HG01261,1,*1/*5,*1/*5,*1/*5,*1/*5,*1/*5,concordant
cohort2_dragen,cohort2,DRAGEN,HG02559,HG01496,1,*2/*43+*43,*2/*43+*43,*2/*43+*43,*2/*43+*43,*2/*43+*43,concordant
cohort2_dragen,cohort2,DRAGEN,HG02559,HG01530,1,*2/*10,*2/*10,*2/*10,*2/*10,*2/*10,concordant
cohort2_dragen,cohort2,DRAGEN,HG02559,HG01784,1,*1/*68+*4,*1/*68+*4,*1/*4+*68,*4+*68/*1,*1/*4+*68,concordant
cohort2_dragen,cohort2,DRAGEN,HG02559,HG01884,1,*1/*2,*1/*2,*1/*2,*1/*2,*1/*2,concordant
cohort2_dragen,cohort2,DRAGEN,HG02559,HG01940,1,*1/*1,*1/*1,*1/*1,*1/*1,*1/*1,concordant
cohort2_dragen,cohort2,DRAGEN,HG02559,HG01969,1,*1/*2,*1/*2,*1/*2,*1/*2,*1/*2,concordant
cohort2_dragen,cohort2,DRAGEN,HG02559,HG01975,1,*1/*1,*1/*1,*1/*1,*1/*1,*1/*1,concordant
cohort2_dragen,cohort2,DRAGEN,HG02559,HG02015,1,*10/*36.ALDY+*10,*10/*36+*10,*10/*10+*36,*10/*10+*36,*10/*10+*36,concordant
cohort2_dragen,cohort2,DRAGEN,HG02559,HG02027,1,*14/*36.ALDY+*10,*14/*36+*10,*10+*36/*14,*10+*36/*14,*10+*36/*14,concordant
cohort2_dragen,cohort2,DRAGEN,HG02559,HG02040,1,*36.ALDY+*10/*36.ALDY+*10,*36+*10/*36+*10,*10+*36/*10+*36,*10+*36/*10+*36,*10+*36/*10+*36,concordant
cohort2_dragen,cohort2,DRAGEN,HG02559,HG02056,1,*36.ALDY+*10/*36.ALDY+*10,*36+*10/*36+*10,*10+*36/*10+*36,*10+*36/*10+*36,*10+*36/*10+*36,concordant
cohort2_dragen,cohort2,DRAGEN,HG02559,HG02071,1,*2/*36.ALDY+*10,*2/*36+*10,*2/*10+*36,*10+*36/*2,*2/*10+*36,concordant
cohort2_dragen,cohort2,DRAGEN,HG02559,HG02074,1,*36.ALDY+*10/*36.ALDY+*10,*36+*10/*36+*10,*10+*36/*10+*36,*10+*36/*10+*36,*10+*36/*10+*36,concordant
cohort2_dragen,cohort2,DRAGEN,HG02559,HG02083,1,*10+*36.ALDY+*10/*36.ALDY+*10,*10+*36+*10/*36+*10,*10+*10+*36/*10+*36,*10+*36+*36/*10+*36,*10+*36/*10+*36+*36,discordant
cohort2_dragen,cohort2,DRAGEN,HG02559,HG02129,1,*1/*36.ALDY+*10,*1/*36+*10,*1/*10+*36,*1/*10+*36,*1/*10+*36,concordant
cohort2_dragen,cohort2,DRAGEN,HG02559,HG02132,1,*36.ALDY+*10/*36.ALDY+*10,*36+*10/*36+*10,*10+*36/*10+*36,*10+*36/*10+*36,*10+*36/*10+*36,concordant
cohort2_dragen,cohort2,DRAGEN,HG02559,HG02135,1,*36.ALDY+*10/*36.ALDY+*10,*36+*10/*36+*10,*10+*36/*10+*36,*10+*36/*10+*36,*10+*36/*10+*36,concordant
cohort2_dragen,cohort2,DRAGEN,HG02559,HG02155,1,*10+*36.ALDY+*10/*36.ALDY+*10,*10+*36+*10/*36+*10,*10+*10+*36/*10+*36,*10+*36/*10+*36+*36,*10+*36/*10+*36+*36,discordant
cohort2_dragen,cohort2,DRAGEN,HG02559,HG02178,1,*1+*36.ALDY/*36.ALDY+*10,*1+*36/*36+*10,*1+*36/*10+*36,*10+*36+*36/*1,*1/*10+*36+*36,discordant
cohort2_dragen,cohort2,DRAGEN,HG02559,HG02258,1,*1/*17+*17,*1/*17+*17,*1/*17+*17,*17+*17/*1,*1/*17+*17,concordant
cohort2_dragen,cohort2,DRAGEN,HG02559,HG02300,1,*2/*5,*2/*5,*2/*5,*2/*5,*2/*5,concordant
cohort2_dragen,cohort2,DRAGEN,HG02559,HG02486,1,*2/*29,*2/*29,*2/*29,*2/*29,*2/*29,concordant
cohort2_dragen,cohort2,DRAGEN,HG02559,HG02523,1,*1/*5,*1/*5,*1/*5,*5/*1,*1/*5,concordant
cohort2_dragen,cohort2,DRAGEN,HG02559,HG02602,1,*2/*5,*2/*5,*2/*5,*2/*5,*2/*5,concordant
cohort2_dragen,cohort2,DRAGEN,HG02559,HG02647,1,*4C+*4C/*17,*4+*4/*17,*4+*4/*17,*4+*4/*17,*4+*4/*17,concordant
cohort2_dragen,cohort2,DRAGEN,HG02559,HG02965,1,*4C+*4C/*17,*4+*4/*17,*4+*4/*17,*17/*4+*4,*4+*4/*17,concordant
cohort2_dragen,cohort2,DRAGEN,HG02559,HG03017,1,*1/*2,*1/*2,*1/*2,*1/*2,*1/*2,concordant
cohort2_dragen,cohort2,DRAGEN,HG02559,HG03139,1,*2+*2/*17,*2+*2/*17,*2+*2/*17,*17/*2+*2,*2+*2/*17,concordant
cohort2_dragen,cohort2,DRAGEN,HG02559,HG03225,1,*5/*56B,*5/*56,*5/*56,*56/*5,*5/*56,concordant
cohort2_dragen,cohort2,DRAGEN,HG02559,HG03239,1,*1/*5,*1/*5,*1/*5,*5/*1,*1/*5,concordant
cohort2_dragen,cohort2,DRAGEN,HG02559,HG03471,1,*29/*162,*29/*162,*29/*162,*162/*29,*29/*162,concordant
cohort2_dragen,cohort2,DRAGEN,HG02559,HG03654,1,*2/*2,*2/*2,*2/*2,*2/*2,*2/*2,concordant
cohort2_dragen,cohort2,DRAGEN,HG02559,HG03834,1,*1+*1/*4,*1+*1/*4,*1+*1/*4,*1+*1/*4,*1+*1/*4,concordant
cohort2_dragen,cohort2,DRAGEN,HG02559,HG04184,1,*10/*41,*10/*41,*10/*41,*10/*41,*10/*41,concordant
cohort2_dragen,cohort2,DRAGEN,HG02559,HG04228,1,*1/*43,*1/*43,*1/*43,*43/*1,*1/*43,concordant
cohort2_dragen,cohort2,DRAGEN,HG02559,HG06807,1,*2/*4C+*4C,*2/*4+*4,*2/*4+*4,*2/*4+*4,*2/*4+*4,concordant
cohort2_dragen,cohort2,DRAGEN,HG02559,NA18522,1,*1/*106,*1/*106,*1/*106,*106/*1,*1/*106,concordant
cohort2_dragen,cohort2,DRAGEN,HG02559,NA18565,1,*10/*36.ALDY+*10,*10/*36+*10,*10/*10+*36,*10+*36/*36,*10+*36/*36,discordant
cohort2_dragen,cohort2,DRAGEN,HG02559,NA18747,1,*1/*36.ALDY+*10,*1/*36+*10,*1/*10+*36,*1/*10+*36,*1/*10+*36,concordant
cohort2_dragen,cohort2,DRAGEN,HG02559,NA18952,1,*2/*2,*2/*2,*2/*2,*2/*2,*2/*2,concordant
cohort2_dragen,cohort2,DRAGEN,HG02559,NA18974,1,*2/*5,*2/*5,*2/*5,*2/*5,*2/*5,concordant
cohort2_dragen,cohort2,DRAGEN,HG02559,NA18976,1,*1/*36.ALDY+*10,*1/*36+*10,*1/*10+*36,*10+*36/*1,*1/*10+*36,concordant
cohort2_dragen,cohort2,DRAGEN,HG02559,NA18983,1,*1/*1,*1/*1,*1/*1,*1/*1,*1/*1,concordant
cohort2_dragen,cohort2,DRAGEN,HG02559,NA19043,1,*1/*1,*1/*1,*1/*1,*1/*1,*1/*1,concordant
cohort2_dragen,cohort2,DRAGEN,HG02559,NA19087,1,*1/*5,*1/*5,*1/*5,*5/*1,*1/*5,concordant
cohort2_dragen,cohort2,DRAGEN,HG02559,NA19776,1,*1/*36.ALDY+*10,*1/*36+*10,*1/*10+*36,*1/*10+*36,*1/*10+*36,concordant
cohort2_dragen,cohort2,DRAGEN,HG02559,NA19909,1,*1/*4C+*4C,*1/*4+*4,*1/*4+*4,*4+*4/*1,*1/*4+*4,concordant
cohort2_dragen,cohort2,DRAGEN,HG02559,NA20282,1,*2/*4,*2/*4,*2/*4,*2/*4,*2/*4,concordant
cohort2_dragen,cohort2,DRAGEN,HG02559,NA20752,1,*1/*4,*1/*4,*1/*4,*1/*4,*1/*4,concordant
cohort2_dragen,cohort2,DRAGEN,HG02559,NA20805,1,*35/*68+*4,*35/*68+*4,*4+*68/*35,*35/*4+*68,*4+*68/*35,concordant
cohort2_dragen,cohort2,DRAGEN,HG02559,NA20905,1,*1/*1,*1/*1,*1/*1,*1/*1,*1/*1,concordant
cohort2_dragen,cohort2,DRAGEN,HG02559,NA21102,1,*1/*1,*1/*1,*1/*1,*1/*1,*1/*1,concordant
cohort2_dragen,cohort2,DRAGEN,HG03017,HG00099,1,*1/*5,*1/*5,*1/*5,*1/*5,*1/*5,concordant
cohort2_dragen,cohort2,DRAGEN,HG03017,HG00133,1,*1/*1,*1/*1,*1/*1,*1/*1,*1/*1,concordant
cohort2_dragen,cohort2,DRAGEN,HG03017,HG00232,1,*1+rs769258/*35,*1/*35,*1/*35,*1/*35,*1/*35,concordant
cohort2_dragen,cohort2,DRAGEN,HG03017,HG00253,1,*1/*1,*1/*1,*1/*1,*1/*1,*1/*1,concordant
cohort2_dragen,cohort2,DRAGEN,HG03017,HG00280,1,*2/*41,*2/*41,*2/*41,*2/*41,*2/*41,concordant
cohort2_dragen,cohort2,DRAGEN,HG03017,HG00320,1,*2/*2+*2,*2/*2+*2,*2/*2+*2,*2+*2/*2,*2/*2+*2,concordant
cohort2_dragen,cohort2,DRAGEN,HG03017,HG00350,1,*1/*1,*1/*1,*1/*1,*1/*1,*1/*1,concordant
cohort2_dragen,cohort2,DRAGEN,HG03017,HG00408,1,*10/*36.ALDY+*10,*10/*36+*10,*10/*10+*36,*10+*36/*10,*10/*10+*36,concordant
cohort2_dragen,cohort2,DRAGEN,HG03017,HG00423,1,*10/*10+*10,*10/*10+*10,*10/*10+*10,*10/*10+*10,*10/*10+*10,concordant
cohort2_dragen,cohort2,DRAGEN,HG03017,HG00544,1,*1/*36.ALDY+*10,*1/*36+*10,*1/*10+*36,*1/*10+*36,*1/*10+*36,concordant
cohort2_dragen,cohort2,DRAGEN,HG03017,HG00558,1,*1/*36.ALDY+*10,*1/*36+*10,*1/*10+*36,*10+*36/*1,*1/*10+*36,concordant
cohort2_dragen,cohort2,DRAGEN,HG03017,HG00597,1,*10+*49/*36.ALDY+*10+*83.ALDY,*10+*49/*36+*10+*83,*10+*36+*83/*10+*49,*49/*10+*36+*36+*83,*10+*36+*36+*83/*49,discordant
cohort2_dragen,cohort2,DRAGEN,HG03017,HG00609,1,*36.ALDY+*10+rs1135822/*49,*36+*10/*49,*10+*36/*49,*10+*36/*49,*10+*36/*49,concordant
cohort2_dragen,cohort2,DRAGEN,HG03017,HG00639,1,*1/*1,*1/*1,*1/*1,*1/*1,*1/*1,concordant
cohort2_dragen,cohort2,DRAGEN,HG03017,HG00658,1,*10+*36.ALDY+*10/*36.ALDY+*10,*10+*36+*10/*36+*10,*10+*10+*36/*10+*36,*10+*36/*10+*36+*36,*10+*36/*10+*36+*36,discordant
cohort2_dragen,cohort2,DRAGEN,HG03017,HG01123,1,*1/*2,*1/*2,*1/*2,*2/*1,*1/*2,concordant
cohort2_dragen,cohort2,DRAGEN,HG03017,HG01167,1,*1/*41,*1/*41,*1/*41,*41/*1,*1/*41,concordant
cohort2_dragen,cohort2,DRAGEN,HG03017,HG01192,1,*5/*41,*5/*41,*5/*41,*41/*5,*5/*41,concordant
cohort2_dragen,cohort2,DRAGEN,HG03017,HG01261,1,*1/*5,*1/*5,*1/*5,*1/*5,*1/*5,concordant
cohort2_dragen,cohort2,DRAGEN,HG03017,HG01496,1,*2/*43+*43,*2/*43+*43,*2/*43+*43,*2/*43+*43,*2/*43+*43,concordant
cohort2_dragen,cohort2,DRAGEN,HG03017,HG01530,1,*2/*10,*2/*10,*2/*10,*2/*10,*2/*10,concordant
cohort2_dragen,cohort2,DRAGEN,HG03017,HG01784,1,*1/*68+*4,*1/*68+*4,*1/*4+*68,*4+*68/*1,*1/*4+*68,concordant
cohort2_dragen,cohort2,DRAGEN,HG03017,HG01884,1,*1/*2,*1/*2,*1/*2,*1/*2,*1/*2,concordant
cohort2_dragen,cohort2,DRAGEN,HG03017,HG01940,1,*1/*1,*1/*1,*1/*1,*1/*1,*1/*1,concordant
cohort2_dragen,cohort2,DRAGEN,HG03017,HG01969,1,*1/*2,*1/*2,*1/*2,*1/*2,*1/*2,concordant
cohort2_dragen,cohort2,DRAGEN,HG03017,HG01975,1,*1/*1,*1/*1,*1/*1,*1/*1,*1/*1,concordant
cohort2_dragen,cohort2,DRAGEN,HG03017,HG02015,1,*10/*36.ALDY+*10,*10/*36+*10,*10/*10+*36,*10/*10+*36,*10/*10+*36,concordant
cohort2_dragen,cohort2,DRAGEN,HG03017,HG02027,1,*14/*36.ALDY+*10,*14/*36+*10,*10+*36/*14,*10+*36/*14,*10+*36/*14,concordant
cohort2_dragen,cohort2,DRAGEN,HG03017,HG02040,1,*36.ALDY+*10/*36.ALDY+*10,*36+*10/*36+*10,*10+*36/*10+*36,*10+*36/*10+*36,*10+*36/*10+*36,concordant
cohort2_dragen,cohort2,DRAGEN,HG03017,HG02056,1,*36.ALDY+*10/*36.ALDY+*10,*36+*10/*36+*10,*10+*36/*10+*36,*10+*36/*10+*36,*10+*36/*10+*36,concordant
cohort2_dragen,cohort2,DRAGEN,HG03017,HG02071,1,*2/*36.ALDY+*10,*2/*36+*10,*2/*10+*36,*10+*36/*2,*2/*10+*36,concordant
cohort2_dragen,cohort2,DRAGEN,HG03017,HG02074,1,*36.ALDY+*10/*36.ALDY+*10,*36+*10/*36+*10,*10+*36/*10+*36,*10+*36/*10+*36,*10+*36/*10+*36,concordant
cohort2_dragen,cohort2,DRAGEN,HG03017,HG02083,1,*10+*36.ALDY+*10/*36.ALDY+*10,*10+*36+*10/*36+*10,*10+*10+*36/*10+*36,*10+*36+*36/*10+*36,*10+*36/*10+*36+*36,discordant
cohort2_dragen,cohort2,DRAGEN,HG03017,HG02129,1,*1/*36.ALDY+*10,*1/*36+*10,*1/*10+*36,*1/*10+*36,*1/*10+*36,concordant
cohort2_dragen,cohort2,DRAGEN,HG03017,HG02132,1,*36.ALDY+*10/*36.ALDY+*10,*36+*10/*36+*10,*10+*36/*10+*36,*10+*36/*10+*36,*10+*36/*10+*36,concordant
cohort2_dragen,cohort2,DRAGEN,HG03017,HG02135,1,*36.ALDY+*10/*36.ALDY+*10,*36+*10/*36+*10,*10+*36/*10+*36,*10+*36/*10+*36,*10+*36/*10+*36,concordant
cohort2_dragen,cohort2,DRAGEN,HG03017,HG02155,1,*10+*36.ALDY+*10/*36.ALDY+*10,*10+*36+*10/*36+*10,*10+*10+*36/*10+*36,*10+*36/*10+*36+*36,*10+*36/*10+*36+*36,discordant
cohort2_dragen,cohort2,DRAGEN,HG03017,HG02178,1,*1+*36.ALDY/*36.ALDY+*10,*1+*36/*36+*10,*1+*36/*10+*36,*10+*36+*36/*1,*1/*10+*36+*36,discordant
cohort2_dragen,cohort2,DRAGEN,HG03017,HG02258,1,*1/*17+*17,*1/*17+*17,*1/*17+*17,*17+*17/*1,*1/*17+*17,concordant
cohort2_dragen,cohort2,DRAGEN,HG03017,HG02300,1,*2/*5,*2/*5,*2/*5,*2/*5,*2/*5,concordant
cohort2_dragen,cohort2,DRAGEN,HG03017,HG02486,1,*2/*29,*2/*29,*2/*29,*2/*29,*2/*29,concordant
cohort2_dragen,cohort2,DRAGEN,HG03017,HG02523,1,*1/*5,*1/*5,*1/*5,*5/*1,*1/*5,concordant
cohort2_dragen,cohort2,DRAGEN,HG03017,HG02559,1,*2/*27,*2/*27,*2/*27,*27/*2,*2/*27,concordant
cohort2_dragen,cohort2,DRAGEN,HG03017,HG02602,1,*2/*5,*2/*5,*2/*5,*2/*5,*2/*5,concordant
cohort2_dragen,cohort2,DRAGEN,HG03017,HG02647,1,*4C+*4C/*17,*4+*4/*17,*4+*4/*17,*4+*4/*17,*4+*4/*17,concordant
cohort2_dragen,cohort2,DRAGEN,HG03017,HG02965,1,*4C+*4C/*17,*4+*4/*17,*4+*4/*17,*17/*4+*4,*4+*4/*17,concordant
cohort2_dragen,cohort2,DRAGEN,HG03017,HG03139,1,*2+*2/*17,*2+*2/*17,*2+*2/*17,*17/*2+*2,*2+*2/*17,concordant
cohort2_dragen,cohort2,DRAGEN,HG03017,HG03225,1,*5/*56B,*5/*56,*5/*56,*56/*5,*5/*56,concordant
cohort2_dragen,cohort2,DRAGEN,HG03017,HG03239,1,*1/*5,*1/*5,*1/*5,*5/*1,*1/*5,concordant
cohort2_dragen,cohort2,DRAGEN,HG03017,HG03471,1,*29/*162,*29/*162,*29/*162,*162/*29,*29/*162,concordant
cohort2_dragen,cohort2,DRAGEN,HG03017,HG03654,1,*2/*2,*2/*2,*2/*2,*2/*2,*2/*2,concordant
cohort2_dragen,cohort2,DRAGEN,HG03017,HG03834,1,*1+*1/*4,*1+*1/*4,*1+*1/*4,*1+*1/*4,*1+*1/*4,concordant
cohort2_dragen,cohort2,DRAGEN,HG03017,HG04184,1,*10/*41,*10/*41,*10/*41,*10/*41,*10/*41,concordant
cohort2_dragen,cohort2,DRAGEN,HG03017,HG04228,1,*1/*43,*1/*43,*1/*43,*43/*1,*1/*43,concordant
cohort2_dragen,cohort2,DRAGEN,HG03017,HG06807,1,*2/*4C+*4C,*2/*4+*4,*2/*4+*4,*2/*4+*4,*2/*4+*4,concordant
cohort2_dragen,cohort2,DRAGEN,HG03017,NA18522,1,*1/*106,*1/*106,*1/*106,*106/*1,*1/*106,concordant
cohort2_dragen,cohort2,DRAGEN,HG03017,NA18565,1,*10/*36.ALDY+*10,*10/*36+*10,*10/*10+*36,*10+*36/*36,*10+*36/*36,discordant
cohort2_dragen,cohort2,DRAGEN,HG03017,NA18747,1,*1/*36.ALDY+*10,*1/*36+*10,*1/*10+*36,*1/*10+*36,*1/*10+*36,concordant
cohort2_dragen,cohort2,DRAGEN,HG03017,NA18952,1,*2/*2,*2/*2,*2/*2,*2/*2,*2/*2,concordant
cohort2_dragen,cohort2,DRAGEN,HG03017,NA18974,1,*2/*5,*2/*5,*2/*5,*2/*5,*2/*5,concordant
cohort2_dragen,cohort2,DRAGEN,HG03017,NA18976,1,*1/*36.ALDY+*10,*1/*36+*10,*1/*10+*36,*10+*36/*1,*1/*10+*36,concordant
cohort2_dragen,cohort2,DRAGEN,HG03017,NA18983,1,*1/*1,*1/*1,*1/*1,*1/*1,*1/*1,concordant
cohort2_dragen,cohort2,DRAGEN,HG03017,NA19043,1,*1/*1,*1/*1,*1/*1,*1/*1,*1/*1,concordant
cohort2_dragen,cohort2,DRAGEN,HG03017,NA19087,1,*1/*5,*1/*5,*1/*5,*5/*1,*1/*5,concordant
cohort2_dragen,cohort2,DRAGEN,HG03017,NA19776,1,*1/*36.ALDY+*10,*1/*36+*10,*1/*10+*36,*1/*10+*36,*1/*10+*36,concordant
cohort2_dragen,cohort2,DRAGEN,HG03017,NA19909,1,*1/*4C+*4C,*1/*4+*4,*1/*4+*4,*4+*4/*1,*1/*4+*4,concordant
cohort2_dragen,cohort2,DRAGEN,HG03017,NA20282,1,*2/*4,*2/*4,*2/*4,*2/*4,*2/*4,concordant
cohort2_dragen,cohort2,DRAGEN,HG03017,NA20752,1,*1/*4,*1/*4,*1/*4,*1/*4,*1/*4,concordant
cohort2_dragen,cohort2,DRAGEN,HG03017,NA20805,1,*35/*68+*4,*35/*68+*4,*4+*68/*35,*35/*4+*68,*4+*68/*35,concordant
cohort2_dragen,cohort2,DRAGEN,HG03017,NA20905,1,*1/*1,*1/*1,*1/*1,*1/*1,*1/*1,concordant
cohort2_dragen,cohort2,DRAGEN,HG03017,NA21102,1,*1/*1,*1/*1,*1/*1,*1/*1,*1/*1,concordant
cohort2_dragen,cohort2,DRAGEN,HG03471,HG00099,1,*1/*5,*1/*5,*1/*5,*1/*5,*1/*5,concordant
cohort2_dragen,cohort2,DRAGEN,HG03471,HG00133,1,*1/*1,*1/*1,*1/*1,*1/*1,*1/*1,concordant
cohort2_dragen,cohort2,DRAGEN,HG03471,HG00232,1,*1+rs769258/*35,*1/*35,*1/*35,*1/*35,*1/*35,concordant
cohort2_dragen,cohort2,DRAGEN,HG03471,HG00253,1,*1/*1,*1/*1,*1/*1,*1/*1,*1/*1,concordant
cohort2_dragen,cohort2,DRAGEN,HG03471,HG00280,1,*2/*41,*2/*41,*2/*41,*2/*41,*2/*41,concordant
cohort2_dragen,cohort2,DRAGEN,HG03471,HG00320,1,*2/*2+*2,*2/*2+*2,*2/*2+*2,*2+*2/*2,*2/*2+*2,concordant
cohort2_dragen,cohort2,DRAGEN,HG03471,HG00350,1,*1/*1,*1/*1,*1/*1,*1/*1,*1/*1,concordant
cohort2_dragen,cohort2,DRAGEN,HG03471,HG00408,1,*10/*36.ALDY+*10,*10/*36+*10,*10/*10+*36,*10+*36/*10,*10/*10+*36,concordant
cohort2_dragen,cohort2,DRAGEN,HG03471,HG00423,1,*10/*10+*10,*10/*10+*10,*10/*10+*10,*10/*10+*10,*10/*10+*10,concordant
cohort2_dragen,cohort2,DRAGEN,HG03471,HG00544,1,*1/*36.ALDY+*10,*1/*36+*10,*1/*10+*36,*1/*10+*36,*1/*10+*36,concordant
cohort2_dragen,cohort2,DRAGEN,HG03471,HG00558,1,*1/*36.ALDY+*10,*1/*36+*10,*1/*10+*36,*10+*36/*1,*1/*10+*36,concordant
cohort2_dragen,cohort2,DRAGEN,HG03471,HG00597,1,*10+*49/*36.ALDY+*10+*83.ALDY,*10+*49/*36+*10+*83,*10+*36+*83/*10+*49,*49/*10+*36+*36+*83,*10+*36+*36+*83/*49,discordant
cohort2_dragen,cohort2,DRAGEN,HG03471,HG00609,1,*36.ALDY+*10+rs1135822/*49,*36+*10/*49,*10+*36/*49,*10+*36/*49,*10+*36/*49,concordant
cohort2_dragen,cohort2,DRAGEN,HG03471,HG00639,1,*1/*1,*1/*1,*1/*1,*1/*1,*1/*1,concordant
cohort2_dragen,cohort2,DRAGEN,HG03471,HG00658,1,*10+*36.ALDY+*10/*36.ALDY+*10,*10+*36+*10/*36+*10,*10+*10+*36/*10+*36,*10+*36/*10+*36+*36,*10+*36/*10+*36+*36,discordant
cohort2_dragen,cohort2,DRAGEN,HG03471,HG01123,1,*1/*2,*1/*2,*1/*2,*2/*1,*1/*2,concordant
cohort2_dragen,cohort2,DRAGEN,HG03471,HG01167,1,*1/*41,*1/*41,*1/*41,*41/*1,*1/*41,concordant
cohort2_dragen,cohort2,DRAGEN,HG03471,HG01192,1,*5/*41,*5/*41,*5/*41,*41/*5,*5/*41,concordant
cohort2_dragen,cohort2,DRAGEN,HG03471,HG01261,1,*1/*5,*1/*5,*1/*5,*1/*5,*1/*5,concordant
cohort2_dragen,cohort2,DRAGEN,HG03471,HG01496,1,*2/*43+*43,*2/*43+*43,*2/*43+*43,*2/*43+*43,*2/*43+*43,concordant
cohort2_dragen,cohort2,DRAGEN,HG03471,HG01530,1,*2/*10,*2/*10,*2/*10,*2/*10,*2/*10,concordant
cohort2_dragen,cohort2,DRAGEN,HG03471,HG01784,1,*1/*68+*4,*1/*68+*4,*1/*4+*68,*4+*68/*1,*1/*4+*68,concordant
cohort2_dragen,cohort2,DRAGEN,HG03471,HG01884,1,*1/*2,*1/*2,*1/*2,*1/*2,*1/*2,concordant
cohort2_dragen,cohort2,DRAGEN,HG03471,HG01940,1,*1/*1,*1/*1,*1/*1,*1/*1,*1/*1,concordant
cohort2_dragen,cohort2,DRAGEN,HG03471,HG01969,1,*1/*2,*1/*2,*1/*2,*1/*2,*1/*2,concordant
cohort2_dragen,cohort2,DRAGEN,HG03471,HG01975,1,*1/*1,*1/*1,*1/*1,*1/*1,*1/*1,concordant
cohort2_dragen,cohort2,DRAGEN,HG03471,HG02015,1,*10/*36.ALDY+*10,*10/*36+*10,*10/*10+*36,*10/*10+*36,*10/*10+*36,concordant
cohort2_dragen,cohort2,DRAGEN,HG03471,HG02027,1,*14/*36.ALDY+*10,*14/*36+*10,*10+*36/*14,*10+*36/*14,*10+*36/*14,concordant
cohort2_dragen,cohort2,DRAGEN,HG03471,HG02040,1,*36.ALDY+*10/*36.ALDY+*10,*36+*10/*36+*10,*10+*36/*10+*36,*10+*36/*10+*36,*10+*36/*10+*36,concordant
cohort2_dragen,cohort2,DRAGEN,HG03471,HG02056,1,*36.ALDY+*10/*36.ALDY+*10,*36+*10/*36+*10,*10+*36/*10+*36,*10+*36/*10+*36,*10+*36/*10+*36,concordant
cohort2_dragen,cohort2,DRAGEN,HG03471,HG02071,1,*2/*36.ALDY+*10,*2/*36+*10,*2/*10+*36,*10+*36/*2,*2/*10+*36,concordant
cohort2_dragen,cohort2,DRAGEN,HG03471,HG02074,1,*36.ALDY+*10/*36.ALDY+*10,*36+*10/*36+*10,*10+*36/*10+*36,*10+*36/*10+*36,*10+*36/*10+*36,concordant
cohort2_dragen,cohort2,DRAGEN,HG03471,HG02083,1,*10+*36.ALDY+*10/*36.ALDY+*10,*10+*36+*10/*36+*10,*10+*10+*36/*10+*36,*10+*36+*36/*10+*36,*10+*36/*10+*36+*36,discordant
cohort2_dragen,cohort2,DRAGEN,HG03471,HG02129,1,*1/*36.ALDY+*10,*1/*36+*10,*1/*10+*36,*1/*10+*36,*1/*10+*36,concordant
cohort2_dragen,cohort2,DRAGEN,HG03471,HG02132,1,*36.ALDY+*10/*36.ALDY+*10,*36+*10/*36+*10,*10+*36/*10+*36,*10+*36/*10+*36,*10+*36/*10+*36,concordant
cohort2_dragen,cohort2,DRAGEN,HG03471,HG02135,1,*36.ALDY+*10/*36.ALDY+*10,*36+*10/*36+*10,*10+*36/*10+*36,*10+*36/*10+*36,*10+*36/*10+*36,concordant
cohort2_dragen,cohort2,DRAGEN,HG03471,HG02155,1,*10+*36.ALDY+*10/*36.ALDY+*10,*10+*36+*10/*36+*10,*10+*10+*36/*10+*36,*10+*36/*10+*36+*36,*10+*36/*10+*36+*36,discordant
cohort2_dragen,cohort2,DRAGEN,HG03471,HG02178,1,*1+*36.ALDY/*36.ALDY+*10,*1+*36/*36+*10,*1+*36/*10+*36,*10+*36+*36/*1,*1/*10+*36+*36,discordant
cohort2_dragen,cohort2,DRAGEN,HG03471,HG02258,1,*1/*17+*17,*1/*17+*17,*1/*17+*17,*17+*17/*1,*1/*17+*17,concordant
cohort2_dragen,cohort2,DRAGEN,HG03471,HG02300,1,*2/*5,*2/*5,*2/*5,*2/*5,*2/*5,concordant
cohort2_dragen,cohort2,DRAGEN,HG03471,HG02486,1,*2/*29,*2/*29,*2/*29,*2/*29,*2/*29,concordant
cohort2_dragen,cohort2,DRAGEN,HG03471,HG02523,1,*1/*5,*1/*5,*1/*5,*5/*1,*1/*5,concordant
cohort2_dragen,cohort2,DRAGEN,HG03471,HG02559,1,*2/*27,*2/*27,*2/*27,*27/*2,*2/*27,concordant
cohort2_dragen,cohort2,DRAGEN,HG03471,HG02602,1,*2/*5,*2/*5,*2/*5,*2/*5,*2/*5,concordant
cohort2_dragen,cohort2,DRAGEN,HG03471,HG02647,1,*4C+*4C/*17,*4+*4/*17,*4+*4/*17,*4+*4/*17,*4+*4/*17,concordant
cohort2_dragen,cohort2,DRAGEN,HG03471,HG02965,1,*4C+*4C/*17,*4+*4/*17,*4+*4/*17,*17/*4+*4,*4+*4/*17,concordant
cohort2_dragen,cohort2,DRAGEN,HG03471,HG03017,1,*1/*2,*1/*2,*1/*2,*1/*2,*1/*2,concordant
cohort2_dragen,cohort2,DRAGEN,HG03471,HG03139,1,*2+*2/*17,*2+*2/*17,*2+*2/*17,*17/*2+*2,*2+*2/*17,concordant
cohort2_dragen,cohort2,DRAGEN,HG03471,HG03225,1,*5/*56B,*5/*56,*5/*56,*56/*5,*5/*56,concordant
cohort2_dragen,cohort2,DRAGEN,HG03471,HG03239,1,*1/*5,*1/*5,*1/*5,*5/*1,*1/*5,concordant
cohort2_dragen,cohort2,DRAGEN,HG03471,HG03654,1,*2/*2,*2/*2,*2/*2,*2/*2,*2/*2,concordant
cohort2_dragen,cohort2,DRAGEN,HG03471,HG03834,1,*1+*1/*4,*1+*1/*4,*1+*1/*4,*1+*1/*4,*1+*1/*4,concordant
cohort2_dragen,cohort2,DRAGEN,HG03471,HG04184,1,*10/*41,*10/*41,*10/*41,*10/*41,*10/*41,concordant
cohort2_dragen,cohort2,DRAGEN,HG03471,HG04228,1,*1/*43,*1/*43,*1/*43,*43/*1,*1/*43,concordant
cohort2_dragen,cohort2,DRAGEN,HG03471,HG06807,1,*2/*4C+*4C,*2/*4+*4,*2/*4+*4,*2/*4+*4,*2/*4+*4,concordant
cohort2_dragen,cohort2,DRAGEN,HG03471,NA18522,1,*1/*106,*1/*106,*1/*106,*106/*1,*1/*106,concordant
cohort2_dragen,cohort2,DRAGEN,HG03471,NA18565,1,*10/*36.ALDY+*10,*10/*36+*10,*10/*10+*36,*10+*36/*36,*10+*36/*36,discordant
cohort2_dragen,cohort2,DRAGEN,HG03471,NA18747,1,*1/*36.ALDY+*10,*1/*36+*10,*1/*10+*36,*1/*10+*36,*1/*10+*36,concordant
cohort2_dragen,cohort2,DRAGEN,HG03471,NA18952,1,*2/*2,*2/*2,*2/*2,*2/*2,*2/*2,concordant
cohort2_dragen,cohort2,DRAGEN,HG03471,NA18974,1,*2/*5,*2/*5,*2/*5,*2/*5,*2/*5,concordant
cohort2_dragen,cohort2,DRAGEN,HG03471,NA18976,1,*1/*36.ALDY+*10,*1/*36+*10,*1/*10+*36,*10+*36/*1,*1/*10+*36,concordant
cohort2_dragen,cohort2,DRAGEN,HG03471,NA18983,1,*1/*1,*1/*1,*1/*1,*1/*1,*1/*1,concordant
cohort2_dragen,cohort2,DRAGEN,HG03471,NA19043,1,*1/*1,*1/*1,*1/*1,*1/*1,*1/*1,concordant
cohort2_dragen,cohort2,DRAGEN,HG03471,NA19087,1,*1/*5,*1/*5,*1/*5,*5/*1,*1/*5,concordant
cohort2_dragen,cohort2,DRAGEN,HG03471,NA19776,1,*1/*36.ALDY+*10,*1/*36+*10,*1/*10+*36,*1/*10+*36,*1/*10+*36,concordant
cohort2_dragen,cohort2,DRAGEN,HG03471,NA19909,1,*1/*4C+*4C,*1/*4+*4,*1/*4+*4,*4+*4/*1,*1/*4+*4,concordant
cohort2_dragen,cohort2,DRAGEN,HG03471,NA20282,1,*2/*4,*2/*4,*2/*4,*2/*4,*2/*4,concordant
cohort2_dragen,cohort2,DRAGEN,HG03471,NA20752,1,*1/*4,*1/*4,*1/*4,*1/*4,*1/*4,concordant
cohort2_dragen,cohort2,DRAGEN,HG03471,NA20805,1,*35/*68+*4,*35/*68+*4,*4+*68/*35,*35/*4+*68,*4+*68/*35,concordant
cohort2_dragen,cohort2,DRAGEN,HG03471,NA20905,1,*1/*1,*1/*1,*1/*1,*1/*1,*1/*1,concordant
cohort2_dragen,cohort2,DRAGEN,HG03471,NA21102,1,*1/*1,*1/*1,*1/*1,*1/*1,*1/*1,concordant
cohort2_dragen,cohort2,DRAGEN,HG03654,HG00099,1,*1/*5,*1/*5,*1/*5,*1/*5,*1/*5,concordant
cohort2_dragen,cohort2,DRAGEN,HG03654,HG00133,1,*1/*1,*1/*1,*1/*1,*1/*1,*1/*1,concordant
cohort2_dragen,cohort2,DRAGEN,HG03654,HG00232,1,*1+rs769258/*35,*1/*35,*1/*35,*1/*35,*1/*35,concordant
cohort2_dragen,cohort2,DRAGEN,HG03654,HG00253,1,*1/*1,*1/*1,*1/*1,*1/*1,*1/*1,concordant
cohort2_dragen,cohort2,DRAGEN,HG03654,HG00280,1,*2/*41,*2/*41,*2/*41,*2/*41,*2/*41,concordant
cohort2_dragen,cohort2,DRAGEN,HG03654,HG00320,1,*2/*2+*2,*2/*2+*2,*2/*2+*2,*2+*2/*2,*2/*2+*2,concordant
cohort2_dragen,cohort2,DRAGEN,HG03654,HG00350,1,*1/*1,*1/*1,*1/*1,*1/*1,*1/*1,concordant
cohort2_dragen,cohort2,DRAGEN,HG03654,HG00408,1,*10/*36.ALDY+*10,*10/*36+*10,*10/*10+*36,*10+*36/*10,*10/*10+*36,concordant
cohort2_dragen,cohort2,DRAGEN,HG03654,HG00423,1,*10/*10+*10,*10/*10+*10,*10/*10+*10,*10/*10+*10,*10/*10+*10,concordant
cohort2_dragen,cohort2,DRAGEN,HG03654,HG00544,1,*1/*36.ALDY+*10,*1/*36+*10,*1/*10+*36,*1/*10+*36,*1/*10+*36,concordant
cohort2_dragen,cohort2,DRAGEN,HG03654,HG00558,1,*1/*36.ALDY+*10,*1/*36+*10,*1/*10+*36,*10+*36/*1,*1/*10+*36,concordant
cohort2_dragen,cohort2,DRAGEN,HG03654,HG00597,1,*10+*49/*36.ALDY+*10+*83.ALDY,*10+*49/*36+*10+*83,*10+*36+*83/*10+*49,*49/*10+*36+*36+*83,*10+*36+*36+*83/*49,discordant
cohort2_dragen,cohort2,DRAGEN,HG03654,HG00609,1,*36.ALDY+*10+rs1135822/*49,*36+*10/*49,*10+*36/*49,*10+*36/*49,*10+*36/*49,concordant
cohort2_dragen,cohort2,DRAGEN,HG03654,HG00639,1,*1/*1,*1/*1,*1/*1,*1/*1,*1/*1,concordant
cohort2_dragen,cohort2,DRAGEN,HG03654,HG00658,1,*10+*36.ALDY+*10/*36.ALDY+*10,*10+*36+*10/*36+*10,*10+*10+*36/*10+*36,*10+*36/*10+*36+*36,*10+*36/*10+*36+*36,discordant
cohort2_dragen,cohort2,DRAGEN,HG03654,HG01123,1,*1/*2,*1/*2,*1/*2,*2/*1,*1/*2,concordant
cohort2_dragen,cohort2,DRAGEN,HG03654,HG01167,1,*1/*41,*1/*41,*1/*41,*41/*1,*1/*41,concordant
cohort2_dragen,cohort2,DRAGEN,HG03654,HG01192,1,*5/*41,*5/*41,*5/*41,*41/*5,*5/*41,concordant
cohort2_dragen,cohort2,DRAGEN,HG03654,HG01261,1,*1/*5,*1/*5,*1/*5,*1/*5,*1/*5,concordant
cohort2_dragen,cohort2,DRAGEN,HG03654,HG01496,1,*2/*43+*43,*2/*43+*43,*2/*43+*43,*2/*43+*43,*2/*43+*43,concordant
cohort2_dragen,cohort2,DRAGEN,HG03654,HG01530,1,*2/*10,*2/*10,*2/*10,*2/*10,*2/*10,concordant
cohort2_dragen,cohort2,DRAGEN,HG03654,HG01784,1,*1/*68+*4,*1/*68+*4,*1/*4+*68,*4+*68/*1,*1/*4+*68,concordant
cohort2_dragen,cohort2,DRAGEN,HG03654,HG01884,1,*1/*2,*1/*2,*1/*2,*1/*2,*1/*2,concordant
cohort2_dragen,cohort2,DRAGEN,HG03654,HG01940,1,*1/*1,*1/*1,*1/*1,*1/*1,*1/*1,concordant
cohort2_dragen,cohort2,DRAGEN,HG03654,HG01969,1,*1/*2,*1/*2,*1/*2,*1/*2,*1/*2,concordant
cohort2_dragen,cohort2,DRAGEN,HG03654,HG01975,1,*1/*1,*1/*1,*1/*1,*1/*1,*1/*1,concordant
cohort2_dragen,cohort2,DRAGEN,HG03654,HG02015,1,*10/*36.ALDY+*10,*10/*36+*10,*10/*10+*36,*10/*10+*36,*10/*10+*36,concordant
cohort2_dragen,cohort2,DRAGEN,HG03654,HG02027,1,*14/*36.ALDY+*10,*14/*36+*10,*10+*36/*14,*10+*36/*14,*10+*36/*14,concordant
cohort2_dragen,cohort2,DRAGEN,HG03654,HG02040,1,*36.ALDY+*10/*36.ALDY+*10,*36+*10/*36+*10,*10+*36/*10+*36,*10+*36/*10+*36,*10+*36/*10+*36,concordant
cohort2_dragen,cohort2,DRAGEN,HG03654,HG02056,1,*36.ALDY+*10/*36.ALDY+*10,*36+*10/*36+*10,*10+*36/*10+*36,*10+*36/*10+*36,*10+*36/*10+*36,concordant
cohort2_dragen,cohort2,DRAGEN,HG03654,HG02071,1,*2/*36.ALDY+*10,*2/*36+*10,*2/*10+*36,*10+*36/*2,*2/*10+*36,concordant
cohort2_dragen,cohort2,DRAGEN,HG03654,HG02074,1,*36.ALDY+*10/*36.ALDY+*10,*36+*10/*36+*10,*10+*36/*10+*36,*10+*36/*10+*36,*10+*36/*10+*36,concordant
cohort2_dragen,cohort2,DRAGEN,HG03654,HG02083,1,*10+*36.ALDY+*10/*36.ALDY+*10,*10+*36+*10/*36+*10,*10+*10+*36/*10+*36,*10+*36+*36/*10+*36,*10+*36/*10+*36+*36,discordant
cohort2_dragen,cohort2,DRAGEN,HG03654,HG02129,1,*1/*36.ALDY+*10,*1/*36+*10,*1/*10+*36,*1/*10+*36,*1/*10+*36,concordant
cohort2_dragen,cohort2,DRAGEN,HG03654,HG02132,1,*36.ALDY+*10/*36.ALDY+*10,*36+*10/*36+*10,*10+*36/*10+*36,*10+*36/*10+*36,*10+*36/*10+*36,concordant
cohort2_dragen,cohort2,DRAGEN,HG03654,HG02135,1,*36.ALDY+*10/*36.ALDY+*10,*36+*10/*36+*10,*10+*36/*10+*36,*10+*36/*10+*36,*10+*36/*10+*36,concordant
cohort2_dragen,cohort2,DRAGEN,HG03654,HG02155,1,*10+*36.ALDY+*10/*36.ALDY+*10,*10+*36+*10/*36+*10,*10+*10+*36/*10+*36,*10+*36/*10+*36+*36,*10+*36/*10+*36+*36,discordant
cohort2_dragen,cohort2,DRAGEN,HG03654,HG02178,1,*1+*36.ALDY/*36.ALDY+*10,*1+*36/*36+*10,*1+*36/*10+*36,*10+*36+*36/*1,*1/*10+*36+*36,discordant
cohort2_dragen,cohort2,DRAGEN,HG03654,HG02258,1,*1/*17+*17,*1/*17+*17,*1/*17+*17,*17+*17/*1,*1/*17+*17,concordant
cohort2_dragen,cohort2,DRAGEN,HG03654,HG02300,1,*2/*5,*2/*5,*2/*5,*2/*5,*2/*5,concordant
cohort2_dragen,cohort2,DRAGEN,HG03654,HG02486,1,*2/*29,*2/*29,*2/*29,*2/*29,*2/*29,concordant
cohort2_dragen,cohort2,DRAGEN,HG03654,HG02523,1,*1/*5,*1/*5,*1/*5,*5/*1,*1/*5,concordant
cohort2_dragen,cohort2,DRAGEN,HG03654,HG02559,1,*2/*27,*2/*27,*2/*27,*27/*2,*2/*27,concordant
cohort2_dragen,cohort2,DRAGEN,HG03654,HG02602,1,*2/*5,*2/*5,*2/*5,*2/*5,*2/*5,concordant
cohort2_dragen,cohort2,DRAGEN,HG03654,HG02647,1,*4C+*4C/*17,*4+*4/*17,*4+*4/*17,*4+*4/*17,*4+*4/*17,concordant
cohort2_dragen,cohort2,DRAGEN,HG03654,HG02965,1,*4C+*4C/*17,*4+*4/*17,*4+*4/*17,*17/*4+*4,*4+*4/*17,concordant
cohort2_dragen,cohort2,DRAGEN,HG03654,HG03017,1,*1/*2,*1/*2,*1/*2,*1/*2,*1/*2,concordant
cohort2_dragen,cohort2,DRAGEN,HG03654,HG03139,1,*2+*2/*17,*2+*2/*17,*2+*2/*17,*17/*2+*2,*2+*2/*17,concordant
cohort2_dragen,cohort2,DRAGEN,HG03654,HG03225,1,*5/*56B,*5/*56,*5/*56,*56/*5,*5/*56,concordant
cohort2_dragen,cohort2,DRAGEN,HG03654,HG03239,1,*1/*5,*1/*5,*1/*5,*5/*1,*1/*5,concordant
cohort2_dragen,cohort2,DRAGEN,HG03654,HG03471,1,*29/*162,*29/*162,*29/*162,*162/*29,*29/*162,concordant
cohort2_dragen,cohort2,DRAGEN,HG03654,HG03834,1,*1+*1/*4,*1+*1/*4,*1+*1/*4,*1+*1/*4,*1+*1/*4,concordant
cohort2_dragen,cohort2,DRAGEN,HG03654,HG04184,1,*10/*41,*10/*41,*10/*41,*10/*41,*10/*41,concordant
cohort2_dragen,cohort2,DRAGEN,HG03654,HG04228,1,*1/*43,*1/*43,*1/*43,*43/*1,*1/*43,concordant
cohort2_dragen,cohort2,DRAGEN,HG03654,HG06807,1,*2/*4C+*4C,*2/*4+*4,*2/*4+*4,*2/*4+*4,*2/*4+*4,concordant
cohort2_dragen,cohort2,DRAGEN,HG03654,NA18522,1,*1/*106,*1/*106,*1/*106,*106/*1,*1/*106,concordant
cohort2_dragen,cohort2,DRAGEN,HG03654,NA18565,1,*10/*36.ALDY+*10,*10/*36+*10,*10/*10+*36,*10+*36/*36,*10+*36/*36,discordant
cohort2_dragen,cohort2,DRAGEN,HG03654,NA18747,1,*1/*36.ALDY+*10,*1/*36+*10,*1/*10+*36,*1/*10+*36,*1/*10+*36,concordant
cohort2_dragen,cohort2,DRAGEN,HG03654,NA18952,1,*2/*2,*2/*2,*2/*2,*2/*2,*2/*2,concordant
cohort2_dragen,cohort2,DRAGEN,HG03654,NA18974,1,*2/*5,*2/*5,*2/*5,*2/*5,*2/*5,concordant
cohort2_dragen,cohort2,DRAGEN,HG03654,NA18976,1,*1/*36.ALDY+*10,*1/*36+*10,*1/*10+*36,*10+*36/*1,*1/*10+*36,concordant
cohort2_dragen,cohort2,DRAGEN,HG03654,NA18983,1,*1/*1,*1/*1,*1/*1,*1/*1,*1/*1,concordant
cohort2_dragen,cohort2,DRAGEN,HG03654,NA19043,1,*1/*1,*1/*1,*1/*1,*1/*1,*1/*1,concordant
cohort2_dragen,cohort2,DRAGEN,HG03654,NA19087,1,*1/*5,*1/*5,*1/*5,*5/*1,*1/*5,concordant
cohort2_dragen,cohort2,DRAGEN,HG03654,NA19776,1,*1/*36.ALDY+*10,*1/*36+*10,*1/*10+*36,*1/*10+*36,*1/*10+*36,concordant
cohort2_dragen,cohort2,DRAGEN,HG03654,NA19909,1,*1/*4C+*4C,*1/*4+*4,*1/*4+*4,*4+*4/*1,*1/*4+*4,concordant
cohort2_dragen,cohort2,DRAGEN,HG03654,NA20282,1,*2/*4,*2/*4,*2/*4,*2/*4,*2/*4,concordant
cohort2_dragen,cohort2,DRAGEN,HG03654,NA20752,1,*1/*4,*1/*4,*1/*4,*1/*4,*1/*4,concordant
cohort2_dragen,cohort2,DRAGEN,HG03654,NA20805,1,*35/*68+*4,*35/*68+*4,*4+*68/*35,*35/*4+*68,*4+*68/*35,concordant
cohort2_dragen,cohort2,DRAGEN,HG03654,NA20905,1,*1/*1,*1/*1,*1/*1,*1/*1,*1/*1,concordant
cohort2_dragen,cohort2,DRAGEN,HG03654,NA21102,1,*1/*1,*1/*1,*1/*1,*1/*1,*1/*1,concordant
cohort2_dragen,cohort2,DRAGEN,HG04184,HG00099,1,*1/*5,*1/*5,*1/*5,*1/*5,*1/*5,concordant
cohort2_dragen,cohort2,DRAGEN,HG04184,HG00133,1,*1/*1,*1/*1,*1/*1,*1/*1,*1/*1,concordant
cohort2_dragen,cohort2,DRAGEN,HG04184,HG00232,1,*1+rs769258/*35,*1/*35,*1/*35,*1/*35,*1/*35,concordant
cohort2_dragen,cohort2,DRAGEN,HG04184,HG00253,1,*1/*1,*1/*1,*1/*1,*1/*1,*1/*1,concordant
cohort2_dragen,cohort2,DRAGEN,HG04184,HG00280,1,*2/*41,*2/*41,*2/*41,*2/*41,*2/*41,concordant
cohort2_dragen,cohort2,DRAGEN,HG04184,HG00320,1,*2/*2+*2,*2/*2+*2,*2/*2+*2,*2+*2/*2,*2/*2+*2,concordant
cohort2_dragen,cohort2,DRAGEN,HG04184,HG00350,1,*1/*1,*1/*1,*1/*1,*1/*1,*1/*1,concordant
cohort2_dragen,cohort2,DRAGEN,HG04184,HG00408,1,*10/*36.ALDY+*10,*10/*36+*10,*10/*10+*36,*10+*36/*10,*10/*10+*36,concordant
cohort2_dragen,cohort2,DRAGEN,HG04184,HG00423,1,*10/*10+*10,*10/*10+*10,*10/*10+*10,*10/*10+*10,*10/*10+*10,concordant
cohort2_dragen,cohort2,DRAGEN,HG04184,HG00544,1,*1/*36.ALDY+*10,*1/*36+*10,*1/*10+*36,*1/*10+*36,*1/*10+*36,concordant
cohort2_dragen,cohort2,DRAGEN,HG04184,HG00558,1,*1/*36.ALDY+*10,*1/*36+*10,*1/*10+*36,*10+*36/*1,*1/*10+*36,concordant
cohort2_dragen,cohort2,DRAGEN,HG04184,HG00597,1,*10+*49/*36.ALDY+*10+*83.ALDY,*10+*49/*36+*10+*83,*10+*36+*83/*10+*49,*49/*10+*36+*36+*83,*10+*36+*36+*83/*49,discordant
cohort2_dragen,cohort2,DRAGEN,HG04184,HG00609,1,*36.ALDY+*10+rs1135822/*49,*36+*10/*49,*10+*36/*49,*10+*36/*49,*10+*36/*49,concordant
cohort2_dragen,cohort2,DRAGEN,HG04184,HG00639,1,*1/*1,*1/*1,*1/*1,*1/*1,*1/*1,concordant
cohort2_dragen,cohort2,DRAGEN,HG04184,HG00658,1,*10+*36.ALDY+*10/*36.ALDY+*10,*10+*36+*10/*36+*10,*10+*10+*36/*10+*36,*10+*36/*10+*36+*36,*10+*36/*10+*36+*36,discordant
cohort2_dragen,cohort2,DRAGEN,HG04184,HG01123,1,*1/*2,*1/*2,*1/*2,*2/*1,*1/*2,concordant
cohort2_dragen,cohort2,DRAGEN,HG04184,HG01167,1,*1/*41,*1/*41,*1/*41,*41/*1,*1/*41,concordant
cohort2_dragen,cohort2,DRAGEN,HG04184,HG01192,1,*5/*41,*5/*41,*5/*41,*41/*5,*5/*41,concordant
cohort2_dragen,cohort2,DRAGEN,HG04184,HG01261,1,*1/*5,*1/*5,*1/*5,*1/*5,*1/*5,concordant
cohort2_dragen,cohort2,DRAGEN,HG04184,HG01496,1,*2/*43+*43,*2/*43+*43,*2/*43+*43,*2/*43+*43,*2/*43+*43,concordant
cohort2_dragen,cohort2,DRAGEN,HG04184,HG01530,1,*2/*10,*2/*10,*2/*10,*2/*10,*2/*10,concordant
cohort2_dragen,cohort2,DRAGEN,HG04184,HG01784,1,*1/*68+*4,*1/*68+*4,*1/*4+*68,*4+*68/*1,*1/*4+*68,concordant
cohort2_dragen,cohort2,DRAGEN,HG04184,HG01884,1,*1/*2,*1/*2,*1/*2,*1/*2,*1/*2,concordant
cohort2_dragen,cohort2,DRAGEN,HG04184,HG01940,1,*1/*1,*1/*1,*1/*1,*1/*1,*1/*1,concordant
cohort2_dragen,cohort2,DRAGEN,HG04184,HG01969,1,*1/*2,*1/*2,*1/*2,*1/*2,*1/*2,concordant
cohort2_dragen,cohort2,DRAGEN,HG04184,HG01975,1,*1/*1,*1/*1,*1/*1,*1/*1,*1/*1,concordant
cohort2_dragen,cohort2,DRAGEN,HG04184,HG02015,1,*10/*36.ALDY+*10,*10/*36+*10,*10/*10+*36,*10/*10+*36,*10/*10+*36,concordant
cohort2_dragen,cohort2,DRAGEN,HG04184,HG02027,1,*14/*36.ALDY+*10,*14/*36+*10,*10+*36/*14,*10+*36/*14,*10+*36/*14,concordant
cohort2_dragen,cohort2,DRAGEN,HG04184,HG02040,1,*36.ALDY+*10/*36.ALDY+*10,*36+*10/*36+*10,*10+*36/*10+*36,*10+*36/*10+*36,*10+*36/*10+*36,concordant
cohort2_dragen,cohort2,DRAGEN,HG04184,HG02056,1,*36.ALDY+*10/*36.ALDY+*10,*36+*10/*36+*10,*10+*36/*10+*36,*10+*36/*10+*36,*10+*36/*10+*36,concordant
cohort2_dragen,cohort2,DRAGEN,HG04184,HG02071,1,*2/*36.ALDY+*10,*2/*36+*10,*2/*10+*36,*10+*36/*2,*2/*10+*36,concordant
cohort2_dragen,cohort2,DRAGEN,HG04184,HG02074,1,*36.ALDY+*10/*36.ALDY+*10,*36+*10/*36+*10,*10+*36/*10+*36,*10+*36/*10+*36,*10+*36/*10+*36,concordant
cohort2_dragen,cohort2,DRAGEN,HG04184,HG02083,1,*10+*36.ALDY+*10/*36.ALDY+*10,*10+*36+*10/*36+*10,*10+*10+*36/*10+*36,*10+*36+*36/*10+*36,*10+*36/*10+*36+*36,discordant
cohort2_dragen,cohort2,DRAGEN,HG04184,HG02129,1,*1/*36.ALDY+*10,*1/*36+*10,*1/*10+*36,*1/*10+*36,*1/*10+*36,concordant
cohort2_dragen,cohort2,DRAGEN,HG04184,HG02132,1,*36.ALDY+*10/*36.ALDY+*10,*36+*10/*36+*10,*10+*36/*10+*36,*10+*36/*10+*36,*10+*36/*10+*36,concordant
cohort2_dragen,cohort2,DRAGEN,HG04184,HG02135,1,*36.ALDY+*10/*36.ALDY+*10,*36+*10/*36+*10,*10+*36/*10+*36,*10+*36/*10+*36,*10+*36/*10+*36,concordant
cohort2_dragen,cohort2,DRAGEN,HG04184,HG02155,1,*10+*36.ALDY+*10/*36.ALDY+*10,*10+*36+*10/*36+*10,*10+*10+*36/*10+*36,*10+*36/*10+*36+*36,*10+*36/*10+*36+*36,discordant
cohort2_dragen,cohort2,DRAGEN,HG04184,HG02178,1,*1+*36.ALDY/*36.ALDY+*10,*1+*36/*36+*10,*1+*36/*10+*36,*10+*36+*36/*1,*1/*10+*36+*36,discordant
cohort2_dragen,cohort2,DRAGEN,HG04184,HG02258,1,*1/*17+*17,*1/*17+*17,*1/*17+*17,*17+*17/*1,*1/*17+*17,concordant
cohort2_dragen,cohort2,DRAGEN,HG04184,HG02300,1,*2/*5,*2/*5,*2/*5,*2/*5,*2/*5,concordant
cohort2_dragen,cohort2,DRAGEN,HG04184,HG02486,1,*2/*29,*2/*29,*2/*29,*2/*29,*2/*29,concordant
cohort2_dragen,cohort2,DRAGEN,HG04184,HG02523,1,*1/*5,*1/*5,*1/*5,*5/*1,*1/*5,concordant
cohort2_dragen,cohort2,DRAGEN,HG04184,HG02559,1,*2/*27,*2/*27,*2/*27,*27/*2,*2/*27,concordant
cohort2_dragen,cohort2,DRAGEN,HG04184,HG02602,1,*2/*5,*2/*5,*2/*5,*2/*5,*2/*5,concordant
cohort2_dragen,cohort2,DRAGEN,HG04184,HG02647,1,*4C+*4C/*17,*4+*4/*17,*4+*4/*17,*4+*4/*17,*4+*4/*17,concordant
cohort2_dragen,cohort2,DRAGEN,HG04184,HG02965,1,*4C+*4C/*17,*4+*4/*17,*4+*4/*17,*17/*4+*4,*4+*4/*17,concordant
cohort2_dragen,cohort2,DRAGEN,HG04184,HG03017,1,*1/*2,*1/*2,*1/*2,*1/*2,*1/*2,concordant
cohort2_dragen,cohort2,DRAGEN,HG04184,HG03139,1,*2+*2/*17,*2+*2/*17,*2+*2/*17,*17/*2+*2,*2+*2/*17,concordant
cohort2_dragen,cohort2,DRAGEN,HG04184,HG03225,1,*5/*56B,*5/*56,*5/*56,*56/*5,*5/*56,concordant
cohort2_dragen,cohort2,DRAGEN,HG04184,HG03239,1,*1/*5,*1/*5,*1/*5,*5/*1,*1/*5,concordant
cohort2_dragen,cohort2,DRAGEN,HG04184,HG03471,1,*29/*162,*29/*162,*29/*162,*162/*29,*29/*162,concordant
cohort2_dragen,cohort2,DRAGEN,HG04184,HG03654,1,*2/*2,*2/*2,*2/*2,*2/*2,*2/*2,concordant
cohort2_dragen,cohort2,DRAGEN,HG04184,HG03834,1,*1+*1/*4,*1+*1/*4,*1+*1/*4,*1+*1/*4,*1+*1/*4,concordant
cohort2_dragen,cohort2,DRAGEN,HG04184,HG04228,1,*1/*43,*1/*43,*1/*43,*43/*1,*1/*43,concordant
cohort2_dragen,cohort2,DRAGEN,HG04184,HG06807,1,*2/*4C+*4C,*2/*4+*4,*2/*4+*4,*2/*4+*4,*2/*4+*4,concordant
cohort2_dragen,cohort2,DRAGEN,HG04184,NA18522,1,*1/*106,*1/*106,*1/*106,*106/*1,*1/*106,concordant
cohort2_dragen,cohort2,DRAGEN,HG04184,NA18565,1,*36.ALDY/*36.ALDY+*10,*36/*36+*10,*10+*36/*36,*10+*36/*36,*10+*36/*36,concordant
cohort2_dragen,cohort2,DRAGEN,HG04184,NA18747,1,*1/*36.ALDY+*10,*1/*36+*10,*1/*10+*36,*1/*10+*36,*1/*10+*36,concordant
cohort2_dragen,cohort2,DRAGEN,HG04184,NA18952,1,*2/*2,*2/*2,*2/*2,*2/*2,*2/*2,concordant
cohort2_dragen,cohort2,DRAGEN,HG04184,NA18974,1,*2/*5,*2/*5,*2/*5,*2/*5,*2/*5,concordant
cohort2_dragen,cohort2,DRAGEN,HG04184,NA18976,1,*1/*36.ALDY+*10,*1/*36+*10,*1/*10+*36,*10+*36/*1,*1/*10+*36,concordant
cohort2_dragen,cohort2,DRAGEN,HG04184,NA18983,1,*1/*1,*1/*1,*1/*1,*1/*1,*1/*1,concordant
cohort2_dragen,cohort2,DRAGEN,HG04184,NA19043,1,*1/*1,*1/*1,*1/*1,*1/*1,*1/*1,concordant
cohort2_dragen,cohort2,DRAGEN,HG04184,NA19087,1,*1/*5,*1/*5,*1/*5,*5/*1,*1/*5,concordant
cohort2_dragen,cohort2,DRAGEN,HG04184,NA19776,1,*1/*36.ALDY+*10,*1/*36+*10,*1/*10+*36,*1/*10+*36,*1/*10+*36,concordant
cohort2_dragen,cohort2,DRAGEN,HG04184,NA19909,1,*1/*4C+*4C,*1/*4+*4,*1/*4+*4,*4+*4/*1,*1/*4+*4,concordant
cohort2_dragen,cohort2,DRAGEN,HG04184,NA20282,1,*2/*4,*2/*4,*2/*4,*2/*4,*2/*4,concordant
cohort2_dragen,cohort2,DRAGEN,HG04184,NA20752,1,*1/*4,*1/*4,*1/*4,*1/*4,*1/*4,concordant
cohort2_dragen,cohort2,DRAGEN,HG04184,NA20805,1,*35/*68+*4,*35/*68+*4,*4+*68/*35,*35/*4+*68,*4+*68/*35,concordant
cohort2_dragen,cohort2,DRAGEN,HG04184,NA20905,1,*1/*1,*1/*1,*1/*1,*1/*1,*1/*1,concordant
cohort2_dragen,cohort2,DRAGEN,HG04184,NA21102,1,*1/*1,*1/*1,*1/*1,*1/*1,*1/*1,concordant
cohort2_dragen,cohort2,DRAGEN,HG04228,HG00099,1,*1/*5,*1/*5,*1/*5,*1/*5,*1/*5,concordant
cohort2_dragen,cohort2,DRAGEN,HG04228,HG00133,1,*1/*1,*1/*1,*1/*1,*1/*1,*1/*1,concordant
cohort2_dragen,cohort2,DRAGEN,HG04228,HG00232,1,*1+rs769258/*35,*1/*35,*1/*35,*1/*35,*1/*35,concordant
cohort2_dragen,cohort2,DRAGEN,HG04228,HG00253,1,*1/*1,*1/*1,*1/*1,*1/*1,*1/*1,concordant
cohort2_dragen,cohort2,DRAGEN,HG04228,HG00280,1,*2/*41,*2/*41,*2/*41,*2/*41,*2/*41,concordant
cohort2_dragen,cohort2,DRAGEN,HG04228,HG00320,1,*2/*2+*2,*2/*2+*2,*2/*2+*2,*2+*2/*2,*2/*2+*2,concordant
cohort2_dragen,cohort2,DRAGEN,HG04228,HG00350,1,*1/*1,*1/*1,*1/*1,*1/*1,*1/*1,concordant
cohort2_dragen,cohort2,DRAGEN,HG04228,HG00408,1,*10/*36.ALDY+*10,*10/*36+*10,*10/*10+*36,*10+*36/*10,*10/*10+*36,concordant
cohort2_dragen,cohort2,DRAGEN,HG04228,HG00423,1,*10/*10+*10,*10/*10+*10,*10/*10+*10,*10/*10+*10,*10/*10+*10,concordant
cohort2_dragen,cohort2,DRAGEN,HG04228,HG00544,1,*1/*36.ALDY+*10,*1/*36+*10,*1/*10+*36,*1/*10+*36,*1/*10+*36,concordant
cohort2_dragen,cohort2,DRAGEN,HG04228,HG00558,1,*1/*36.ALDY+*10,*1/*36+*10,*1/*10+*36,*10+*36/*1,*1/*10+*36,concordant
cohort2_dragen,cohort2,DRAGEN,HG04228,HG00597,1,*10+*49/*36.ALDY+*10+*83.ALDY,*10+*49/*36+*10+*83,*10+*36+*83/*10+*49,*49/*10+*36+*36+*83,*10+*36+*36+*83/*49,discordant
cohort2_dragen,cohort2,DRAGEN,HG04228,HG00609,1,*36.ALDY+*10+rs1135822/*49,*36+*10/*49,*10+*36/*49,*10+*36/*49,*10+*36/*49,concordant
cohort2_dragen,cohort2,DRAGEN,HG04228,HG00639,1,*1/*1,*1/*1,*1/*1,*1/*1,*1/*1,concordant
cohort2_dragen,cohort2,DRAGEN,HG04228,HG00658,1,*10+*36.ALDY+*10/*36.ALDY+*10,*10+*36+*10/*36+*10,*10+*10+*36/*10+*36,*10+*36/*10+*36+*36,*10+*36/*10+*36+*36,discordant
cohort2_dragen,cohort2,DRAGEN,HG04228,HG01123,1,*1/*2,*1/*2,*1/*2,*2/*1,*1/*2,concordant
cohort2_dragen,cohort2,DRAGEN,HG04228,HG01167,1,*1/*41,*1/*41,*1/*41,*41/*1,*1/*41,concordant
cohort2_dragen,cohort2,DRAGEN,HG04228,HG01192,1,*5/*41,*5/*41,*5/*41,*41/*5,*5/*41,concordant
cohort2_dragen,cohort2,DRAGEN,HG04228,HG01261,1,*1/*5,*1/*5,*1/*5,*1/*5,*1/*5,concordant
cohort2_dragen,cohort2,DRAGEN,HG04228,HG01496,1,*2/*43+*43,*2/*43+*43,*2/*43+*43,*2/*43+*43,*2/*43+*43,concordant
cohort2_dragen,cohort2,DRAGEN,HG04228,HG01530,1,*2/*10,*2/*10,*2/*10,*2/*10,*2/*10,concordant
cohort2_dragen,cohort2,DRAGEN,HG04228,HG01784,1,*1/*68+*4,*1/*68+*4,*1/*4+*68,*4+*68/*1,*1/*4+*68,concordant
cohort2_dragen,cohort2,DRAGEN,HG04228,HG01884,1,*1/*2,*1/*2,*1/*2,*1/*2,*1/*2,concordant
cohort2_dragen,cohort2,DRAGEN,HG04228,HG01940,1,*1/*1,*1/*1,*1/*1,*1/*1,*1/*1,concordant
cohort2_dragen,cohort2,DRAGEN,HG04228,HG01969,1,*1/*2,*1/*2,*1/*2,*1/*2,*1/*2,concordant
cohort2_dragen,cohort2,DRAGEN,HG04228,HG01975,1,*1/*1,*1/*1,*1/*1,*1/*1,*1/*1,concordant
cohort2_dragen,cohort2,DRAGEN,HG04228,HG02015,1,*10/*36.ALDY+*10,*10/*36+*10,*10/*10+*36,*10/*10+*36,*10/*10+*36,concordant
cohort2_dragen,cohort2,DRAGEN,HG04228,HG02027,1,*14/*36.ALDY+*10,*14/*36+*10,*10+*36/*14,*10+*36/*14,*10+*36/*14,concordant
cohort2_dragen,cohort2,DRAGEN,HG04228,HG02040,1,*36.ALDY+*10/*36.ALDY+*10,*36+*10/*36+*10,*10+*36/*10+*36,*10+*36/*10+*36,*10+*36/*10+*36,concordant
cohort2_dragen,cohort2,DRAGEN,HG04228,HG02056,1,*36.ALDY+*10/*36.ALDY+*10,*36+*10/*36+*10,*10+*36/*10+*36,*10+*36/*10+*36,*10+*36/*10+*36,concordant
cohort2_dragen,cohort2,DRAGEN,HG04228,HG02071,1,*2/*36.ALDY+*10,*2/*36+*10,*2/*10+*36,*10+*36/*2,*2/*10+*36,concordant
cohort2_dragen,cohort2,DRAGEN,HG04228,HG02074,1,*36.ALDY+*10/*36.ALDY+*10,*36+*10/*36+*10,*10+*36/*10+*36,*10+*36/*10+*36,*10+*36/*10+*36,concordant
cohort2_dragen,cohort2,DRAGEN,HG04228,HG02083,1,*10+*36.ALDY+*10/*36.ALDY+*10,*10+*36+*10/*36+*10,*10+*10+*36/*10+*36,*10+*36+*36/*10+*36,*10+*36/*10+*36+*36,discordant
cohort2_dragen,cohort2,DRAGEN,HG04228,HG02129,1,*1/*36.ALDY+*10,*1/*36+*10,*1/*10+*36,*1/*10+*36,*1/*10+*36,concordant
cohort2_dragen,cohort2,DRAGEN,HG04228,HG02132,1,*36.ALDY+*10/*36.ALDY+*10,*36+*10/*36+*10,*10+*36/*10+*36,*10+*36/*10+*36,*10+*36/*10+*36,concordant
cohort2_dragen,cohort2,DRAGEN,HG04228,HG02135,1,*36.ALDY+*10/*36.ALDY+*10,*36+*10/*36+*10,*10+*36/*10+*36,*10+*36/*10+*36,*10+*36/*10+*36,concordant
cohort2_dragen,cohort2,DRAGEN,HG04228,HG02155,1,*10+*36.ALDY+*10/*36.ALDY+*10,*10+*36+*10/*36+*10,*10+*10+*36/*10+*36,*10+*36/*10+*36+*36,*10+*36/*10+*36+*36,discordant
cohort2_dragen,cohort2,DRAGEN,HG04228,HG02178,1,*1+*36.ALDY/*36.ALDY+*10,*1+*36/*36+*10,*1+*36/*10+*36,*10+*36+*36/*1,*1/*10+*36+*36,discordant
cohort2_dragen,cohort2,DRAGEN,HG04228,HG02258,1,*1/*17+*17,*1/*17+*17,*1/*17+*17,*17+*17/*1,*1/*17+*17,concordant
cohort2_dragen,cohort2,DRAGEN,HG04228,HG02300,1,*2/*5,*2/*5,*2/*5,*2/*5,*2/*5,concordant
cohort2_dragen,cohort2,DRAGEN,HG04228,HG02486,1,*2/*29,*2/*29,*2/*29,*2/*29,*2/*29,concordant
cohort2_dragen,cohort2,DRAGEN,HG04228,HG02523,1,*1/*5,*1/*5,*1/*5,*5/*1,*1/*5,concordant
cohort2_dragen,cohort2,DRAGEN,HG04228,HG02559,1,*2/*27,*2/*27,*2/*27,*27/*2,*2/*27,concordant
cohort2_dragen,cohort2,DRAGEN,HG04228,HG02602,1,*2/*5,*2/*5,*2/*5,*2/*5,*2/*5,concordant
cohort2_dragen,cohort2,DRAGEN,HG04228,HG02647,1,*4C+*4C/*17,*4+*4/*17,*4+*4/*17,*4+*4/*17,*4+*4/*17,concordant
cohort2_dragen,cohort2,DRAGEN,HG04228,HG02965,1,*4C+*4C/*17,*4+*4/*17,*4+*4/*17,*17/*4+*4,*4+*4/*17,concordant
cohort2_dragen,cohort2,DRAGEN,HG04228,HG03017,1,*1/*2,*1/*2,*1/*2,*1/*2,*1/*2,concordant
cohort2_dragen,cohort2,DRAGEN,HG04228,HG03139,1,*2+*2/*17,*2+*2/*17,*2+*2/*17,*17/*2+*2,*2+*2/*17,concordant
cohort2_dragen,cohort2,DRAGEN,HG04228,HG03225,1,*5/*56B,*5/*56,*5/*56,*56/*5,*5/*56,concordant
cohort2_dragen,cohort2,DRAGEN,HG04228,HG03239,1,*1/*5,*1/*5,*1/*5,*5/*1,*1/*5,concordant
cohort2_dragen,cohort2,DRAGEN,HG04228,HG03471,1,*29/*162,*29/*162,*29/*162,*162/*29,*29/*162,concordant
cohort2_dragen,cohort2,DRAGEN,HG04228,HG03654,1,*2/*2,*2/*2,*2/*2,*2/*2,*2/*2,concordant
cohort2_dragen,cohort2,DRAGEN,HG04228,HG03834,1,*1+*1/*4,*1+*1/*4,*1+*1/*4,*1+*1/*4,*1+*1/*4,concordant
cohort2_dragen,cohort2,DRAGEN,HG04228,HG04184,1,*10/*41,*10/*41,*10/*41,*10/*41,*10/*41,concordant
cohort2_dragen,cohort2,DRAGEN,HG04228,HG06807,1,*2/*4C+*4C,*2/*4+*4,*2/*4+*4,*2/*4+*4,*2/*4+*4,concordant
cohort2_dragen,cohort2,DRAGEN,HG04228,NA18522,1,*1/*106,*1/*106,*1/*106,*106/*1,*1/*106,concordant
cohort2_dragen,cohort2,DRAGEN,HG04228,NA18565,1,*10/*36.ALDY+*10,*10/*36+*10,*10/*10+*36,*10+*36/*36,*10+*36/*36,discordant
cohort2_dragen,cohort2,DRAGEN,HG04228,NA18747,1,*1/*36.ALDY+*10,*1/*36+*10,*1/*10+*36,*1/*10+*36,*1/*10+*36,concordant
cohort2_dragen,cohort2,DRAGEN,HG04228,NA18952,1,*2/*2,*2/*2,*2/*2,*2/*2,*2/*2,concordant
cohort2_dragen,cohort2,DRAGEN,HG04228,NA18974,1,*2/*5,*2/*5,*2/*5,*2/*5,*2/*5,concordant
cohort2_dragen,cohort2,DRAGEN,HG04228,NA18976,1,*1/*36.ALDY+*10,*1/*36+*10,*1/*10+*36,*10+*36/*1,*1/*10+*36,concordant
cohort2_dragen,cohort2,DRAGEN,HG04228,NA18983,1,*1/*1,*1/*1,*1/*1,*1/*1,*1/*1,concordant
cohort2_dragen,cohort2,DRAGEN,HG04228,NA19043,1,*1/*1,*1/*1,*1/*1,*1/*1,*1/*1,concordant
cohort2_dragen,cohort2,DRAGEN,HG04228,NA19087,1,*1/*5,*1/*5,*1/*5,*5/*1,*1/*5,concordant
cohort2_dragen,cohort2,DRAGEN,HG04228,NA19776,1,*1/*36.ALDY+*10,*1/*36+*10,*1/*10+*36,*1/*10+*36,*1/*10+*36,concordant
cohort2_dragen,cohort2,DRAGEN,HG04228,NA19909,1,*1/*4C+*4C,*1/*4+*4,*1/*4+*4,*4+*4/*1,*1/*4+*4,concordant
cohort2_dragen,cohort2,DRAGEN,HG04228,NA20282,1,*2/*4,*2/*4,*2/*4,*2/*4,*2/*4,concordant
cohort2_dragen,cohort2,DRAGEN,HG04228,NA20752,1,*1/*4,*1/*4,*1/*4,*1/*4,*1/*4,concordant
cohort2_dragen,cohort2,DRAGEN,HG04228,NA20805,1,*35/*68+*4,*35/*68+*4,*4+*68/*35,*35/*4+*68,*4+*68/*35,concordant
cohort2_dragen,cohort2,DRAGEN,HG04228,NA20905,1,*1/*1,*1/*1,*1/*1,*1/*1,*1/*1,concordant
cohort2_dragen,cohort2,DRAGEN,HG04228,NA21102,1,*1/*1,*1/*1,*1/*1,*1/*1,*1/*1,concordant
cohort2_dragen,cohort2,DRAGEN,NA18522,HG00099,1,*1/*5,*1/*5,*1/*5,*1/*5,*1/*5,concordant
cohort2_dragen,cohort2,DRAGEN,NA18522,HG00133,1,*1/*1,*1/*1,*1/*1,*1/*1,*1/*1,concordant
cohort2_dragen,cohort2,DRAGEN,NA18522,HG00232,1,*1+rs769258/*35,*1/*35,*1/*35,*1/*35,*1/*35,concordant
cohort2_dragen,cohort2,DRAGEN,NA18522,HG00253,1,*1/*1,*1/*1,*1/*1,*1/*1,*1/*1,concordant
cohort2_dragen,cohort2,DRAGEN,NA18522,HG00280,1,*2/*41,*2/*41,*2/*41,*2/*41,*2/*41,concordant
cohort2_dragen,cohort2,DRAGEN,NA18522,HG00320,1,*2/*2+*2,*2/*2+*2,*2/*2+*2,*2+*2/*2,*2/*2+*2,concordant
cohort2_dragen,cohort2,DRAGEN,NA18522,HG00350,1,*1/*1,*1/*1,*1/*1,*1/*1,*1/*1,concordant
cohort2_dragen,cohort2,DRAGEN,NA18522,HG00408,1,*10/*36.ALDY+*10,*10/*36+*10,*10/*10+*36,*10+*36/*10,*10/*10+*36,concordant
cohort2_dragen,cohort2,DRAGEN,NA18522,HG00423,1,*10/*10+*10,*10/*10+*10,*10/*10+*10,*10/*10+*10,*10/*10+*10,concordant
cohort2_dragen,cohort2,DRAGEN,NA18522,HG00544,1,*1/*36.ALDY+*10,*1/*36+*10,*1/*10+*36,*1/*10+*36,*1/*10+*36,concordant
cohort2_dragen,cohort2,DRAGEN,NA18522,HG00558,1,*1/*36.ALDY+*10,*1/*36+*10,*1/*10+*36,*10+*36/*1,*1/*10+*36,concordant
cohort2_dragen,cohort2,DRAGEN,NA18522,HG00597,1,*10+*49/*36.ALDY+*10+*83.ALDY,*10+*49/*36+*10+*83,*10+*36+*83/*10+*49,*49/*10+*36+*36+*83,*10+*36+*36+*83/*49,discordant
cohort2_dragen,cohort2,DRAGEN,NA18522,HG00609,1,*36.ALDY+*10+rs1135822/*49,*36+*10/*49,*10+*36/*49,*10+*36/*49,*10+*36/*49,concordant
cohort2_dragen,cohort2,DRAGEN,NA18522,HG00639,1,*1/*1,*1/*1,*1/*1,*1/*1,*1/*1,concordant
cohort2_dragen,cohort2,DRAGEN,NA18522,HG00658,1,*10+*36.ALDY+*10/*36.ALDY+*10,*10+*36+*10/*36+*10,*10+*10+*36/*10+*36,*10+*36/*10+*36+*36,*10+*36/*10+*36+*36,discordant
cohort2_dragen,cohort2,DRAGEN,NA18522,HG01123,1,*1/*2,*1/*2,*1/*2,*2/*1,*1/*2,concordant
cohort2_dragen,cohort2,DRAGEN,NA18522,HG01167,1,*1/*41,*1/*41,*1/*41,*41/*1,*1/*41,concordant
cohort2_dragen,cohort2,DRAGEN,NA18522,HG01192,1,*5/*41,*5/*41,*5/*41,*41/*5,*5/*41,concordant
cohort2_dragen,cohort2,DRAGEN,NA18522,HG01261,1,*1/*5,*1/*5,*1/*5,*1/*5,*1/*5,concordant
cohort2_dragen,cohort2,DRAGEN,NA18522,HG01496,1,*2/*43+*43,*2/*43+*43,*2/*43+*43,*2/*43+*43,*2/*43+*43,concordant
cohort2_dragen,cohort2,DRAGEN,NA18522,HG01530,1,*2/*10,*2/*10,*2/*10,*2/*10,*2/*10,concordant
cohort2_dragen,cohort2,DRAGEN,NA18522,HG01784,1,*1/*68+*4,*1/*68+*4,*1/*4+*68,*4+*68/*1,*1/*4+*68,concordant
cohort2_dragen,cohort2,DRAGEN,NA18522,HG01884,1,*1/*2,*1/*2,*1/*2,*1/*2,*1/*2,concordant
cohort2_dragen,cohort2,DRAGEN,NA18522,HG01940,1,*1/*1,*1/*1,*1/*1,*1/*1,*1/*1,concordant
cohort2_dragen,cohort2,DRAGEN,NA18522,HG01969,1,*1/*2,*1/*2,*1/*2,*1/*2,*1/*2,concordant
cohort2_dragen,cohort2,DRAGEN,NA18522,HG01975,1,*1/*1,*1/*1,*1/*1,*1/*1,*1/*1,concordant
cohort2_dragen,cohort2,DRAGEN,NA18522,HG02015,1,*10/*36.ALDY+*10,*10/*36+*10,*10/*10+*36,*10/*10+*36,*10/*10+*36,concordant
cohort2_dragen,cohort2,DRAGEN,NA18522,HG02027,1,*14/*36.ALDY+*10,*14/*36+*10,*10+*36/*14,*10+*36/*14,*10+*36/*14,concordant
cohort2_dragen,cohort2,DRAGEN,NA18522,HG02040,1,*36.ALDY+*10/*36.ALDY+*10,*36+*10/*36+*10,*10+*36/*10+*36,*10+*36/*10+*36,*10+*36/*10+*36,concordant
cohort2_dragen,cohort2,DRAGEN,NA18522,HG02056,1,*36.ALDY+*10/*36.ALDY+*10,*36+*10/*36+*10,*10+*36/*10+*36,*10+*36/*10+*36,*10+*36/*10+*36,concordant
cohort2_dragen,cohort2,DRAGEN,NA18522,HG02071,1,*2/*36.ALDY+*10,*2/*36+*10,*2/*10+*36,*10+*36/*2,*2/*10+*36,concordant
cohort2_dragen,cohort2,DRAGEN,NA18522,HG02074,1,*36.ALDY+*10/*36.ALDY+*10,*36+*10/*36+*10,*10+*36/*10+*36,*10+*36/*10+*36,*10+*36/*10+*36,concordant
cohort2_dragen,cohort2,DRAGEN,NA18522,HG02083,1,*10+*36.ALDY+*10/*36.ALDY+*10,*10+*36+*10/*36+*10,*10+*10+*36/*10+*36,*10+*36+*36/*10+*36,*10+*36/*10+*36+*36,discordant
cohort2_dragen,cohort2,DRAGEN,NA18522,HG02129,1,*1/*36.ALDY+*10,*1/*36+*10,*1/*10+*36,*1/*10+*36,*1/*10+*36,concordant
cohort2_dragen,cohort2,DRAGEN,NA18522,HG02132,1,*36.ALDY+*10/*36.ALDY+*10,*36+*10/*36+*10,*10+*36/*10+*36,*10+*36/*10+*36,*10+*36/*10+*36,concordant
cohort2_dragen,cohort2,DRAGEN,NA18522,HG02135,1,*36.ALDY+*10/*36.ALDY+*10,*36+*10/*36+*10,*10+*36/*10+*36,*10+*36/*10+*36,*10+*36/*10+*36,concordant
cohort2_dragen,cohort2,DRAGEN,NA18522,HG02155,1,*10+*36.ALDY+*10/*36.ALDY+*10,*10+*36+*10/*36+*10,*10+*10+*36/*10+*36,*10+*36/*10+*36+*36,*10+*36/*10+*36+*36,discordant
cohort2_dragen,cohort2,DRAGEN,NA18522,HG02178,1,*1+*36.ALDY/*36.ALDY+*10,*1+*36/*36+*10,*1+*36/*10+*36,*10+*36+*36/*1,*1/*10+*36+*36,discordant
cohort2_dragen,cohort2,DRAGEN,NA18522,HG02258,1,*1/*17+*17,*1/*17+*17,*1/*17+*17,*17+*17/*1,*1/*17+*17,concordant
cohort2_dragen,cohort2,DRAGEN,NA18522,HG02300,1,*2/*5,*2/*5,*2/*5,*2/*5,*2/*5,concordant
cohort2_dragen,cohort2,DRAGEN,NA18522,HG02486,1,*2/*29,*2/*29,*2/*29,*2/*29,*2/*29,concordant
cohort2_dragen,cohort2,DRAGEN,NA18522,HG02523,1,*1/*5,*1/*5,*1/*5,*5/*1,*1/*5,concordant
cohort2_dragen,cohort2,DRAGEN,NA18522,HG02559,1,*2/*27,*2/*27,*2/*27,*27/*2,*2/*27,concordant
cohort2_dragen,cohort2,DRAGEN,NA18522,HG02602,1,*2/*5,*2/*5,*2/*5,*2/*5,*2/*5,concordant
cohort2_dragen,cohort2,DRAGEN,NA18522,HG02647,1,*4C+*4C/*17,*4+*4/*17,*4+*4/*17,*4+*4/*17,*4+*4/*17,concordant
cohort2_dragen,cohort2,DRAGEN,NA18522,HG02965,1,*4C+*4C/*17,*4+*4/*17,*4+*4/*17,*17/*4+*4,*4+*4/*17,concordant
cohort2_dragen,cohort2,DRAGEN,NA18522,HG03017,1,*1/*2,*1/*2,*1/*2,*1/*2,*1/*2,concordant
cohort2_dragen,cohort2,DRAGEN,NA18522,HG03139,1,*2+*2/*17,*2+*2/*17,*2+*2/*17,*17/*2+*2,*2+*2/*17,concordant
cohort2_dragen,cohort2,DRAGEN,NA18522,HG03225,1,*5/*56B,*5/*56,*5/*56,*56/*5,*5/*56,concordant
cohort2_dragen,cohort2,DRAGEN,NA18522,HG03239,1,*1/*5,*1/*5,*1/*5,*5/*1,*1/*5,concordant
cohort2_dragen,cohort2,DRAGEN,NA18522,HG03471,1,*29/*162,*29/*162,*29/*162,*162/*29,*29/*162,concordant
cohort2_dragen,cohort2,DRAGEN,NA18522,HG03654,1,*2/*2,*2/*2,*2/*2,*2/*2,*2/*2,concordant
cohort2_dragen,cohort2,DRAGEN,NA18522,HG03834,1,*1+*1/*4,*1+*1/*4,*1+*1/*4,*1+*1/*4,*1+*1/*4,concordant
cohort2_dragen,cohort2,DRAGEN,NA18522,HG04184,1,*10/*41,*10/*41,*10/*41,*10/*41,*10/*41,concordant
cohort2_dragen,cohort2,DRAGEN,NA18522,HG04228,1,*1/*43,*1/*43,*1/*43,*43/*1,*1/*43,concordant
cohort2_dragen,cohort2,DRAGEN,NA18522,HG06807,1,*2/*4C+*4C,*2/*4+*4,*2/*4+*4,*2/*4+*4,*2/*4+*4,concordant
cohort2_dragen,cohort2,DRAGEN,NA18522,NA18565,1,*10/*36.ALDY+*10,*10/*36+*10,*10/*10+*36,*10+*36/*36,*10+*36/*36,discordant
cohort2_dragen,cohort2,DRAGEN,NA18522,NA18747,1,*1/*36.ALDY+*10,*1/*36+*10,*1/*10+*36,*1/*10+*36,*1/*10+*36,concordant
cohort2_dragen,cohort2,DRAGEN,NA18522,NA18952,1,*2/*2,*2/*2,*2/*2,*2/*2,*2/*2,concordant
cohort2_dragen,cohort2,DRAGEN,NA18522,NA18974,1,*2/*5,*2/*5,*2/*5,*2/*5,*2/*5,concordant
cohort2_dragen,cohort2,DRAGEN,NA18522,NA18976,1,*1/*36.ALDY+*10,*1/*36+*10,*1/*10+*36,*10+*36/*1,*1/*10+*36,concordant
cohort2_dragen,cohort2,DRAGEN,NA18522,NA18983,1,*1/*1,*1/*1,*1/*1,*1/*1,*1/*1,concordant
cohort2_dragen,cohort2,DRAGEN,NA18522,NA19043,1,*1/*1,*1/*1,*1/*1,*1/*1,*1/*1,concordant
cohort2_dragen,cohort2,DRAGEN,NA18522,NA19087,1,*1/*5,*1/*5,*1/*5,*5/*1,*1/*5,concordant
cohort2_dragen,cohort2,DRAGEN,NA18522,NA19776,1,*1/*36.ALDY+*10,*1/*36+*10,*1/*10+*36,*1/*10+*36,*1/*10+*36,concordant
cohort2_dragen,cohort2,DRAGEN,NA18522,NA19909,1,*1/*4C+*4C,*1/*4+*4,*1/*4+*4,*4+*4/*1,*1/*4+*4,concordant
cohort2_dragen,cohort2,DRAGEN,NA18522,NA20282,1,*2/*4,*2/*4,*2/*4,*2/*4,*2/*4,concordant
cohort2_dragen,cohort2,DRAGEN,NA18522,NA20752,1,*1/*4,*1/*4,*1/*4,*1/*4,*1/*4,concordant
cohort2_dragen,cohort2,DRAGEN,NA18522,NA20805,1,*35/*68+*4,*35/*68+*4,*4+*68/*35,*35/*4+*68,*4+*68/*35,concordant
cohort2_dragen,cohort2,DRAGEN,NA18522,NA20905,1,*1/*1,*1/*1,*1/*1,*1/*1,*1/*1,concordant
cohort2_dragen,cohort2,DRAGEN,NA18522,NA21102,1,*1/*1,*1/*1,*1/*1,*1/*1,*1/*1,concordant
cohort2_dragen,cohort2,DRAGEN,NA18952,HG00099,1,*1/*5,*1/*5,*1/*5,*1/*5,*1/*5,concordant
cohort2_dragen,cohort2,DRAGEN,NA18952,HG00133,1,*1/*1,*1/*1,*1/*1,*1/*1,*1/*1,concordant
cohort2_dragen,cohort2,DRAGEN,NA18952,HG00232,1,*1+rs769258/*35,*1/*35,*1/*35,*1/*35,*1/*35,concordant
cohort2_dragen,cohort2,DRAGEN,NA18952,HG00253,1,*1/*1,*1/*1,*1/*1,*1/*1,*1/*1,concordant
cohort2_dragen,cohort2,DRAGEN,NA18952,HG00280,1,*2/*41,*2/*41,*2/*41,*2/*41,*2/*41,concordant
cohort2_dragen,cohort2,DRAGEN,NA18952,HG00320,1,*2/*2+*2,*2/*2+*2,*2/*2+*2,*2+*2/*2,*2/*2+*2,concordant
cohort2_dragen,cohort2,DRAGEN,NA18952,HG00350,1,*1/*1,*1/*1,*1/*1,*1/*1,*1/*1,concordant
cohort2_dragen,cohort2,DRAGEN,NA18952,HG00408,1,*10/*36.ALDY+*10,*10/*36+*10,*10/*10+*36,*10+*36/*10,*10/*10+*36,concordant
cohort2_dragen,cohort2,DRAGEN,NA18952,HG00423,1,*10/*10+*10,*10/*10+*10,*10/*10+*10,*10/*10+*10,*10/*10+*10,concordant
cohort2_dragen,cohort2,DRAGEN,NA18952,HG00544,1,*1/*36.ALDY+*10,*1/*36+*10,*1/*10+*36,*1/*10+*36,*1/*10+*36,concordant
cohort2_dragen,cohort2,DRAGEN,NA18952,HG00558,1,*1/*36.ALDY+*10,*1/*36+*10,*1/*10+*36,*10+*36/*1,*1/*10+*36,concordant
cohort2_dragen,cohort2,DRAGEN,NA18952,HG00597,1,*10+*49/*36.ALDY+*10+*83.ALDY,*10+*49/*36+*10+*83,*10+*36+*83/*10+*49,*49/*10+*36+*36+*83,*10+*36+*36+*83/*49,discordant
cohort2_dragen,cohort2,DRAGEN,NA18952,HG00609,1,*36.ALDY+*10+rs1135822/*49,*36+*10/*49,*10+*36/*49,*10+*36/*49,*10+*36/*49,concordant
cohort2_dragen,cohort2,DRAGEN,NA18952,HG00639,1,*1/*1,*1/*1,*1/*1,*1/*1,*1/*1,concordant
cohort2_dragen,cohort2,DRAGEN,NA18952,HG00658,1,*10+*36.ALDY+*10/*36.ALDY+*10,*10+*36+*10/*36+*10,*10+*10+*36/*10+*36,*10+*36/*10+*36+*36,*10+*36/*10+*36+*36,discordant
cohort2_dragen,cohort2,DRAGEN,NA18952,HG01123,1,*1/*2,*1/*2,*1/*2,*2/*1,*1/*2,concordant
cohort2_dragen,cohort2,DRAGEN,NA18952,HG01167,1,*1/*41,*1/*41,*1/*41,*41/*1,*1/*41,concordant
cohort2_dragen,cohort2,DRAGEN,NA18952,HG01192,1,*5/*41,*5/*41,*5/*41,*41/*5,*5/*41,concordant
cohort2_dragen,cohort2,DRAGEN,NA18952,HG01261,1,*1/*5,*1/*5,*1/*5,*1/*5,*1/*5,concordant
cohort2_dragen,cohort2,DRAGEN,NA18952,HG01496,1,*2/*43+*43,*2/*43+*43,*2/*43+*43,*2/*43+*43,*2/*43+*43,concordant
cohort2_dragen,cohort2,DRAGEN,NA18952,HG01530,1,*2/*10,*2/*10,*2/*10,*2/*10,*2/*10,concordant
cohort2_dragen,cohort2,DRAGEN,NA18952,HG01784,1,*1/*68+*4,*1/*68+*4,*1/*4+*68,*4+*68/*1,*1/*4+*68,concordant
cohort2_dragen,cohort2,DRAGEN,NA18952,HG01884,1,*1/*2,*1/*2,*1/*2,*1/*2,*1/*2,concordant
cohort2_dragen,cohort2,DRAGEN,NA18952,HG01940,1,*1/*1,*1/*1,*1/*1,*1/*1,*1/*1,concordant
cohort2_dragen,cohort2,DRAGEN,NA18952,HG01969,1,*1/*2,*1/*2,*1/*2,*1/*2,*1/*2,concordant
cohort2_dragen,cohort2,DRAGEN,NA18952,HG01975,1,*1/*1,*1/*1,*1/*1,*1/*1,*1/*1,concordant
cohort2_dragen,cohort2,DRAGEN,NA18952,HG02015,1,*10/*36.ALDY+*10,*10/*36+*10,*10/*10+*36,*10/*10+*36,*10/*10+*36,concordant
cohort2_dragen,cohort2,DRAGEN,NA18952,HG02027,1,*14/*36.ALDY+*10,*14/*36+*10,*10+*36/*14,*10+*36/*14,*10+*36/*14,concordant
cohort2_dragen,cohort2,DRAGEN,NA18952,HG02040,1,*36.ALDY+*10/*36.ALDY+*10,*36+*10/*36+*10,*10+*36/*10+*36,*10+*36/*10+*36,*10+*36/*10+*36,concordant
cohort2_dragen,cohort2,DRAGEN,NA18952,HG02056,1,*36.ALDY+*10/*36.ALDY+*10,*36+*10/*36+*10,*10+*36/*10+*36,*10+*36/*10+*36,*10+*36/*10+*36,concordant
cohort2_dragen,cohort2,DRAGEN,NA18952,HG02071,1,*2/*36.ALDY+*10,*2/*36+*10,*2/*10+*36,*10+*36/*2,*2/*10+*36,concordant
cohort2_dragen,cohort2,DRAGEN,NA18952,HG02074,1,*36.ALDY+*10/*36.ALDY+*10,*36+*10/*36+*10,*10+*36/*10+*36,*10+*36/*10+*36,*10+*36/*10+*36,concordant
cohort2_dragen,cohort2,DRAGEN,NA18952,HG02083,1,*10+*36.ALDY+*10/*36.ALDY+*10,*10+*36+*10/*36+*10,*10+*10+*36/*10+*36,*10+*36+*36/*10+*36,*10+*36/*10+*36+*36,discordant
cohort2_dragen,cohort2,DRAGEN,NA18952,HG02129,1,*1/*36.ALDY+*10,*1/*36+*10,*1/*10+*36,*1/*10+*36,*1/*10+*36,concordant
cohort2_dragen,cohort2,DRAGEN,NA18952,HG02132,1,*36.ALDY+*10/*36.ALDY+*10,*36+*10/*36+*10,*10+*36/*10+*36,*10+*36/*10+*36,*10+*36/*10+*36,concordant
cohort2_dragen,cohort2,DRAGEN,NA18952,HG02135,1,*36.ALDY+*10/*36.ALDY+*10,*36+*10/*36+*10,*10+*36/*10+*36,*10+*36/*10+*36,*10+*36/*10+*36,concordant
cohort2_dragen,cohort2,DRAGEN,NA18952,HG02155,1,*10+*36.ALDY+*10/*36.ALDY+*10,*10+*36+*10/*36+*10,*10+*10+*36/*10+*36,*10+*36/*10+*36+*36,*10+*36/*10+*36+*36,discordant
cohort2_dragen,cohort2,DRAGEN,NA18952,HG02178,1,*1+*36.ALDY/*36.ALDY+*10,*1+*36/*36+*10,*1+*36/*10+*36,*10+*36+*36/*1,*1/*10+*36+*36,discordant
cohort2_dragen,cohort2,DRAGEN,NA18952,HG02258,1,*1/*17+*17,*1/*17+*17,*1/*17+*17,*17+*17/*1,*1/*17+*17,concordant
cohort2_dragen,cohort2,DRAGEN,NA18952,HG02300,1,*2/*5,*2/*5,*2/*5,*2/*5,*2/*5,concordant
cohort2_dragen,cohort2,DRAGEN,NA18952,HG02486,1,*2/*29,*2/*29,*2/*29,*2/*29,*2/*29,concordant
cohort2_dragen,cohort2,DRAGEN,NA18952,HG02523,1,*1/*5,*1/*5,*1/*5,*5/*1,*1/*5,concordant
cohort2_dragen,cohort2,DRAGEN,NA18952,HG02559,1,*2/*27,*2/*27,*2/*27,*27/*2,*2/*27,concordant
cohort2_dragen,cohort2,DRAGEN,NA18952,HG02602,1,*2/*5,*2/*5,*2/*5,*2/*5,*2/*5,concordant
cohort2_dragen,cohort2,DRAGEN,NA18952,HG02647,1,*4C+*4C/*17,*4+*4/*17,*4+*4/*17,*4+*4/*17,*4+*4/*17,concordant
cohort2_dragen,cohort2,DRAGEN,NA18952,HG02965,1,*4C+*4C/*17,*4+*4/*17,*4+*4/*17,*17/*4+*4,*4+*4/*17,concordant
cohort2_dragen,cohort2,DRAGEN,NA18952,HG03017,1,*1/*2,*1/*2,*1/*2,*1/*2,*1/*2,concordant
cohort2_dragen,cohort2,DRAGEN,NA18952,HG03139,1,*2+*2/*17,*2+*2/*17,*2+*2/*17,*17/*2+*2,*2+*2/*17,concordant
cohort2_dragen,cohort2,DRAGEN,NA18952,HG03225,1,*5/*56B,*5/*56,*5/*56,*56/*5,*5/*56,concordant
cohort2_dragen,cohort2,DRAGEN,NA18952,HG03239,1,*1/*5,*1/*5,*1/*5,*5/*1,*1/*5,concordant
cohort2_dragen,cohort2,DRAGEN,NA18952,HG03471,1,*29/*162,*29/*162,*29/*162,*162/*29,*29/*162,concordant
cohort2_dragen,cohort2,DRAGEN,NA18952,HG03654,1,*2/*2,*2/*2,*2/*2,*2/*2,*2/*2,concordant
cohort2_dragen,cohort2,DRAGEN,NA18952,HG03834,1,*1+*1/*4,*1+*1/*4,*1+*1/*4,*1+*1/*4,*1+*1/*4,concordant
cohort2_dragen,cohort2,DRAGEN,NA18952,HG04184,1,*10/*41,*10/*41,*10/*41,*10/*41,*10/*41,concordant
cohort2_dragen,cohort2,DRAGEN,NA18952,HG04228,1,*1/*43,*1/*43,*1/*43,*43/*1,*1/*43,concordant
cohort2_dragen,cohort2,DRAGEN,NA18952,HG06807,1,*2/*4C+*4C,*2/*4+*4,*2/*4+*4,*2/*4+*4,*2/*4+*4,concordant
cohort2_dragen,cohort2,DRAGEN,NA18952,NA18522,1,*1/*106,*1/*106,*1/*106,*106/*1,*1/*106,concordant
cohort2_dragen,cohort2,DRAGEN,NA18952,NA18565,1,*10/*36.ALDY+*10,*10/*36+*10,*10/*10+*36,*10+*36/*36,*10+*36/*36,discordant
cohort2_dragen,cohort2,DRAGEN,NA18952,NA18747,1,*1/*36.ALDY+*10,*1/*36+*10,*1/*10+*36,*1/*10+*36,*1/*10+*36,concordant
cohort2_dragen,cohort2,DRAGEN,NA18952,NA18974,1,*2/*5,*2/*5,*2/*5,*2/*5,*2/*5,concordant
cohort2_dragen,cohort2,DRAGEN,NA18952,NA18976,1,*1/*36.ALDY+*10,*1/*36+*10,*1/*10+*36,*10+*36/*1,*1/*10+*36,concordant
cohort2_dragen,cohort2,DRAGEN,NA18952,NA18983,1,*1/*1,*1/*1,*1/*1,*1/*1,*1/*1,concordant
cohort2_dragen,cohort2,DRAGEN,NA18952,NA19043,1,*1/*1,*1/*1,*1/*1,*1/*1,*1/*1,concordant
cohort2_dragen,cohort2,DRAGEN,NA18952,NA19087,1,*1/*5,*1/*5,*1/*5,*5/*1,*1/*5,concordant
cohort2_dragen,cohort2,DRAGEN,NA18952,NA19776,1,*1/*36.ALDY+*10,*1/*36+*10,*1/*10+*36,*1/*10+*36,*1/*10+*36,concordant
cohort2_dragen,cohort2,DRAGEN,NA18952,NA19909,1,*1/*4C+*4C,*1/*4+*4,*1/*4+*4,*4+*4/*1,*1/*4+*4,concordant
cohort2_dragen,cohort2,DRAGEN,NA18952,NA20282,1,*2/*4,*2/*4,*2/*4,*2/*4,*2/*4,concordant
cohort2_dragen,cohort2,DRAGEN,NA18952,NA20752,1,*1/*4,*1/*4,*1/*4,*1/*4,*1/*4,concordant
cohort2_dragen,cohort2,DRAGEN,NA18952,NA20805,1,*35/*68+*4,*35/*68+*4,*4+*68/*35,*35/*4+*68,*4+*68/*35,concordant
cohort2_dragen,cohort2,DRAGEN,NA18952,NA20905,1,*1/*1,*1/*1,*1/*1,*1/*1,*1/*1,concordant
cohort2_dragen,cohort2,DRAGEN,NA18952,NA21102,1,*1/*1,*1/*1,*1/*1,*1/*1,*1/*1,concordant
cohort2_dragen,cohort2,DRAGEN,NA18983,HG00099,1,*1/*5,*1/*5,*1/*5,*1/*5,*1/*5,concordant
cohort2_dragen,cohort2,DRAGEN,NA18983,HG00133,1,*1/*1,*1/*1,*1/*1,*1/*1,*1/*1,concordant
cohort2_dragen,cohort2,DRAGEN,NA18983,HG00232,1,*1+rs769258/*35,*1/*35,*1/*35,*1/*35,*1/*35,concordant
cohort2_dragen,cohort2,DRAGEN,NA18983,HG00253,1,*1/*1,*1/*1,*1/*1,*1/*1,*1/*1,concordant
cohort2_dragen,cohort2,DRAGEN,NA18983,HG00280,1,*2/*41,*2/*41,*2/*41,*2/*41,*2/*41,concordant
cohort2_dragen,cohort2,DRAGEN,NA18983,HG00320,1,*2/*2+*2,*2/*2+*2,*2/*2+*2,*2+*2/*2,*2/*2+*2,concordant
cohort2_dragen,cohort2,DRAGEN,NA18983,HG00350,1,*1/*1,*1/*1,*1/*1,*1/*1,*1/*1,concordant
cohort2_dragen,cohort2,DRAGEN,NA18983,HG00408,1,*10/*36.ALDY+*10,*10/*36+*10,*10/*10+*36,*10+*36/*10,*10/*10+*36,concordant
cohort2_dragen,cohort2,DRAGEN,NA18983,HG00423,1,*10/*10+*10,*10/*10+*10,*10/*10+*10,*10/*10+*10,*10/*10+*10,concordant
cohort2_dragen,cohort2,DRAGEN,NA18983,HG00544,1,*1/*36.ALDY+*10,*1/*36+*10,*1/*10+*36,*1/*10+*36,*1/*10+*36,concordant
cohort2_dragen,cohort2,DRAGEN,NA18983,HG00558,1,*1/*36.ALDY+*10,*1/*36+*10,*1/*10+*36,*10+*36/*1,*1/*10+*36,concordant
cohort2_dragen,cohort2,DRAGEN,NA18983,HG00597,1,*10+*49/*36.ALDY+*10+*83.ALDY,*10+*49/*36+*10+*83,*10+*36+*83/*10+*49,*49/*10+*36+*36+*83,*10+*36+*36+*83/*49,discordant
cohort2_dragen,cohort2,DRAGEN,NA18983,HG00609,1,*36.ALDY+*10+rs1135822/*49,*36+*10/*49,*10+*36/*49,*10+*36/*49,*10+*36/*49,concordant
cohort2_dragen,cohort2,DRAGEN,NA18983,HG00639,1,*1/*1,*1/*1,*1/*1,*1/*1,*1/*1,concordant
cohort2_dragen,cohort2,DRAGEN,NA18983,HG00658,1,*10+*36.ALDY+*10/*36.ALDY+*10,*10+*36+*10/*36+*10,*10+*10+*36/*10+*36,*10+*36/*10+*36+*36,*10+*36/*10+*36+*36,discordant
cohort2_dragen,cohort2,DRAGEN,NA18983,HG01123,1,*1/*2,*1/*2,*1/*2,*2/*1,*1/*2,concordant
cohort2_dragen,cohort2,DRAGEN,NA18983,HG01167,1,*1/*41,*1/*41,*1/*41,*41/*1,*1/*41,concordant
cohort2_dragen,cohort2,DRAGEN,NA18983,HG01192,1,*5/*41,*5/*41,*5/*41,*41/*5,*5/*41,concordant
cohort2_dragen,cohort2,DRAGEN,NA18983,HG01261,1,*1/*5,*1/*5,*1/*5,*1/*5,*1/*5,concordant
cohort2_dragen,cohort2,DRAGEN,NA18983,HG01496,1,*2/*43+*43,*2/*43+*43,*2/*43+*43,*2/*43+*43,*2/*43+*43,concordant
cohort2_dragen,cohort2,DRAGEN,NA18983,HG01530,1,*2/*10,*2/*10,*2/*10,*2/*10,*2/*10,concordant
cohort2_dragen,cohort2,DRAGEN,NA18983,HG01784,1,*1/*68+*4,*1/*68+*4,*1/*4+*68,*4+*68/*1,*1/*4+*68,concordant
cohort2_dragen,cohort2,DRAGEN,NA18983,HG01884,1,*1/*2,*1/*2,*1/*2,*1/*2,*1/*2,concordant
cohort2_dragen,cohort2,DRAGEN,NA18983,HG01940,1,*1/*1,*1/*1,*1/*1,*1/*1,*1/*1,concordant
cohort2_dragen,cohort2,DRAGEN,NA18983,HG01969,1,*1/*2,*1/*2,*1/*2,*1/*2,*1/*2,concordant
cohort2_dragen,cohort2,DRAGEN,NA18983,HG01975,1,*1/*1,*1/*1,*1/*1,*1/*1,*1/*1,concordant
cohort2_dragen,cohort2,DRAGEN,NA18983,HG02015,1,*10/*36.ALDY+*10,*10/*36+*10,*10/*10+*36,*10/*10+*36,*10/*10+*36,concordant
cohort2_dragen,cohort2,DRAGEN,NA18983,HG02027,1,*14/*36.ALDY+*10,*14/*36+*10,*10+*36/*14,*10+*36/*14,*10+*36/*14,concordant
cohort2_dragen,cohort2,DRAGEN,NA18983,HG02040,1,*36.ALDY+*10/*36.ALDY+*10,*36+*10/*36+*10,*10+*36/*10+*36,*10+*36/*10+*36,*10+*36/*10+*36,concordant
cohort2_dragen,cohort2,DRAGEN,NA18983,HG02056,1,*36.ALDY+*10/*36.ALDY+*10,*36+*10/*36+*10,*10+*36/*10+*36,*10+*36/*10+*36,*10+*36/*10+*36,concordant
cohort2_dragen,cohort2,DRAGEN,NA18983,HG02071,1,*2/*36.ALDY+*10,*2/*36+*10,*2/*10+*36,*10+*36/*2,*2/*10+*36,concordant
cohort2_dragen,cohort2,DRAGEN,NA18983,HG02074,1,*36.ALDY+*10/*36.ALDY+*10,*36+*10/*36+*10,*10+*36/*10+*36,*10+*36/*10+*36,*10+*36/*10+*36,concordant
cohort2_dragen,cohort2,DRAGEN,NA18983,HG02083,1,*10+*36.ALDY+*10/*36.ALDY+*10,*10+*36+*10/*36+*10,*10+*10+*36/*10+*36,*10+*36+*36/*10+*36,*10+*36/*10+*36+*36,discordant
cohort2_dragen,cohort2,DRAGEN,NA18983,HG02129,1,*1/*36.ALDY+*10,*1/*36+*10,*1/*10+*36,*1/*10+*36,*1/*10+*36,concordant
cohort2_dragen,cohort2,DRAGEN,NA18983,HG02132,1,*36.ALDY+*10/*36.ALDY+*10,*36+*10/*36+*10,*10+*36/*10+*36,*10+*36/*10+*36,*10+*36/*10+*36,concordant
cohort2_dragen,cohort2,DRAGEN,NA18983,HG02135,1,*36.ALDY+*10/*36.ALDY+*10,*36+*10/*36+*10,*10+*36/*10+*36,*10+*36/*10+*36,*10+*36/*10+*36,concordant
cohort2_dragen,cohort2,DRAGEN,NA18983,HG02155,1,*10+*36.ALDY+*10/*36.ALDY+*10,*10+*36+*10/*36+*10,*10+*10+*36/*10+*36,*10+*36/*10+*36+*36,*10+*36/*10+*36+*36,discordant
cohort2_dragen,cohort2,DRAGEN,NA18983,HG02178,1,*1+*36.ALDY/*36.ALDY+*10,*1+*36/*36+*10,*1+*36/*10+*36,*10+*36+*36/*1,*1/*10+*36+*36,discordant
cohort2_dragen,cohort2,DRAGEN,NA18983,HG02258,1,*1/*17+*17,*1/*17+*17,*1/*17+*17,*17+*17/*1,*1/*17+*17,concordant
cohort2_dragen,cohort2,DRAGEN,NA18983,HG02300,1,*2/*5,*2/*5,*2/*5,*2/*5,*2/*5,concordant
cohort2_dragen,cohort2,DRAGEN,NA18983,HG02486,1,*2/*29,*2/*29,*2/*29,*2/*29,*2/*29,concordant
cohort2_dragen,cohort2,DRAGEN,NA18983,HG02523,1,*1/*5,*1/*5,*1/*5,*5/*1,*1/*5,concordant
cohort2_dragen,cohort2,DRAGEN,NA18983,HG02559,1,*2/*27,*2/*27,*2/*27,*27/*2,*2/*27,concordant
cohort2_dragen,cohort2,DRAGEN,NA18983,HG02602,1,*2/*5,*2/*5,*2/*5,*2/*5,*2/*5,concordant
cohort2_dragen,cohort2,DRAGEN,NA18983,HG02647,1,*4C+*4C/*17,*4+*4/*17,*4+*4/*17,*4+*4/*17,*4+*4/*17,concordant
cohort2_dragen,cohort2,DRAGEN,NA18983,HG02965,1,*4C+*4C/*17,*4+*4/*17,*4+*4/*17,*17/*4+*4,*4+*4/*17,concordant
cohort2_dragen,cohort2,DRAGEN,NA18983,HG03017,1,*1/*2,*1/*2,*1/*2,*1/*2,*1/*2,concordant
cohort2_dragen,cohort2,DRAGEN,NA18983,HG03139,1,*2+*2/*17,*2+*2/*17,*2+*2/*17,*17/*2+*2,*2+*2/*17,concordant
cohort2_dragen,cohort2,DRAGEN,NA18983,HG03225,1,*5/*56B,*5/*56,*5/*56,*56/*5,*5/*56,concordant
cohort2_dragen,cohort2,DRAGEN,NA18983,HG03239,1,*1/*5,*1/*5,*1/*5,*5/*1,*1/*5,concordant
cohort2_dragen,cohort2,DRAGEN,NA18983,HG03471,1,*29/*162,*29/*162,*29/*162,*162/*29,*29/*162,concordant
cohort2_dragen,cohort2,DRAGEN,NA18983,HG03654,1,*2/*2,*2/*2,*2/*2,*2/*2,*2/*2,concordant
cohort2_dragen,cohort2,DRAGEN,NA18983,HG03834,1,*1+*1/*4,*1+*1/*4,*1+*1/*4,*1+*1/*4,*1+*1/*4,concordant
cohort2_dragen,cohort2,DRAGEN,NA18983,HG04184,1,*10/*41,*10/*41,*10/*41,*10/*41,*10/*41,concordant
cohort2_dragen,cohort2,DRAGEN,NA18983,HG04228,1,*1/*43,*1/*43,*1/*43,*43/*1,*1/*43,concordant
cohort2_dragen,cohort2,DRAGEN,NA18983,HG06807,1,*2/*4C+*4C,*2/*4+*4,*2/*4+*4,*2/*4+*4,*2/*4+*4,concordant
cohort2_dragen,cohort2,DRAGEN,NA18983,NA18522,1,*1/*106,*1/*106,*1/*106,*106/*1,*1/*106,concordant
cohort2_dragen,cohort2,DRAGEN,NA18983,NA18565,1,*10/*36.ALDY+*10,*10/*36+*10,*10/*10+*36,*10+*36/*36,*10+*36/*36,discordant
cohort2_dragen,cohort2,DRAGEN,NA18983,NA18747,1,*1/*36.ALDY+*10,*1/*36+*10,*1/*10+*36,*1/*10+*36,*1/*10+*36,concordant
cohort2_dragen,cohort2,DRAGEN,NA18983,NA18952,1,*2/*2,*2/*2,*2/*2,*2/*2,*2/*2,concordant
cohort2_dragen,cohort2,DRAGEN,NA18983,NA18974,1,*2/*5,*2/*5,*2/*5,*2/*5,*2/*5,concordant
cohort2_dragen,cohort2,DRAGEN,NA18983,NA18976,1,*1/*36.ALDY+*10,*1/*36+*10,*1/*10+*36,*10+*36/*1,*1/*10+*36,concordant
cohort2_dragen,cohort2,DRAGEN,NA18983,NA19043,1,*1/*1,*1/*1,*1/*1,*1/*1,*1/*1,concordant
cohort2_dragen,cohort2,DRAGEN,NA18983,NA19087,1,*1/*5,*1/*5,*1/*5,*5/*1,*1/*5,concordant
cohort2_dragen,cohort2,DRAGEN,NA18983,NA19776,1,*1/*36.ALDY+*10,*1/*36+*10,*1/*10+*36,*1/*10+*36,*1/*10+*36,concordant
cohort2_dragen,cohort2,DRAGEN,NA18983,NA19909,1,*1/*4C+*4C,*1/*4+*4,*1/*4+*4,*4+*4/*1,*1/*4+*4,concordant
cohort2_dragen,cohort2,DRAGEN,NA18983,NA20282,1,*2/*4,*2/*4,*2/*4,*2/*4,*2/*4,concordant
cohort2_dragen,cohort2,DRAGEN,NA18983,NA20752,1,*1/*4,*1/*4,*1/*4,*1/*4,*1/*4,concordant
cohort2_dragen,cohort2,DRAGEN,NA18983,NA20805,1,*35/*68+*4,*35/*68+*4,*4+*68/*35,*35/*4+*68,*4+*68/*35,concordant
cohort2_dragen,cohort2,DRAGEN,NA18983,NA20905,1,*1/*1,*1/*1,*1/*1,*1/*1,*1/*1,concordant
cohort2_dragen,cohort2,DRAGEN,NA18983,NA21102,1,*1/*1,*1/*1,*1/*1,*1/*1,*1/*1,concordant
cohort2_dragen,cohort2,DRAGEN,NA19043,HG00099,1,*1/*5,*1/*5,*1/*5,*1/*5,*1/*5,concordant
cohort2_dragen,cohort2,DRAGEN,NA19043,HG00133,1,*1/*1,*1/*1,*1/*1,*1/*1,*1/*1,concordant
cohort2_dragen,cohort2,DRAGEN,NA19043,HG00232,1,*1+rs769258/*35,*1/*35,*1/*35,*1/*35,*1/*35,concordant
cohort2_dragen,cohort2,DRAGEN,NA19043,HG00253,1,*1/*1,*1/*1,*1/*1,*1/*1,*1/*1,concordant
cohort2_dragen,cohort2,DRAGEN,NA19043,HG00280,1,*2/*41,*2/*41,*2/*41,*2/*41,*2/*41,concordant
cohort2_dragen,cohort2,DRAGEN,NA19043,HG00320,1,*2/*2+*2,*2/*2+*2,*2/*2+*2,*2+*2/*2,*2/*2+*2,concordant
cohort2_dragen,cohort2,DRAGEN,NA19043,HG00350,1,*1/*1,*1/*1,*1/*1,*1/*1,*1/*1,concordant
cohort2_dragen,cohort2,DRAGEN,NA19043,HG00408,1,*10/*36.ALDY+*10,*10/*36+*10,*10/*10+*36,*10+*36/*10,*10/*10+*36,concordant
cohort2_dragen,cohort2,DRAGEN,NA19043,HG00423,1,*10/*10+*10,*10/*10+*10,*10/*10+*10,*10/*10+*10,*10/*10+*10,concordant
cohort2_dragen,cohort2,DRAGEN,NA19043,HG00544,1,*1/*36.ALDY+*10,*1/*36+*10,*1/*10+*36,*1/*10+*36,*1/*10+*36,concordant
cohort2_dragen,cohort2,DRAGEN,NA19043,HG00558,1,*1/*36.ALDY+*10,*1/*36+*10,*1/*10+*36,*10+*36/*1,*1/*10+*36,concordant
cohort2_dragen,cohort2,DRAGEN,NA19043,HG00597,1,*10+*49/*36.ALDY+*10+*83.ALDY,*10+*49/*36+*10+*83,*10+*36+*83/*10+*49,*49/*10+*36+*36+*83,*10+*36+*36+*83/*49,discordant
cohort2_dragen,cohort2,DRAGEN,NA19043,HG00609,1,*36.ALDY+*10+rs1135822/*49,*36+*10/*49,*10+*36/*49,*10+*36/*49,*10+*36/*49,concordant
cohort2_dragen,cohort2,DRAGEN,NA19043,HG00639,1,*1/*1,*1/*1,*1/*1,*1/*1,*1/*1,concordant
cohort2_dragen,cohort2,DRAGEN,NA19043,HG00658,1,*10+*36.ALDY+*10/*36.ALDY+*10,*10+*36+*10/*36+*10,*10+*10+*36/*10+*36,*10+*36/*10+*36+*36,*10+*36/*10+*36+*36,discordant
cohort2_dragen,cohort2,DRAGEN,NA19043,HG01123,1,*1/*2,*1/*2,*1/*2,*2/*1,*1/*2,concordant
cohort2_dragen,cohort2,DRAGEN,NA19043,HG01167,1,*1/*41,*1/*41,*1/*41,*41/*1,*1/*41,concordant
cohort2_dragen,cohort2,DRAGEN,NA19043,HG01192,1,*5/*41,*5/*41,*5/*41,*41/*5,*5/*41,concordant
cohort2_dragen,cohort2,DRAGEN,NA19043,HG01261,1,*1/*5,*1/*5,*1/*5,*1/*5,*1/*5,concordant
cohort2_dragen,cohort2,DRAGEN,NA19043,HG01496,1,*2/*43+*43,*2/*43+*43,*2/*43+*43,*2/*43+*43,*2/*43+*43,concordant
cohort2_dragen,cohort2,DRAGEN,NA19043,HG01530,1,*2/*10,*2/*10,*2/*10,*2/*10,*2/*10,concordant
cohort2_dragen,cohort2,DRAGEN,NA19043,HG01784,1,*1/*68+*4,*1/*68+*4,*1/*4+*68,*4+*68/*1,*1/*4+*68,concordant
cohort2_dragen,cohort2,DRAGEN,NA19043,HG01884,1,*1/*2,*1/*2,*1/*2,*1/*2,*1/*2,concordant
cohort2_dragen,cohort2,DRAGEN,NA19043,HG01940,1,*1/*1,*1/*1,*1/*1,*1/*1,*1/*1,concordant
cohort2_dragen,cohort2,DRAGEN,NA19043,HG01969,1,*1/*2,*1/*2,*1/*2,*1/*2,*1/*2,concordant
cohort2_dragen,cohort2,DRAGEN,NA19043,HG01975,1,*1/*1,*1/*1,*1/*1,*1/*1,*1/*1,concordant
cohort2_dragen,cohort2,DRAGEN,NA19043,HG02015,1,*10/*36.ALDY+*10,*10/*36+*10,*10/*10+*36,*10/*10+*36,*10/*10+*36,concordant
cohort2_dragen,cohort2,DRAGEN,NA19043,HG02027,1,*14/*36.ALDY+*10,*14/*36+*10,*10+*36/*14,*10+*36/*14,*10+*36/*14,concordant
cohort2_dragen,cohort2,DRAGEN,NA19043,HG02040,1,*36.ALDY+*10/*36.ALDY+*10,*36+*10/*36+*10,*10+*36/*10+*36,*10+*36/*10+*36,*10+*36/*10+*36,concordant
cohort2_dragen,cohort2,DRAGEN,NA19043,HG02056,1,*36.ALDY+*10/*36.ALDY+*10,*36+*10/*36+*10,*10+*36/*10+*36,*10+*36/*10+*36,*10+*36/*10+*36,concordant
cohort2_dragen,cohort2,DRAGEN,NA19043,HG02071,1,*2/*36.ALDY+*10,*2/*36+*10,*2/*10+*36,*10+*36/*2,*2/*10+*36,concordant
cohort2_dragen,cohort2,DRAGEN,NA19043,HG02074,1,*36.ALDY+*10/*36.ALDY+*10,*36+*10/*36+*10,*10+*36/*10+*36,*10+*36/*10+*36,*10+*36/*10+*36,concordant
cohort2_dragen,cohort2,DRAGEN,NA19043,HG02083,1,*10+*36.ALDY+*10/*36.ALDY+*10,*10+*36+*10/*36+*10,*10+*10+*36/*10+*36,*10+*36+*36/*10+*36,*10+*36/*10+*36+*36,discordant
cohort2_dragen,cohort2,DRAGEN,NA19043,HG02129,1,*1/*36.ALDY+*10,*1/*36+*10,*1/*10+*36,*1/*10+*36,*1/*10+*36,concordant
cohort2_dragen,cohort2,DRAGEN,NA19043,HG02132,1,*36.ALDY+*10/*36.ALDY+*10,*36+*10/*36+*10,*10+*36/*10+*36,*10+*36/*10+*36,*10+*36/*10+*36,concordant
cohort2_dragen,cohort2,DRAGEN,NA19043,HG02135,1,*36.ALDY+*10/*36.ALDY+*10,*36+*10/*36+*10,*10+*36/*10+*36,*10+*36/*10+*36,*10+*36/*10+*36,concordant
cohort2_dragen,cohort2,DRAGEN,NA19043,HG02155,1,*10+*36.ALDY+*10/*36.ALDY+*10,*10+*36+*10/*36+*10,*10+*10+*36/*10+*36,*10+*36/*10+*36+*36,*10+*36/*10+*36+*36,discordant
cohort2_dragen,cohort2,DRAGEN,NA19043,HG02178,1,*1+*36.ALDY/*36.ALDY+*10,*1+*36/*36+*10,*1+*36/*10+*36,*10+*36+*36/*1,*1/*10+*36+*36,discordant
cohort2_dragen,cohort2,DRAGEN,NA19043,HG02258,1,*1/*17+*17,*1/*17+*17,*1/*17+*17,*17+*17/*1,*1/*17+*17,concordant
cohort2_dragen,cohort2,DRAGEN,NA19043,HG02300,1,*2/*5,*2/*5,*2/*5,*2/*5,*2/*5,concordant
cohort2_dragen,cohort2,DRAGEN,NA19043,HG02486,1,*2/*29,*2/*29,*2/*29,*2/*29,*2/*29,concordant
cohort2_dragen,cohort2,DRAGEN,NA19043,HG02523,1,*1/*5,*1/*5,*1/*5,*5/*1,*1/*5,concordant
cohort2_dragen,cohort2,DRAGEN,NA19043,HG02559,1,*2/*27,*2/*27,*2/*27,*27/*2,*2/*27,concordant
cohort2_dragen,cohort2,DRAGEN,NA19043,HG02602,1,*2/*5,*2/*5,*2/*5,*2/*5,*2/*5,concordant
cohort2_dragen,cohort2,DRAGEN,NA19043,HG02647,1,*4C+*4C/*17,*4+*4/*17,*4+*4/*17,*4+*4/*17,*4+*4/*17,concordant
cohort2_dragen,cohort2,DRAGEN,NA19043,HG02965,1,*4C+*4C/*17,*4+*4/*17,*4+*4/*17,*17/*4+*4,*4+*4/*17,concordant
cohort2_dragen,cohort2,DRAGEN,NA19043,HG03017,1,*1/*2,*1/*2,*1/*2,*1/*2,*1/*2,concordant
cohort2_dragen,cohort2,DRAGEN,NA19043,HG03139,1,*2+*2/*17,*2+*2/*17,*2+*2/*17,*17/*2+*2,*2+*2/*17,concordant
cohort2_dragen,cohort2,DRAGEN,NA19043,HG03225,1,*5/*56B,*5/*56,*5/*56,*56/*5,*5/*56,concordant
cohort2_dragen,cohort2,DRAGEN,NA19043,HG03239,1,*1/*5,*1/*5,*1/*5,*5/*1,*1/*5,concordant
cohort2_dragen,cohort2,DRAGEN,NA19043,HG03471,1,*29/*162,*29/*162,*29/*162,*162/*29,*29/*162,concordant
cohort2_dragen,cohort2,DRAGEN,NA19043,HG03654,1,*2/*2,*2/*2,*2/*2,*2/*2,*2/*2,concordant
cohort2_dragen,cohort2,DRAGEN,NA19043,HG03834,1,*1+*1/*4,*1+*1/*4,*1+*1/*4,*1+*1/*4,*1+*1/*4,concordant
cohort2_dragen,cohort2,DRAGEN,NA19043,HG04184,1,*10/*41,*10/*41,*10/*41,*10/*41,*10/*41,concordant
cohort2_dragen,cohort2,DRAGEN,NA19043,HG04228,1,*1/*43,*1/*43,*1/*43,*43/*1,*1/*43,concordant
cohort2_dragen,cohort2,DRAGEN,NA19043,HG06807,1,*2/*4C+*4C,*2/*4+*4,*2/*4+*4,*2/*4+*4,*2/*4+*4,concordant
cohort2_dragen,cohort2,DRAGEN,NA19043,NA18522,1,*1/*106,*1/*106,*1/*106,*106/*1,*1/*106,concordant
cohort2_dragen,cohort2,DRAGEN,NA19043,NA18565,1,*10/*36.ALDY+*10,*10/*36+*10,*10/*10+*36,*10+*36/*36,*10+*36/*36,discordant
cohort2_dragen,cohort2,DRAGEN,NA19043,NA18747,1,*1/*36.ALDY+*10,*1/*36+*10,*1/*10+*36,*1/*10+*36,*1/*10+*36,concordant
cohort2_dragen,cohort2,DRAGEN,NA19043,NA18952,1,*2/*2,*2/*2,*2/*2,*2/*2,*2/*2,concordant
cohort2_dragen,cohort2,DRAGEN,NA19043,NA18974,1,*2/*5,*2/*5,*2/*5,*2/*5,*2/*5,concordant
cohort2_dragen,cohort2,DRAGEN,NA19043,NA18976,1,*1/*36.ALDY+*10,*1/*36+*10,*1/*10+*36,*10+*36/*1,*1/*10+*36,concordant
cohort2_dragen,cohort2,DRAGEN,NA19043,NA18983,1,*1/*1,*1/*1,*1/*1,*1/*1,*1/*1,concordant
cohort2_dragen,cohort2,DRAGEN,NA19043,NA19087,1,*1/*5,*1/*5,*1/*5,*5/*1,*1/*5,concordant
cohort2_dragen,cohort2,DRAGEN,NA19043,NA19776,1,*1/*36.ALDY+*10,*1/*36+*10,*1/*10+*36,*1/*10+*36,*1/*10+*36,concordant
cohort2_dragen,cohort2,DRAGEN,NA19043,NA19909,1,*1/*4C+*4C,*1/*4+*4,*1/*4+*4,*4+*4/*1,*1/*4+*4,concordant
cohort2_dragen,cohort2,DRAGEN,NA19043,NA20282,1,*2/*4,*2/*4,*2/*4,*2/*4,*2/*4,concordant
cohort2_dragen,cohort2,DRAGEN,NA19043,NA20752,1,*1/*4,*1/*4,*1/*4,*1/*4,*1/*4,concordant
cohort2_dragen,cohort2,DRAGEN,NA19043,NA20805,1,*35/*68+*4,*35/*68+*4,*4+*68/*35,*35/*4+*68,*4+*68/*35,concordant
cohort2_dragen,cohort2,DRAGEN,NA19043,NA20905,1,*1/*1,*1/*1,*1/*1,*1/*1,*1/*1,concordant
cohort2_dragen,cohort2,DRAGEN,NA19043,NA21102,1,*1/*1,*1/*1,*1/*1,*1/*1,*1/*1,concordant
cohort2_dragen,cohort2,DRAGEN,NA20282,HG00099,1,*1/*5,*1/*5,*1/*5,*1/*5,*1/*5,concordant
cohort2_dragen,cohort2,DRAGEN,NA20282,HG00133,1,*1/*1,*1/*1,*1/*1,*1/*1,*1/*1,concordant
cohort2_dragen,cohort2,DRAGEN,NA20282,HG00232,1,*1+rs769258/*35,*1/*35,*1/*35,*1/*35,*1/*35,concordant
cohort2_dragen,cohort2,DRAGEN,NA20282,HG00253,1,*1/*1,*1/*1,*1/*1,*1/*1,*1/*1,concordant
cohort2_dragen,cohort2,DRAGEN,NA20282,HG00280,1,*2/*41,*2/*41,*2/*41,*2/*41,*2/*41,concordant
cohort2_dragen,cohort2,DRAGEN,NA20282,HG00320,1,*2/*2+*2,*2/*2+*2,*2/*2+*2,*2+*2/*2,*2/*2+*2,concordant
cohort2_dragen,cohort2,DRAGEN,NA20282,HG00350,1,*1/*1,*1/*1,*1/*1,*1/*1,*1/*1,concordant
cohort2_dragen,cohort2,DRAGEN,NA20282,HG00408,1,*10/*36.ALDY+*10,*10/*36+*10,*10/*10+*36,*10+*36/*10,*10/*10+*36,concordant
cohort2_dragen,cohort2,DRAGEN,NA20282,HG00423,1,*10/*10+*10,*10/*10+*10,*10/*10+*10,*10/*10+*10,*10/*10+*10,concordant
cohort2_dragen,cohort2,DRAGEN,NA20282,HG00544,1,*1/*36.ALDY+*10,*1/*36+*10,*1/*10+*36,*1/*10+*36,*1/*10+*36,concordant
cohort2_dragen,cohort2,DRAGEN,NA20282,HG00558,1,*1/*36.ALDY+*10,*1/*36+*10,*1/*10+*36,*10+*36/*1,*1/*10+*36,concordant
cohort2_dragen,cohort2,DRAGEN,NA20282,HG00597,1,*10+*49/*36.ALDY+*10+*83.ALDY,*10+*49/*36+*10+*83,*10+*36+*83/*10+*49,*49/*10+*36+*36+*83,*10+*36+*36+*83/*49,discordant
cohort2_dragen,cohort2,DRAGEN,NA20282,HG00609,1,*36.ALDY+*10+rs1135822/*49,*36+*10/*49,*10+*36/*49,*10+*36/*49,*10+*36/*49,concordant
cohort2_dragen,cohort2,DRAGEN,NA20282,HG00639,1,*1/*1,*1/*1,*1/*1,*1/*1,*1/*1,concordant
cohort2_dragen,cohort2,DRAGEN,NA20282,HG00658,1,*10+*36.ALDY+*10/*36.ALDY+*10,*10+*36+*10/*36+*10,*10+*10+*36/*10+*36,*10+*36/*10+*36+*36,*10+*36/*10+*36+*36,discordant
cohort2_dragen,cohort2,DRAGEN,NA20282,HG01123,1,*1/*2,*1/*2,*1/*2,*2/*1,*1/*2,concordant
cohort2_dragen,cohort2,DRAGEN,NA20282,HG01167,1,*1/*41,*1/*41,*1/*41,*41/*1,*1/*41,concordant
cohort2_dragen,cohort2,DRAGEN,NA20282,HG01192,1,*5/*41,*5/*41,*5/*41,*41/*5,*5/*41,concordant
cohort2_dragen,cohort2,DRAGEN,NA20282,HG01261,1,*1/*5,*1/*5,*1/*5,*1/*5,*1/*5,concordant
cohort2_dragen,cohort2,DRAGEN,NA20282,HG01496,1,*2/*43+*43,*2/*43+*43,*2/*43+*43,*2/*43+*43,*2/*43+*43,concordant
cohort2_dragen,cohort2,DRAGEN,NA20282,HG01530,1,*2/*10,*2/*10,*2/*10,*2/*10,*2/*10,concordant
cohort2_dragen,cohort2,DRAGEN,NA20282,HG01784,1,*1/*68+*4,*1/*68+*4,*1/*4+*68,*4+*68/*1,*1/*4+*68,concordant
cohort2_dragen,cohort2,DRAGEN,NA20282,HG01884,1,*1/*2,*1/*2,*1/*2,*1/*2,*1/*2,concordant
cohort2_dragen,cohort2,DRAGEN,NA20282,HG01940,1,*1/*1,*1/*1,*1/*1,*1/*1,*1/*1,concordant
cohort2_dragen,cohort2,DRAGEN,NA20282,HG01969,1,*1/*2,*1/*2,*1/*2,*1/*2,*1/*2,concordant
cohort2_dragen,cohort2,DRAGEN,NA20282,HG01975,1,*1/*1,*1/*1,*1/*1,*1/*1,*1/*1,concordant
cohort2_dragen,cohort2,DRAGEN,NA20282,HG02015,1,*10/*36.ALDY+*10,*10/*36+*10,*10/*10+*36,*10/*10+*36,*10/*10+*36,concordant
cohort2_dragen,cohort2,DRAGEN,NA20282,HG02027,1,*14/*36.ALDY+*10,*14/*36+*10,*10+*36/*14,*10+*36/*14,*10+*36/*14,concordant
cohort2_dragen,cohort2,DRAGEN,NA20282,HG02040,1,*36.ALDY+*10/*36.ALDY+*10,*36+*10/*36+*10,*10+*36/*10+*36,*10+*36/*10+*36,*10+*36/*10+*36,concordant
cohort2_dragen,cohort2,DRAGEN,NA20282,HG02056,1,*36.ALDY+*10/*36.ALDY+*10,*36+*10/*36+*10,*10+*36/*10+*36,*10+*36/*10+*36,*10+*36/*10+*36,concordant
cohort2_dragen,cohort2,DRAGEN,NA20282,HG02071,1,*2/*36.ALDY+*10,*2/*36+*10,*2/*10+*36,*10+*36/*2,*2/*10+*36,concordant
cohort2_dragen,cohort2,DRAGEN,NA20282,HG02074,1,*36.ALDY+*10/*36.ALDY+*10,*36+*10/*36+*10,*10+*36/*10+*36,*10+*36/*10+*36,*10+*36/*10+*36,concordant
cohort2_dragen,cohort2,DRAGEN,NA20282,HG02083,1,*10+*36.ALDY+*10/*36.ALDY+*10,*10+*36+*10/*36+*10,*10+*10+*36/*10+*36,*10+*36+*36/*10+*36,*10+*36/*10+*36+*36,discordant
cohort2_dragen,cohort2,DRAGEN,NA20282,HG02129,1,*1/*36.ALDY+*10,*1/*36+*10,*1/*10+*36,*1/*10+*36,*1/*10+*36,concordant
cohort2_dragen,cohort2,DRAGEN,NA20282,HG02132,1,*36.ALDY+*10/*36.ALDY+*10,*36+*10/*36+*10,*10+*36/*10+*36,*10+*36/*10+*36,*10+*36/*10+*36,concordant
cohort2_dragen,cohort2,DRAGEN,NA20282,HG02135,1,*36.ALDY+*10/*36.ALDY+*10,*36+*10/*36+*10,*10+*36/*10+*36,*10+*36/*10+*36,*10+*36/*10+*36,concordant
cohort2_dragen,cohort2,DRAGEN,NA20282,HG02155,1,*10+*36.ALDY+*10/*36.ALDY+*10,*10+*36+*10/*36+*10,*10+*10+*36/*10+*36,*10+*36/*10+*36+*36,*10+*36/*10+*36+*36,discordant
cohort2_dragen,cohort2,DRAGEN,NA20282,HG02178,1,*1+*36.ALDY/*36.ALDY+*10,*1+*36/*36+*10,*1+*36/*10+*36,*10+*36+*36/*1,*1/*10+*36+*36,discordant
cohort2_dragen,cohort2,DRAGEN,NA20282,HG02258,1,*1/*17+*17,*1/*17+*17,*1/*17+*17,*17+*17/*1,*1/*17+*17,concordant
cohort2_dragen,cohort2,DRAGEN,NA20282,HG02300,1,*2/*5,*2/*5,*2/*5,*2/*5,*2/*5,concordant
cohort2_dragen,cohort2,DRAGEN,NA20282,HG02486,1,*2/*29,*2/*29,*2/*29,*2/*29,*2/*29,concordant
cohort2_dragen,cohort2,DRAGEN,NA20282,HG02523,1,*1/*5,*1/*5,*1/*5,*5/*1,*1/*5,concordant
cohort2_dragen,cohort2,DRAGEN,NA20282,HG02559,1,*2/*27,*2/*27,*2/*27,*27/*2,*2/*27,concordant
cohort2_dragen,cohort2,DRAGEN,NA20282,HG02602,1,*2/*5,*2/*5,*2/*5,*2/*5,*2/*5,concordant
cohort2_dragen,cohort2,DRAGEN,NA20282,HG02647,1,*4C+*4C/*17,*4+*4/*17,*4+*4/*17,*4+*4/*17,*4+*4/*17,concordant
cohort2_dragen,cohort2,DRAGEN,NA20282,HG02965,1,*4C+*4C/*17,*4+*4/*17,*4+*4/*17,*17/*4+*4,*4+*4/*17,concordant
cohort2_dragen,cohort2,DRAGEN,NA20282,HG03017,1,*1/*2,*1/*2,*1/*2,*1/*2,*1/*2,concordant
cohort2_dragen,cohort2,DRAGEN,NA20282,HG03139,1,*2+*2/*17,*2+*2/*17,*2+*2/*17,*17/*2+*2,*2+*2/*17,concordant
cohort2_dragen,cohort2,DRAGEN,NA20282,HG03225,1,*5/*56B,*5/*56,*5/*56,*56/*5,*5/*56,concordant
cohort2_dragen,cohort2,DRAGEN,NA20282,HG03239,1,*1/*5,*1/*5,*1/*5,*5/*1,*1/*5,concordant
cohort2_dragen,cohort2,DRAGEN,NA20282,HG03471,1,*29/*162,*29/*162,*29/*162,*162/*29,*29/*162,concordant
cohort2_dragen,cohort2,DRAGEN,NA20282,HG03654,1,*2/*2,*2/*2,*2/*2,*2/*2,*2/*2,concordant
cohort2_dragen,cohort2,DRAGEN,NA20282,HG03834,1,*1+*1/*4,*1+*1/*4,*1+*1/*4,*1+*1/*4,*1+*1/*4,concordant
cohort2_dragen,cohort2,DRAGEN,NA20282,HG04184,1,*10/*41,*10/*41,*10/*41,*10/*41,*10/*41,concordant
cohort2_dragen,cohort2,DRAGEN,NA20282,HG04228,1,*1/*43,*1/*43,*1/*43,*43/*1,*1/*43,concordant
cohort2_dragen,cohort2,DRAGEN,NA20282,HG06807,1,*2/*4C+*4C,*2/*4+*4,*2/*4+*4,*2/*4+*4,*2/*4+*4,concordant
cohort2_dragen,cohort2,DRAGEN,NA20282,NA18522,1,*1/*106,*1/*106,*1/*106,*106/*1,*1/*106,concordant
cohort2_dragen,cohort2,DRAGEN,NA20282,NA18565,1,*10/*36.ALDY+*10,*10/*36+*10,*10/*10+*36,*10+*36/*36,*10+*36/*36,discordant
cohort2_dragen,cohort2,DRAGEN,NA20282,NA18747,1,*1/*36.ALDY+*10,*1/*36+*10,*1/*10+*36,*1/*10+*36,*1/*10+*36,concordant
cohort2_dragen,cohort2,DRAGEN,NA20282,NA18952,1,*2/*2,*2/*2,*2/*2,*2/*2,*2/*2,concordant
cohort2_dragen,cohort2,DRAGEN,NA20282,NA18974,1,*2/*5,*2/*5,*2/*5,*2/*5,*2/*5,concordant
cohort2_dragen,cohort2,DRAGEN,NA20282,NA18976,1,*1/*36.ALDY+*10,*1/*36+*10,*1/*10+*36,*10+*36/*1,*1/*10+*36,concordant
cohort2_dragen,cohort2,DRAGEN,NA20282,NA18983,1,*1/*1,*1/*1,*1/*1,*1/*1,*1/*1,concordant
cohort2_dragen,cohort2,DRAGEN,NA20282,NA19043,1,*1/*1,*1/*1,*1/*1,*1/*1,*1/*1,concordant
cohort2_dragen,cohort2,DRAGEN,NA20282,NA19087,1,*1/*5,*1/*5,*1/*5,*5/*1,*1/*5,concordant
cohort2_dragen,cohort2,DRAGEN,NA20282,NA19776,1,*1/*36.ALDY+*10,*1/*36+*10,*1/*10+*36,*1/*10+*36,*1/*10+*36,concordant
cohort2_dragen,cohort2,DRAGEN,NA20282,NA19909,1,*1/*4C+*4C,*1/*4+*4,*1/*4+*4,*4+*4/*1,*1/*4+*4,concordant
cohort2_dragen,cohort2,DRAGEN,NA20282,NA20752,1,*1/*4,*1/*4,*1/*4,*1/*4,*1/*4,concordant
cohort2_dragen,cohort2,DRAGEN,NA20282,NA20805,1,*35/*68+*4,*35/*68+*4,*4+*68/*35,*35/*4+*68,*4+*68/*35,concordant
cohort2_dragen,cohort2,DRAGEN,NA20282,NA20905,1,*1/*1,*1/*1,*1/*1,*1/*1,*1/*1,concordant
cohort2_dragen,cohort2,DRAGEN,NA20282,NA21102,1,*1/*1,*1/*1,*1/*1,*1/*1,*1/*1,concordant
cohort2_dragen,cohort2,DRAGEN,NA20752,HG00099,1,*1/*5,*1/*5,*1/*5,*1/*5,*1/*5,concordant
cohort2_dragen,cohort2,DRAGEN,NA20752,HG00133,1,*1/*1,*1/*1,*1/*1,*1/*1,*1/*1,concordant
cohort2_dragen,cohort2,DRAGEN,NA20752,HG00232,1,*1+rs769258/*35,*1/*35,*1/*35,*1/*35,*1/*35,concordant
cohort2_dragen,cohort2,DRAGEN,NA20752,HG00253,1,*1/*1,*1/*1,*1/*1,*1/*1,*1/*1,concordant
cohort2_dragen,cohort2,DRAGEN,NA20752,HG00280,1,*2/*41,*2/*41,*2/*41,*2/*41,*2/*41,concordant
cohort2_dragen,cohort2,DRAGEN,NA20752,HG00320,1,*2/*2+*2,*2/*2+*2,*2/*2+*2,*2+*2/*2,*2/*2+*2,concordant
cohort2_dragen,cohort2,DRAGEN,NA20752,HG00350,1,*1/*1,*1/*1,*1/*1,*1/*1,*1/*1,concordant
cohort2_dragen,cohort2,DRAGEN,NA20752,HG00408,1,*10/*36.ALDY+*10,*10/*36+*10,*10/*10+*36,*10+*36/*10,*10/*10+*36,concordant
cohort2_dragen,cohort2,DRAGEN,NA20752,HG00423,1,*10/*10+*10,*10/*10+*10,*10/*10+*10,*10/*10+*10,*10/*10+*10,concordant
cohort2_dragen,cohort2,DRAGEN,NA20752,HG00544,1,*1/*36.ALDY+*10,*1/*36+*10,*1/*10+*36,*1/*10+*36,*1/*10+*36,concordant
cohort2_dragen,cohort2,DRAGEN,NA20752,HG00558,1,*1/*36.ALDY+*10,*1/*36+*10,*1/*10+*36,*10+*36/*1,*1/*10+*36,concordant
cohort2_dragen,cohort2,DRAGEN,NA20752,HG00597,1,*10+*49/*36.ALDY+*10+*83.ALDY,*10+*49/*36+*10+*83,*10+*36+*83/*10+*49,*49/*10+*36+*36+*83,*10+*36+*36+*83/*49,discordant
cohort2_dragen,cohort2,DRAGEN,NA20752,HG00609,1,*36.ALDY+*10+rs1135822/*49,*36+*10/*49,*10+*36/*49,*10+*36/*49,*10+*36/*49,concordant
cohort2_dragen,cohort2,DRAGEN,NA20752,HG00639,1,*1/*1,*1/*1,*1/*1,*1/*1,*1/*1,concordant
cohort2_dragen,cohort2,DRAGEN,NA20752,HG00658,1,*10+*36.ALDY+*10/*36.ALDY+*10,*10+*36+*10/*36+*10,*10+*10+*36/*10+*36,*10+*36/*10+*36+*36,*10+*36/*10+*36+*36,discordant
cohort2_dragen,cohort2,DRAGEN,NA20752,HG01123,1,*1/*2,*1/*2,*1/*2,*2/*1,*1/*2,concordant
cohort2_dragen,cohort2,DRAGEN,NA20752,HG01167,1,*1/*41,*1/*41,*1/*41,*41/*1,*1/*41,concordant
cohort2_dragen,cohort2,DRAGEN,NA20752,HG01192,1,*5/*41,*5/*41,*5/*41,*41/*5,*5/*41,concordant
cohort2_dragen,cohort2,DRAGEN,NA20752,HG01261,1,*1/*5,*1/*5,*1/*5,*1/*5,*1/*5,concordant
cohort2_dragen,cohort2,DRAGEN,NA20752,HG01496,1,*2/*43+*43,*2/*43+*43,*2/*43+*43,*2/*43+*43,*2/*43+*43,concordant
cohort2_dragen,cohort2,DRAGEN,NA20752,HG01530,1,*2/*10,*2/*10,*2/*10,*2/*10,*2/*10,concordant
cohort2_dragen,cohort2,DRAGEN,NA20752,HG01784,1,*1/*68+*4,*1/*68+*4,*1/*4+*68,*4+*68/*1,*1/*4+*68,concordant
cohort2_dragen,cohort2,DRAGEN,NA20752,HG01884,1,*1/*2,*1/*2,*1/*2,*1/*2,*1/*2,concordant
cohort2_dragen,cohort2,DRAGEN,NA20752,HG01940,1,*1/*1,*1/*1,*1/*1,*1/*1,*1/*1,concordant
cohort2_dragen,cohort2,DRAGEN,NA20752,HG01969,1,*1/*2,*1/*2,*1/*2,*1/*2,*1/*2,concordant
cohort2_dragen,cohort2,DRAGEN,NA20752,HG01975,1,*1/*1,*1/*1,*1/*1,*1/*1,*1/*1,concordant
cohort2_dragen,cohort2,DRAGEN,NA20752,HG02015,1,*10/*36.ALDY+*10,*10/*36+*10,*10/*10+*36,*10/*10+*36,*10/*10+*36,concordant
cohort2_dragen,cohort2,DRAGEN,NA20752,HG02027,1,*14/*36.ALDY+*10,*14/*36+*10,*10+*36/*14,*10+*36/*14,*10+*36/*14,concordant
cohort2_dragen,cohort2,DRAGEN,NA20752,HG02040,1,*36.ALDY+*10/*36.ALDY+*10,*36+*10/*36+*10,*10+*36/*10+*36,*10+*36/*10+*36,*10+*36/*10+*36,concordant
cohort2_dragen,cohort2,DRAGEN,NA20752,HG02056,1,*36.ALDY+*10/*36.ALDY+*10,*36+*10/*36+*10,*10+*36/*10+*36,*10+*36/*10+*36,*10+*36/*10+*36,concordant
cohort2_dragen,cohort2,DRAGEN,NA20752,HG02071,1,*2/*36.ALDY+*10,*2/*36+*10,*2/*10+*36,*10+*36/*2,*2/*10+*36,concordant
cohort2_dragen,cohort2,DRAGEN,NA20752,HG02074,1,*36.ALDY+*10/*36.ALDY+*10,*36+*10/*36+*10,*10+*36/*10+*36,*10+*36/*10+*36,*10+*36/*10+*36,concordant
cohort2_dragen,cohort2,DRAGEN,NA20752,HG02083,1,*10+*36.ALDY+*10/*36.ALDY+*10,*10+*36+*10/*36+*10,*10+*10+*36/*10+*36,*10+*36+*36/*10+*36,*10+*36/*10+*36+*36,discordant
cohort2_dragen,cohort2,DRAGEN,NA20752,HG02129,1,*1/*36.ALDY+*10,*1/*36+*10,*1/*10+*36,*1/*10+*36,*1/*10+*36,concordant
cohort2_dragen,cohort2,DRAGEN,NA20752,HG02132,1,*36.ALDY+*10/*36.ALDY+*10,*36+*10/*36+*10,*10+*36/*10+*36,*10+*36/*10+*36,*10+*36/*10+*36,concordant
cohort2_dragen,cohort2,DRAGEN,NA20752,HG02135,1,*36.ALDY+*10/*36.ALDY+*10,*36+*10/*36+*10,*10+*36/*10+*36,*10+*36/*10+*36,*10+*36/*10+*36,concordant
cohort2_dragen,cohort2,DRAGEN,NA20752,HG02155,1,*10+*36.ALDY+*10/*36.ALDY+*10,*10+*36+*10/*36+*10,*10+*10+*36/*10+*36,*10+*36/*10+*36+*36,*10+*36/*10+*36+*36,discordant
cohort2_dragen,cohort2,DRAGEN,NA20752,HG02178,1,*1+*36.ALDY/*36.ALDY+*10,*1+*36/*36+*10,*1+*36/*10+*36,*10+*36+*36/*1,*1/*10+*36+*36,discordant
cohort2_dragen,cohort2,DRAGEN,NA20752,HG02258,1,*1/*17+*17,*1/*17+*17,*1/*17+*17,*17+*17/*1,*1/*17+*17,concordant
cohort2_dragen,cohort2,DRAGEN,NA20752,HG02300,1,*2/*5,*2/*5,*2/*5,*2/*5,*2/*5,concordant
cohort2_dragen,cohort2,DRAGEN,NA20752,HG02486,1,*2/*29,*2/*29,*2/*29,*2/*29,*2/*29,concordant
cohort2_dragen,cohort2,DRAGEN,NA20752,HG02523,1,*1/*5,*1/*5,*1/*5,*5/*1,*1/*5,concordant
cohort2_dragen,cohort2,DRAGEN,NA20752,HG02559,1,*2/*27,*2/*27,*2/*27,*27/*2,*2/*27,concordant
cohort2_dragen,cohort2,DRAGEN,NA20752,HG02602,1,*2/*5,*2/*5,*2/*5,*2/*5,*2/*5,concordant
cohort2_dragen,cohort2,DRAGEN,NA20752,HG02647,1,*4C+*4C/*17,*4+*4/*17,*4+*4/*17,*4+*4/*17,*4+*4/*17,concordant
cohort2_dragen,cohort2,DRAGEN,NA20752,HG02965,1,*4C+*4C/*17,*4+*4/*17,*4+*4/*17,*17/*4+*4,*4+*4/*17,concordant
cohort2_dragen,cohort2,DRAGEN,NA20752,HG03017,1,*1/*2,*1/*2,*1/*2,*1/*2,*1/*2,concordant
cohort2_dragen,cohort2,DRAGEN,NA20752,HG03139,1,*2+*2/*17,*2+*2/*17,*2+*2/*17,*17/*2+*2,*2+*2/*17,concordant
cohort2_dragen,cohort2,DRAGEN,NA20752,HG03225,1,*5/*56B,*5/*56,*5/*56,*56/*5,*5/*56,concordant
cohort2_dragen,cohort2,DRAGEN,NA20752,HG03239,1,*1/*5,*1/*5,*1/*5,*5/*1,*1/*5,concordant
cohort2_dragen,cohort2,DRAGEN,NA20752,HG03471,1,*29/*162,*29/*162,*29/*162,*162/*29,*29/*162,concordant
cohort2_dragen,cohort2,DRAGEN,NA20752,HG03654,1,*2/*2,*2/*2,*2/*2,*2/*2,*2/*2,concordant
cohort2_dragen,cohort2,DRAGEN,NA20752,HG03834,1,*1+*1/*4,*1+*1/*4,*1+*1/*4,*1+*1/*4,*1+*1/*4,concordant
cohort2_dragen,cohort2,DRAGEN,NA20752,HG04184,1,*10/*41,*10/*41,*10/*41,*10/*41,*10/*41,concordant
cohort2_dragen,cohort2,DRAGEN,NA20752,HG04228,1,*1/*43,*1/*43,*1/*43,*43/*1,*1/*43,concordant
cohort2_dragen,cohort2,DRAGEN,NA20752,HG06807,1,*2/*4C+*4C,*2/*4+*4,*2/*4+*4,*2/*4+*4,*2/*4+*4,concordant
cohort2_dragen,cohort2,DRAGEN,NA20752,NA18522,1,*1/*106,*1/*106,*1/*106,*106/*1,*1/*106,concordant
cohort2_dragen,cohort2,DRAGEN,NA20752,NA18565,1,*10/*36.ALDY+*10,*10/*36+*10,*10/*10+*36,*10+*36/*36,*10+*36/*36,discordant
cohort2_dragen,cohort2,DRAGEN,NA20752,NA18747,1,*1/*36.ALDY+*10,*1/*36+*10,*1/*10+*36,*1/*10+*36,*1/*10+*36,concordant
cohort2_dragen,cohort2,DRAGEN,NA20752,NA18952,1,*2/*2,*2/*2,*2/*2,*2/*2,*2/*2,concordant
cohort2_dragen,cohort2,DRAGEN,NA20752,NA18974,1,*2/*5,*2/*5,*2/*5,*2/*5,*2/*5,concordant
cohort2_dragen,cohort2,DRAGEN,NA20752,NA18976,1,*1/*36.ALDY+*10,*1/*36+*10,*1/*10+*36,*10+*36/*1,*1/*10+*36,concordant
cohort2_dragen,cohort2,DRAGEN,NA20752,NA18983,1,*1/*1,*1/*1,*1/*1,*1/*1,*1/*1,concordant
cohort2_dragen,cohort2,DRAGEN,NA20752,NA19043,1,*1/*1,*1/*1,*1/*1,*1/*1,*1/*1,concordant
cohort2_dragen,cohort2,DRAGEN,NA20752,NA19087,1,*1/*5,*1/*5,*1/*5,*5/*1,*1/*5,concordant
cohort2_dragen,cohort2,DRAGEN,NA20752,NA19776,1,*1/*36.ALDY+*10,*1/*36+*10,*1/*10+*36,*1/*10+*36,*1/*10+*36,concordant
cohort2_dragen,cohort2,DRAGEN,NA20752,NA19909,1,*1/*4C+*4C,*1/*4+*4,*1/*4+*4,*4+*4/*1,*1/*4+*4,concordant
cohort2_dragen,cohort2,DRAGEN,NA20752,NA20282,1,*2/*4,*2/*4,*2/*4,*2/*4,*2/*4,concordant
cohort2_dragen,cohort2,DRAGEN,NA20752,NA20805,1,*35/*68+*4,*35/*68+*4,*4+*68/*35,*35/*4+*68,*4+*68/*35,concordant
cohort2_dragen,cohort2,DRAGEN,NA20752,NA20905,1,*1/*1,*1/*1,*1/*1,*1/*1,*1/*1,concordant
cohort2_dragen,cohort2,DRAGEN,NA20752,NA21102,1,*1/*1,*1/*1,*1/*1,*1/*1,*1/*1,concordant
cohort2_dragen,cohort2,DRAGEN,NA20905,HG00099,1,*1/*5,*1/*5,*1/*5,*1/*5,*1/*5,concordant
cohort2_dragen,cohort2,DRAGEN,NA20905,HG00133,1,*1/*1,*1/*1,*1/*1,*1/*1,*1/*1,concordant
cohort2_dragen,cohort2,DRAGEN,NA20905,HG00232,1,*1+rs769258/*35,*1/*35,*1/*35,*1/*35,*1/*35,concordant
cohort2_dragen,cohort2,DRAGEN,NA20905,HG00253,1,*1/*1,*1/*1,*1/*1,*1/*1,*1/*1,concordant
cohort2_dragen,cohort2,DRAGEN,NA20905,HG00280,1,*2/*41,*2/*41,*2/*41,*2/*41,*2/*41,concordant
cohort2_dragen,cohort2,DRAGEN,NA20905,HG00320,1,*2/*2+*2,*2/*2+*2,*2/*2+*2,*2+*2/*2,*2/*2+*2,concordant
cohort2_dragen,cohort2,DRAGEN,NA20905,HG00350,1,*1/*1,*1/*1,*1/*1,*1/*1,*1/*1,concordant
cohort2_dragen,cohort2,DRAGEN,NA20905,HG00408,1,*10/*36.ALDY+*10,*10/*36+*10,*10/*10+*36,*10+*36/*10,*10/*10+*36,concordant
cohort2_dragen,cohort2,DRAGEN,NA20905,HG00423,1,*10/*10+*10,*10/*10+*10,*10/*10+*10,*10/*10+*10,*10/*10+*10,concordant
cohort2_dragen,cohort2,DRAGEN,NA20905,HG00544,1,*1/*36.ALDY+*10,*1/*36+*10,*1/*10+*36,*1/*10+*36,*1/*10+*36,concordant
cohort2_dragen,cohort2,DRAGEN,NA20905,HG00558,1,*1/*36.ALDY+*10,*1/*36+*10,*1/*10+*36,*10+*36/*1,*1/*10+*36,concordant
cohort2_dragen,cohort2,DRAGEN,NA20905,HG00597,1,*10+*49/*36.ALDY+*10+*83.ALDY,*10+*49/*36+*10+*83,*10+*36+*83/*10+*49,*49/*10+*36+*36+*83,*10+*36+*36+*83/*49,discordant
cohort2_dragen,cohort2,DRAGEN,NA20905,HG00609,1,*36.ALDY+*10+rs1135822/*49,*36+*10/*49,*10+*36/*49,*10+*36/*49,*10+*36/*49,concordant
cohort2_dragen,cohort2,DRAGEN,NA20905,HG00639,1,*1/*1,*1/*1,*1/*1,*1/*1,*1/*1,concordant
cohort2_dragen,cohort2,DRAGEN,NA20905,HG00658,1,*10+*36.ALDY+*10/*36.ALDY+*10,*10+*36+*10/*36+*10,*10+*10+*36/*10+*36,*10+*36/*10+*36+*36,*10+*36/*10+*36+*36,discordant
cohort2_dragen,cohort2,DRAGEN,NA20905,HG01123,1,*1/*2,*1/*2,*1/*2,*2/*1,*1/*2,concordant
cohort2_dragen,cohort2,DRAGEN,NA20905,HG01167,1,*1/*41,*1/*41,*1/*41,*41/*1,*1/*41,concordant
cohort2_dragen,cohort2,DRAGEN,NA20905,HG01192,1,*5/*41,*5/*41,*5/*41,*41/*5,*5/*41,concordant
cohort2_dragen,cohort2,DRAGEN,NA20905,HG01261,1,*1/*5,*1/*5,*1/*5,*1/*5,*1/*5,concordant
cohort2_dragen,cohort2,DRAGEN,NA20905,HG01496,1,*2/*43+*43,*2/*43+*43,*2/*43+*43,*2/*43+*43,*2/*43+*43,concordant
cohort2_dragen,cohort2,DRAGEN,NA20905,HG01530,1,*2/*10,*2/*10,*2/*10,*2/*10,*2/*10,concordant
cohort2_dragen,cohort2,DRAGEN,NA20905,HG01784,1,*1/*68+*4,*1/*68+*4,*1/*4+*68,*4+*68/*1,*1/*4+*68,concordant
cohort2_dragen,cohort2,DRAGEN,NA20905,HG01884,1,*1/*2,*1/*2,*1/*2,*1/*2,*1/*2,concordant
cohort2_dragen,cohort2,DRAGEN,NA20905,HG01940,1,*1/*1,*1/*1,*1/*1,*1/*1,*1/*1,concordant
cohort2_dragen,cohort2,DRAGEN,NA20905,HG01969,1,*1/*2,*1/*2,*1/*2,*1/*2,*1/*2,concordant
cohort2_dragen,cohort2,DRAGEN,NA20905,HG01975,1,*1/*1,*1/*1,*1/*1,*1/*1,*1/*1,concordant
cohort2_dragen,cohort2,DRAGEN,NA20905,HG02015,1,*10/*36.ALDY+*10,*10/*36+*10,*10/*10+*36,*10/*10+*36,*10/*10+*36,concordant
cohort2_dragen,cohort2,DRAGEN,NA20905,HG02027,1,*14/*36.ALDY+*10,*14/*36+*10,*10+*36/*14,*10+*36/*14,*10+*36/*14,concordant
cohort2_dragen,cohort2,DRAGEN,NA20905,HG02040,1,*36.ALDY+*10/*36.ALDY+*10,*36+*10/*36+*10,*10+*36/*10+*36,*10+*36/*10+*36,*10+*36/*10+*36,concordant
cohort2_dragen,cohort2,DRAGEN,NA20905,HG02056,1,*36.ALDY+*10/*36.ALDY+*10,*36+*10/*36+*10,*10+*36/*10+*36,*10+*36/*10+*36,*10+*36/*10+*36,concordant
cohort2_dragen,cohort2,DRAGEN,NA20905,HG02071,1,*2/*36.ALDY+*10,*2/*36+*10,*2/*10+*36,*10+*36/*2,*2/*10+*36,concordant
cohort2_dragen,cohort2,DRAGEN,NA20905,HG02074,1,*36.ALDY+*10/*36.ALDY+*10,*36+*10/*36+*10,*10+*36/*10+*36,*10+*36/*10+*36,*10+*36/*10+*36,concordant
cohort2_dragen,cohort2,DRAGEN,NA20905,HG02083,1,*10+*36.ALDY+*10/*36.ALDY+*10,*10+*36+*10/*36+*10,*10+*10+*36/*10+*36,*10+*36+*36/*10+*36,*10+*36/*10+*36+*36,discordant
cohort2_dragen,cohort2,DRAGEN,NA20905,HG02129,1,*1/*36.ALDY+*10,*1/*36+*10,*1/*10+*36,*1/*10+*36,*1/*10+*36,concordant
cohort2_dragen,cohort2,DRAGEN,NA20905,HG02132,1,*36.ALDY+*10/*36.ALDY+*10,*36+*10/*36+*10,*10+*36/*10+*36,*10+*36/*10+*36,*10+*36/*10+*36,concordant
cohort2_dragen,cohort2,DRAGEN,NA20905,HG02135,1,*36.ALDY+*10/*36.ALDY+*10,*36+*10/*36+*10,*10+*36/*10+*36,*10+*36/*10+*36,*10+*36/*10+*36,concordant
cohort2_dragen,cohort2,DRAGEN,NA20905,HG02155,1,*10+*36.ALDY+*10/*36.ALDY+*10,*10+*36+*10/*36+*10,*10+*10+*36/*10+*36,*10+*36/*10+*36+*36,*10+*36/*10+*36+*36,discordant
cohort2_dragen,cohort2,DRAGEN,NA20905,HG02178,1,*1+*36.ALDY/*36.ALDY+*10,*1+*36/*36+*10,*1+*36/*10+*36,*10+*36+*36/*1,*1/*10+*36+*36,discordant
cohort2_dragen,cohort2,DRAGEN,NA20905,HG02258,1,*1/*17+*17,*1/*17+*17,*1/*17+*17,*17+*17/*1,*1/*17+*17,concordant
cohort2_dragen,cohort2,DRAGEN,NA20905,HG02300,1,*2/*5,*2/*5,*2/*5,*2/*5,*2/*5,concordant
cohort2_dragen,cohort2,DRAGEN,NA20905,HG02486,1,*2/*29,*2/*29,*2/*29,*2/*29,*2/*29,concordant
cohort2_dragen,cohort2,DRAGEN,NA20905,HG02523,1,*1/*5,*1/*5,*1/*5,*5/*1,*1/*5,concordant
cohort2_dragen,cohort2,DRAGEN,NA20905,HG02559,1,*2/*27,*2/*27,*2/*27,*27/*2,*2/*27,concordant
cohort2_dragen,cohort2,DRAGEN,NA20905,HG02602,1,*2/*5,*2/*5,*2/*5,*2/*5,*2/*5,concordant
cohort2_dragen,cohort2,DRAGEN,NA20905,HG02647,1,*4C+*4C/*17,*4+*4/*17,*4+*4/*17,*4+*4/*17,*4+*4/*17,concordant
cohort2_dragen,cohort2,DRAGEN,NA20905,HG02965,1,*4C+*4C/*17,*4+*4/*17,*4+*4/*17,*17/*4+*4,*4+*4/*17,concordant
cohort2_dragen,cohort2,DRAGEN,NA20905,HG03017,1,*1/*2,*1/*2,*1/*2,*1/*2,*1/*2,concordant
cohort2_dragen,cohort2,DRAGEN,NA20905,HG03139,1,*2+*2/*17,*2+*2/*17,*2+*2/*17,*17/*2+*2,*2+*2/*17,concordant
cohort2_dragen,cohort2,DRAGEN,NA20905,HG03225,1,*5/*56B,*5/*56,*5/*56,*56/*5,*5/*56,concordant
cohort2_dragen,cohort2,DRAGEN,NA20905,HG03239,1,*1/*5,*1/*5,*1/*5,*5/*1,*1/*5,concordant
cohort2_dragen,cohort2,DRAGEN,NA20905,HG03471,1,*29/*162,*29/*162,*29/*162,*162/*29,*29/*162,concordant
cohort2_dragen,cohort2,DRAGEN,NA20905,HG03654,1,*2/*2,*2/*2,*2/*2,*2/*2,*2/*2,concordant
cohort2_dragen,cohort2,DRAGEN,NA20905,HG03834,1,*1+*1/*4,*1+*1/*4,*1+*1/*4,*1+*1/*4,*1+*1/*4,concordant
cohort2_dragen,cohort2,DRAGEN,NA20905,HG04184,1,*10/*41,*10/*41,*10/*41,*10/*41,*10/*41,concordant
cohort2_dragen,cohort2,DRAGEN,NA20905,HG04228,1,*1/*43,*1/*43,*1/*43,*43/*1,*1/*43,concordant
cohort2_dragen,cohort2,DRAGEN,NA20905,HG06807,1,*2/*4C+*4C,*2/*4+*4,*2/*4+*4,*2/*4+*4,*2/*4+*4,concordant
cohort2_dragen,cohort2,DRAGEN,NA20905,NA18522,1,*1/*106,*1/*106,*1/*106,*106/*1,*1/*106,concordant
cohort2_dragen,cohort2,DRAGEN,NA20905,NA18565,1,*10/*36.ALDY+*10,*10/*36+*10,*10/*10+*36,*10+*36/*36,*10+*36/*36,discordant
cohort2_dragen,cohort2,DRAGEN,NA20905,NA18747,1,*1/*36.ALDY+*10,*1/*36+*10,*1/*10+*36,*1/*10+*36,*1/*10+*36,concordant
cohort2_dragen,cohort2,DRAGEN,NA20905,NA18952,1,*2/*2,*2/*2,*2/*2,*2/*2,*2/*2,concordant
cohort2_dragen,cohort2,DRAGEN,NA20905,NA18974,1,*2/*5,*2/*5,*2/*5,*2/*5,*2/*5,concordant
cohort2_dragen,cohort2,DRAGEN,NA20905,NA18976,1,*1/*36.ALDY+*10,*1/*36+*10,*1/*10+*36,*10+*36/*1,*1/*10+*36,concordant
cohort2_dragen,cohort2,DRAGEN,NA20905,NA18983,1,*1/*1,*1/*1,*1/*1,*1/*1,*1/*1,concordant
cohort2_dragen,cohort2,DRAGEN,NA20905,NA19043,1,*1/*1,*1/*1,*1/*1,*1/*1,*1/*1,concordant
cohort2_dragen,cohort2,DRAGEN,NA20905,NA19087,1,*1/*5,*1/*5,*1/*5,*5/*1,*1/*5,concordant
cohort2_dragen,cohort2,DRAGEN,NA20905,NA19776,1,*1/*36.ALDY+*10,*1/*36+*10,*1/*10+*36,*1/*10+*36,*1/*10+*36,concordant
cohort2_dragen,cohort2,DRAGEN,NA20905,NA19909,1,*1/*4C+*4C,*1/*4+*4,*1/*4+*4,*4+*4/*1,*1/*4+*4,concordant
cohort2_dragen,cohort2,DRAGEN,NA20905,NA20282,1,*2/*4,*2/*4,*2/*4,*2/*4,*2/*4,concordant
cohort2_dragen,cohort2,DRAGEN,NA20905,NA20752,1,*1/*4,*1/*4,*1/*4,*1/*4,*1/*4,concordant
cohort2_dragen,cohort2,DRAGEN,NA20905,NA20805,1,*35/*68+*4,*35/*68+*4,*4+*68/*35,*35/*4+*68,*4+*68/*35,concordant
cohort2_dragen,cohort2,DRAGEN,NA20905,NA21102,1,*1/*1,*1/*1,*1/*1,*1/*1,*1/*1,concordant
cohort2_dragen,cohort2,DRAGEN,NA21102,HG00099,1,*1/*5,*1/*5,*1/*5,*1/*5,*1/*5,concordant
cohort2_dragen,cohort2,DRAGEN,NA21102,HG00133,1,*1/*1,*1/*1,*1/*1,*1/*1,*1/*1,concordant
cohort2_dragen,cohort2,DRAGEN,NA21102,HG00232,1,*1+rs769258/*35,*1/*35,*1/*35,*1/*35,*1/*35,concordant
cohort2_dragen,cohort2,DRAGEN,NA21102,HG00253,1,*1/*1,*1/*1,*1/*1,*1/*1,*1/*1,concordant
cohort2_dragen,cohort2,DRAGEN,NA21102,HG00280,1,*2/*41,*2/*41,*2/*41,*2/*41,*2/*41,concordant
cohort2_dragen,cohort2,DRAGEN,NA21102,HG00320,1,*2/*2+*2,*2/*2+*2,*2/*2+*2,*2+*2/*2,*2/*2+*2,concordant
cohort2_dragen,cohort2,DRAGEN,NA21102,HG00350,1,*1/*1,*1/*1,*1/*1,*1/*1,*1/*1,concordant
cohort2_dragen,cohort2,DRAGEN,NA21102,HG00408,1,*10/*36.ALDY+*10,*10/*36+*10,*10/*10+*36,*10+*36/*10,*10/*10+*36,concordant
cohort2_dragen,cohort2,DRAGEN,NA21102,HG00423,1,*10/*10+*10,*10/*10+*10,*10/*10+*10,*10/*10+*10,*10/*10+*10,concordant
cohort2_dragen,cohort2,DRAGEN,NA21102,HG00544,1,*1/*36.ALDY+*10,*1/*36+*10,*1/*10+*36,*1/*10+*36,*1/*10+*36,concordant
cohort2_dragen,cohort2,DRAGEN,NA21102,HG00558,1,*1/*36.ALDY+*10,*1/*36+*10,*1/*10+*36,*10+*36/*1,*1/*10+*36,concordant
cohort2_dragen,cohort2,DRAGEN,NA21102,HG00597,1,*10+*49/*36.ALDY+*10+*83.ALDY,*10+*49/*36+*10+*83,*10+*36+*83/*10+*49,*49/*10+*36+*36+*83,*10+*36+*36+*83/*49,discordant
cohort2_dragen,cohort2,DRAGEN,NA21102,HG00609,1,*36.ALDY+*10+rs1135822/*49,*36+*10/*49,*10+*36/*49,*10+*36/*49,*10+*36/*49,concordant
cohort2_dragen,cohort2,DRAGEN,NA21102,HG00639,1,*1/*1,*1/*1,*1/*1,*1/*1,*1/*1,concordant
cohort2_dragen,cohort2,DRAGEN,NA21102,HG00658,1,*10+*36.ALDY+*10/*36.ALDY+*10,*10+*36+*10/*36+*10,*10+*10+*36/*10+*36,*10+*36/*10+*36+*36,*10+*36/*10+*36+*36,discordant
cohort2_dragen,cohort2,DRAGEN,NA21102,HG01123,1,*1/*2,*1/*2,*1/*2,*2/*1,*1/*2,concordant
cohort2_dragen,cohort2,DRAGEN,NA21102,HG01167,1,*1/*41,*1/*41,*1/*41,*41/*1,*1/*41,concordant
cohort2_dragen,cohort2,DRAGEN,NA21102,HG01192,1,*5/*41,*5/*41,*5/*41,*41/*5,*5/*41,concordant
cohort2_dragen,cohort2,DRAGEN,NA21102,HG01261,1,*1/*5,*1/*5,*1/*5,*1/*5,*1/*5,concordant
cohort2_dragen,cohort2,DRAGEN,NA21102,HG01496,1,*2/*43+*43,*2/*43+*43,*2/*43+*43,*2/*43+*43,*2/*43+*43,concordant
cohort2_dragen,cohort2,DRAGEN,NA21102,HG01530,1,*2/*10,*2/*10,*2/*10,*2/*10,*2/*10,concordant
cohort2_dragen,cohort2,DRAGEN,NA21102,HG01784,1,*1/*68+*4,*1/*68+*4,*1/*4+*68,*4+*68/*1,*1/*4+*68,concordant
cohort2_dragen,cohort2,DRAGEN,NA21102,HG01884,1,*1/*2,*1/*2,*1/*2,*1/*2,*1/*2,concordant
cohort2_dragen,cohort2,DRAGEN,NA21102,HG01940,1,*1/*1,*1/*1,*1/*1,*1/*1,*1/*1,concordant
cohort2_dragen,cohort2,DRAGEN,NA21102,HG01969,1,*1/*2,*1/*2,*1/*2,*1/*2,*1/*2,concordant
cohort2_dragen,cohort2,DRAGEN,NA21102,HG01975,1,*1/*1,*1/*1,*1/*1,*1/*1,*1/*1,concordant
cohort2_dragen,cohort2,DRAGEN,NA21102,HG02015,1,*10/*36.ALDY+*10,*10/*36+*10,*10/*10+*36,*10/*10+*36,*10/*10+*36,concordant
cohort2_dragen,cohort2,DRAGEN,NA21102,HG02027,1,*14/*36.ALDY+*10,*14/*36+*10,*10+*36/*14,*10+*36/*14,*10+*36/*14,concordant
cohort2_dragen,cohort2,DRAGEN,NA21102,HG02040,1,*36.ALDY+*10/*36.ALDY+*10,*36+*10/*36+*10,*10+*36/*10+*36,*10+*36/*10+*36,*10+*36/*10+*36,concordant
cohort2_dragen,cohort2,DRAGEN,NA21102,HG02056,1,*36.ALDY+*10/*36.ALDY+*10,*36+*10/*36+*10,*10+*36/*10+*36,*10+*36/*10+*36,*10+*36/*10+*36,concordant
cohort2_dragen,cohort2,DRAGEN,NA21102,HG02071,1,*2/*36.ALDY+*10,*2/*36+*10,*2/*10+*36,*10+*36/*2,*2/*10+*36,concordant
cohort2_dragen,cohort2,DRAGEN,NA21102,HG02074,1,*36.ALDY+*10/*36.ALDY+*10,*36+*10/*36+*10,*10+*36/*10+*36,*10+*36/*10+*36,*10+*36/*10+*36,concordant
cohort2_dragen,cohort2,DRAGEN,NA21102,HG02083,1,*10+*36.ALDY+*10/*36.ALDY+*10,*10+*36+*10/*36+*10,*10+*10+*36/*10+*36,*10+*36+*36/*10+*36,*10+*36/*10+*36+*36,discordant
cohort2_dragen,cohort2,DRAGEN,NA21102,HG02129,1,*1/*36.ALDY+*10,*1/*36+*10,*1/*10+*36,*1/*10+*36,*1/*10+*36,concordant
cohort2_dragen,cohort2,DRAGEN,NA21102,HG02132,1,*36.ALDY+*10/*36.ALDY+*10,*36+*10/*36+*10,*10+*36/*10+*36,*10+*36/*10+*36,*10+*36/*10+*36,concordant
cohort2_dragen,cohort2,DRAGEN,NA21102,HG02135,1,*36.ALDY+*10/*36.ALDY+*10,*36+*10/*36+*10,*10+*36/*10+*36,*10+*36/*10+*36,*10+*36/*10+*36,concordant
cohort2_dragen,cohort2,DRAGEN,NA21102,HG02155,1,*10+*36.ALDY+*10/*36.ALDY+*10,*10+*36+*10/*36+*10,*10+*10+*36/*10+*36,*10+*36/*10+*36+*36,*10+*36/*10+*36+*36,discordant
cohort2_dragen,cohort2,DRAGEN,NA21102,HG02178,1,*1+*36.ALDY/*36.ALDY+*10,*1+*36/*36+*10,*1+*36/*10+*36,*10+*36+*36/*1,*1/*10+*36+*36,discordant
cohort2_dragen,cohort2,DRAGEN,NA21102,HG02258,1,*1/*17+*17,*1/*17+*17,*1/*17+*17,*17+*17/*1,*1/*17+*17,concordant
cohort2_dragen,cohort2,DRAGEN,NA21102,HG02300,1,*2/*5,*2/*5,*2/*5,*2/*5,*2/*5,concordant
cohort2_dragen,cohort2,DRAGEN,NA21102,HG02486,1,*2/*29,*2/*29,*2/*29,*2/*29,*2/*29,concordant
cohort2_dragen,cohort2,DRAGEN,NA21102,HG02523,1,*1/*5,*1/*5,*1/*5,*5/*1,*1/*5,concordant
cohort2_dragen,cohort2,DRAGEN,NA21102,HG02559,1,*2/*27,*2/*27,*2/*27,*27/*2,*2/*27,concordant
cohort2_dragen,cohort2,DRAGEN,NA21102,HG02602,1,*2/*5,*2/*5,*2/*5,*2/*5,*2/*5,concordant
cohort2_dragen,cohort2,DRAGEN,NA21102,HG02647,1,*4C+*4C/*17,*4+*4/*17,*4+*4/*17,*4+*4/*17,*4+*4/*17,concordant
cohort2_dragen,cohort2,DRAGEN,NA21102,HG02965,1,*4C+*4C/*17,*4+*4/*17,*4+*4/*17,*17/*4+*4,*4+*4/*17,concordant
cohort2_dragen,cohort2,DRAGEN,NA21102,HG03017,1,*1/*2,*1/*2,*1/*2,*1/*2,*1/*2,concordant
cohort2_dragen,cohort2,DRAGEN,NA21102,HG03139,1,*2+*2/*17,*2+*2/*17,*2+*2/*17,*17/*2+*2,*2+*2/*17,concordant
cohort2_dragen,cohort2,DRAGEN,NA21102,HG03225,1,*5/*56B,*5/*56,*5/*56,*56/*5,*5/*56,concordant
cohort2_dragen,cohort2,DRAGEN,NA21102,HG03239,1,*1/*5,*1/*5,*1/*5,*5/*1,*1/*5,concordant
cohort2_dragen,cohort2,DRAGEN,NA21102,HG03471,1,*29/*162,*29/*162,*29/*162,*162/*29,*29/*162,concordant
cohort2_dragen,cohort2,DRAGEN,NA21102,HG03654,1,*2/*2,*2/*2,*2/*2,*2/*2,*2/*2,concordant
cohort2_dragen,cohort2,DRAGEN,NA21102,HG03834,1,*1+*1/*4,*1+*1/*4,*1+*1/*4,*1+*1/*4,*1+*1/*4,concordant
cohort2_dragen,cohort2,DRAGEN,NA21102,HG04184,1,*10/*41,*10/*41,*10/*41,*10/*41,*10/*41,concordant
cohort2_dragen,cohort2,DRAGEN,NA21102,HG04228,1,*1/*43,*1/*43,*1/*43,*43/*1,*1/*43,concordant
cohort2_dragen,cohort2,DRAGEN,NA21102,HG06807,1,*2/*4C+*4C,*2/*4+*4,*2/*4+*4,*2/*4+*4,*2/*4+*4,concordant
cohort2_dragen,cohort2,DRAGEN,NA21102,NA18522,1,*1/*106,*1/*106,*1/*106,*106/*1,*1/*106,concordant
cohort2_dragen,cohort2,DRAGEN,NA21102,NA18565,1,*36.ALDY/*36.ALDY+*10,*36/*36+*10,*10+*36/*36,*10+*36/*36,*10+*36/*36,concordant
cohort2_dragen,cohort2,DRAGEN,NA21102,NA18747,1,*1/*36.ALDY+*10,*1/*36+*10,*1/*10+*36,*1/*10+*36,*1/*10+*36,concordant
cohort2_dragen,cohort2,DRAGEN,NA21102,NA18952,1,*2/*2,*2/*2,*2/*2,*2/*2,*2/*2,concordant
cohort2_dragen,cohort2,DRAGEN,NA21102,NA18974,1,*2/*5,*2/*5,*2/*5,*2/*5,*2/*5,concordant
cohort2_dragen,cohort2,DRAGEN,NA21102,NA18976,1,*1/*36.ALDY+*10,*1/*36+*10,*1/*10+*36,*10+*36/*1,*1/*10+*36,concordant
cohort2_dragen,cohort2,DRAGEN,NA21102,NA18983,1,*1/*1,*1/*1,*1/*1,*1/*1,*1/*1,concordant
cohort2_dragen,cohort2,DRAGEN,NA21102,NA19043,1,*1/*1,*1/*1,*1/*1,*1/*1,*1/*1,concordant
cohort2_dragen,cohort2,DRAGEN,NA21102,NA19087,1,*1/*5,*1/*5,*1/*5,*5/*1,*1/*5,concordant
cohort2_dragen,cohort2,DRAGEN,NA21102,NA19776,1,*1/*36.ALDY+*10,*1/*36+*10,*1/*10+*36,*1/*10+*36,*1/*10+*36,concordant
cohort2_dragen,cohort2,DRAGEN,NA21102,NA19909,1,*1/*4C+*4C,*1/*4+*4,*1/*4+*4,*4+*4/*1,*1/*4+*4,concordant
cohort2_dragen,cohort2,DRAGEN,NA21102,NA20282,1,*2/*4,*2/*4,*2/*4,*2/*4,*2/*4,concordant
cohort2_dragen,cohort2,DRAGEN,NA21102,NA20752,1,*1/*4,*1/*4,*1/*4,*1/*4,*1/*4,concordant
cohort2_dragen,cohort2,DRAGEN,NA21102,NA20805,1,*35/*68+*4,*35/*68+*4,*4+*68/*35,*35/*4+*68,*4+*68/*35,concordant
cohort2_dragen,cohort2,DRAGEN,NA21102,NA20905,1,*1/*1,*1/*1,*1/*1,*1/*1,*1/*1,concordant
